2025-10-19 11:25:21,689 INFO mch.training: Training model for node: Neuroblastoma
2025-10-19 11:25:29,752 INFO mch.training: Training model for node: Vascular/lymphatic anomalies
2025-10-19 11:25:32,981 INFO mch.training: Training model for node: Haematological malignancy
2025-10-19 11:25:33,047 ERROR mch.training: Error training model for Haematological malignancy
Traceback (most recent call last):
  File "/app/src/mch/models/training.py", line 61, in train_all_models
    result = self._prepare_node_data(node)
             ^^^^^^^^^^^^^^^^^^^^^^^^^^^^^
  File "/app/src/mch/models/training.py", line 152, in _prepare_node_data
    design = design.with_columns([
             ^^^^^^^^^^^^^^^^^^^^^
  File "/opt/venv/lib/python3.12/site-packages/polars/dataframe/frame.py", line 8634, in with_columns
    return self.lazy().with_columns(*exprs, **named_exprs).collect(_eager=True)
           ^^^^^^^^^^^^^^^^^^^^^^^^^^^^^^^^^^^^^^^^^^^^^^^^^^^^^^^^^^^^^^^^^^^^
  File "/opt/venv/lib/python3.12/site-packages/polars/lazyframe/frame.py", line 1967, in collect
    return wrap_df(ldf.collect(callback))
                   ^^^^^^^^^^^^^^^^^^^^^
polars.exceptions.ColumnNotFoundError: Histiocytosis
2025-10-19 11:38:27,637 INFO mch.training: Training model for node: Neuroblastoma
2025-10-19 11:38:37,399 INFO mch.training: Training model for node: Vascular/lymphatic anomalies
2025-10-19 11:38:40,756 INFO mch.training: Training model for node: Haematological malignancy
2025-10-19 11:39:14,108 ERROR mch.training: Error training model for Haematological malignancy
Traceback (most recent call last):
  File "/app/src/mch/models/training.py", line 92, in train_all_models
    search.fit(X_train, y_train)
  File "/opt/venv/lib/python3.12/site-packages/sklearn/base.py", line 1466, in wrapper
    estimator._validate_params()
  File "/opt/venv/lib/python3.12/site-packages/sklearn/base.py", line 666, in _validate_params
    validate_parameter_constraints(
  File "/opt/venv/lib/python3.12/site-packages/sklearn/utils/_param_validation.py", line 95, in validate_parameter_constraints
    raise InvalidParameterError(
sklearn.utils._param_validation.InvalidParameterError: The 'param_grid' parameter of GridSearchCV must be an instance of 'dict' or an instance of 'list'. Got None instead.
2025-10-19 11:48:39,082 INFO mch.training: Training model for node: Neuroblastoma
2025-10-19 11:48:47,655 INFO mch.training: Training model for node: Vascular/lymphatic anomalies
2025-10-19 11:48:50,920 INFO mch.training: Training model for node: Haematological malignancy
2025-10-19 11:49:24,056 WARNING mch.training: parameter_grid is None/empty, fit pipeline without grid search
2025-10-19 11:50:49,091 ERROR mch.training: Error training model for Haematological malignancy
Traceback (most recent call last):
  File "/app/src/mch/models/training.py", line 85, in train_all_models
    pipeline.fit(X_train, y_train)
  File "/opt/venv/lib/python3.12/site-packages/sklearn/base.py", line 1473, in wrapper
    return fit_method(estimator, *args, **kwargs)
           ^^^^^^^^^^^^^^^^^^^^^^^^^^^^^^^^^^^^^^
  File "/opt/venv/lib/python3.12/site-packages/sklearn/pipeline.py", line 469, in fit
    Xt = self._fit(X, y, routed_params)
         ^^^^^^^^^^^^^^^^^^^^^^^^^^^^^^
  File "/opt/venv/lib/python3.12/site-packages/sklearn/pipeline.py", line 406, in _fit
    X, fitted_transformer = fit_transform_one_cached(
                            ^^^^^^^^^^^^^^^^^^^^^^^^^
  File "/opt/venv/lib/python3.12/site-packages/joblib/memory.py", line 312, in __call__
    return self.func(*args, **kwargs)
           ^^^^^^^^^^^^^^^^^^^^^^^^^^
  File "/opt/venv/lib/python3.12/site-packages/sklearn/pipeline.py", line 1310, in _fit_transform_one
    res = transformer.fit_transform(X, y, **params.get("fit_transform", {}))
          ^^^^^^^^^^^^^^^^^^^^^^^^^^^^^^^^^^^^^^^^^^^^^^^^^^^^^^^^^^^^^^^^^^
  File "/opt/venv/lib/python3.12/site-packages/sklearn/utils/_set_output.py", line 316, in wrapped
    data_to_wrap = f(self, X, *args, **kwargs)
                   ^^^^^^^^^^^^^^^^^^^^^^^^^^^
  File "/opt/venv/lib/python3.12/site-packages/sklearn/base.py", line 1101, in fit_transform
    return self.fit(X, y, **fit_params).transform(X)
           ^^^^^^^^^^^^^^^^^^^^^^^^^^^^
  File "/app/src/mch/models/differentialMethylationClassifier.py", line 48, in fit
    results = self.runDifferentialMethylation(X,condition)
              ^^^^^^^^^^^^^^^^^^^^^^^^^^^^^^^^^^^^^^^^^^^^
  File "/app/src/mch/models/differentialMethylationClassifier.py", line 93, in runDifferentialMethylation
    result = self.run_r_script(dataFilename, designFilename)
             ^^^^^^^^^^^^^^^^^^^^^^^^^^^^^^^^^^^^^^^^^^^^^^^
  File "/app/src/mch/models/differentialMethylationClassifier.py", line 105, in run_r_script
    r_environment.source(str(r_script_path))
    ^^^^^^^^^^^^^^^^^^^^
AttributeError: 'NoneType' object has no attribute 'source'
2025-10-19 12:10:30,768 INFO mch.training: Training model for node: Neuroblastoma
2025-10-19 12:10:38,672 INFO mch.training: Training model for node: Vascular/lymphatic anomalies
2025-10-19 12:10:41,531 INFO mch.training: Training model for node: Haematological malignancy
2025-10-19 12:11:14,707 WARNING mch.training: parameter_grid is None/empty, fit pipeline without grid search
2025-10-19 12:12:36,615 ERROR mch.training: Error training model for Haematological malignancy
Traceback (most recent call last):
  File "/app/src/mch/models/training.py", line 85, in train_all_models
    pipeline.fit(X_train, y_train)
  File "/opt/venv/lib/python3.12/site-packages/sklearn/base.py", line 1473, in wrapper
    return fit_method(estimator, *args, **kwargs)
           ^^^^^^^^^^^^^^^^^^^^^^^^^^^^^^^^^^^^^^
  File "/opt/venv/lib/python3.12/site-packages/sklearn/pipeline.py", line 469, in fit
    Xt = self._fit(X, y, routed_params)
         ^^^^^^^^^^^^^^^^^^^^^^^^^^^^^^
  File "/opt/venv/lib/python3.12/site-packages/sklearn/pipeline.py", line 406, in _fit
    X, fitted_transformer = fit_transform_one_cached(
                            ^^^^^^^^^^^^^^^^^^^^^^^^^
  File "/opt/venv/lib/python3.12/site-packages/joblib/memory.py", line 312, in __call__
    return self.func(*args, **kwargs)
           ^^^^^^^^^^^^^^^^^^^^^^^^^^
  File "/opt/venv/lib/python3.12/site-packages/sklearn/pipeline.py", line 1310, in _fit_transform_one
    res = transformer.fit_transform(X, y, **params.get("fit_transform", {}))
          ^^^^^^^^^^^^^^^^^^^^^^^^^^^^^^^^^^^^^^^^^^^^^^^^^^^^^^^^^^^^^^^^^^
  File "/opt/venv/lib/python3.12/site-packages/sklearn/utils/_set_output.py", line 316, in wrapped
    data_to_wrap = f(self, X, *args, **kwargs)
                   ^^^^^^^^^^^^^^^^^^^^^^^^^^^
  File "/opt/venv/lib/python3.12/site-packages/sklearn/base.py", line 1101, in fit_transform
    return self.fit(X, y, **fit_params).transform(X)
           ^^^^^^^^^^^^^^^^^^^^^^^^^^^^
  File "/app/src/mch/models/differentialMethylationClassifier.py", line 46, in fit
    results = self.runDifferentialMethylation(X,condition)
              ^^^^^^^^^^^^^^^^^^^^^^^^^^^^^^^^^^^^^^^^^^^^
  File "/app/src/mch/models/differentialMethylationClassifier.py", line 91, in runDifferentialMethylation
    result = self.run_r_script(dataFilename, designFilename)
             ^^^^^^^^^^^^^^^^^^^^^^^^^^^^^^^^^^^^^^^^^^^^^^^
  File "/app/src/mch/models/differentialMethylationClassifier.py", line 107, in run_r_script
    robjects.r["source"](str(r_script_path))
  File "/opt/venv/lib/python3.12/site-packages/rpy2/robjects/functions.py", line 208, in __call__
    return (super(SignatureTranslatedFunction, self)
            ^^^^^^^^^^^^^^^^^^^^^^^^^^^^^^^^^^^^^^^^
  File "/opt/venv/lib/python3.12/site-packages/rpy2/robjects/functions.py", line 131, in __call__
    res = super(Function, self).__call__(*new_args, **new_kwargs)
          ^^^^^^^^^^^^^^^^^^^^^^^^^^^^^^^^^^^^^^^^^^^^^^^^^^^^^^^
  File "/opt/venv/lib/python3.12/site-packages/rpy2/rinterface_lib/conversion.py", line 45, in _
    cdata = function(*args, **kwargs)
            ^^^^^^^^^^^^^^^^^^^^^^^^^
  File "/opt/venv/lib/python3.12/site-packages/rpy2/rinterface.py", line 869, in __call__
    raise embedded.RRuntimeError(_rinterface._geterrmessage())
rpy2.rinterface_lib.embedded.RRuntimeError: Error in library("limma", quiet = TRUE) : 
  there is no package called ‘limma’

2025-10-19 12:31:29,390 INFO mch.training: Training model for node: Neuroblastoma
2025-10-19 12:31:36,713 INFO mch.training: Training model for node: Vascular/lymphatic anomalies
2025-10-19 12:31:39,949 INFO mch.training: Training model for node: Haematological malignancy
2025-10-19 12:32:13,168 WARNING mch.training: parameter_grid is None/empty, fit pipeline without grid search
2025-10-19 12:47:57,014 INFO mch.training: Training model for node: Neuroblastoma
2025-10-19 12:48:04,938 INFO mch.training: Training model for node: Vascular/lymphatic anomalies
2025-10-19 12:48:07,731 INFO mch.training: Training model for node: Haematological malignancy
2025-10-19 12:48:41,237 WARNING mch.training: parameter_grid is None/empty, fit pipeline without grid search
2025-10-19 13:09:24,448 INFO mch.training: Training model for node: Neuroblastoma
2025-10-19 13:09:31,998 INFO mch.training: Training model for node: Vascular/lymphatic anomalies
2025-10-19 13:09:35,483 INFO mch.training: Training model for node: Haematological malignancy
2025-10-19 13:09:53,758 WARNING mch.training: parameter_grid is None/empty, fit pipeline without grid search
2025-10-19 13:18:20,844 INFO mch.training: Training model for node: Neuroblastoma
2025-10-19 13:18:27,733 INFO mch.training: Training model for node: Vascular/lymphatic anomalies
2025-10-19 13:18:30,790 INFO mch.training: Training model for node: Haematological malignancy
2025-10-19 13:18:48,736 WARNING mch.training: parameter_grid is None/empty, fit pipeline without grid search
2025-10-19 13:36:21,486 INFO mch.training: Training model for node: Haematological malignancy
2025-10-19 13:36:43,392 ERROR mch.training: Error training model for Haematological malignancy
Traceback (most recent call last):
  File "/app/src/mch/models/training.py", line 82, in train_all_models
    var = X_train[feat_cols].var(axis=0, skipna=True)
          ^^^^^^^^^^^^^^^^^^^^^^^^^^^^^^^^^^^^^^^^^^^
  File "/opt/venv/lib/python3.12/site-packages/pandas/core/frame.py", line 11734, in var
    result = super().var(axis, skipna, ddof, numeric_only, **kwargs)
             ^^^^^^^^^^^^^^^^^^^^^^^^^^^^^^^^^^^^^^^^^^^^^^^^^^^^^^^
  File "/opt/venv/lib/python3.12/site-packages/pandas/core/generic.py", line 12346, in var
    return self._stat_function_ddof(
           ^^^^^^^^^^^^^^^^^^^^^^^^^
  File "/opt/venv/lib/python3.12/site-packages/pandas/core/generic.py", line 12322, in _stat_function_ddof
    return self._reduce(
           ^^^^^^^^^^^^^
  File "/opt/venv/lib/python3.12/site-packages/pandas/core/frame.py", line 11562, in _reduce
    res = df._mgr.reduce(blk_func)
          ^^^^^^^^^^^^^^^^^^^^^^^^
  File "/opt/venv/lib/python3.12/site-packages/pandas/core/internals/managers.py", line 1500, in reduce
    nbs = blk.reduce(func)
          ^^^^^^^^^^^^^^^^
  File "/opt/venv/lib/python3.12/site-packages/pandas/core/internals/blocks.py", line 404, in reduce
    result = func(self.values)
             ^^^^^^^^^^^^^^^^^
  File "/opt/venv/lib/python3.12/site-packages/pandas/core/frame.py", line 11481, in blk_func
    return op(values, axis=axis, skipna=skipna, **kwds)
           ^^^^^^^^^^^^^^^^^^^^^^^^^^^^^^^^^^^^^^^^^^^^
  File "/opt/venv/lib/python3.12/site-packages/pandas/core/nanops.py", line 85, in _f
    return f(*args, **kwargs)
           ^^^^^^^^^^^^^^^^^^
  File "/opt/venv/lib/python3.12/site-packages/pandas/core/nanops.py", line 147, in f
    result = alt(values, axis=axis, skipna=skipna, **kwds)
             ^^^^^^^^^^^^^^^^^^^^^^^^^^^^^^^^^^^^^^^^^^^^^
  File "/opt/venv/lib/python3.12/site-packages/pandas/core/nanops.py", line 1016, in nanvar
    sqr = _ensure_numeric((avg - values) ** 2)
                           ~~~~^~~~~~~~
TypeError: unsupported operand type(s) for -: 'float' and 'str'
2025-10-19 13:53:35,906 INFO mch.training: Training model for node: Haematological malignancy
2025-10-19 14:15:39,810 INFO mch.training: Training model for node: Haematological malignancy
2025-10-19 14:15:45,942 ERROR mch.training: Error training model for Haematological malignancy
Traceback (most recent call last):
  File "/app/src/mch/models/training.py", line 72, in train_all_models
    topk = int(self.prefilter_topk)
               ^^^^^^^^^^^^^^^^^^^
AttributeError: 'BatchModelTrainer' object has no attribute 'prefilter_topk'
2025-10-19 14:27:36,995 INFO mch.training: Training model for node: Haematological malignancy
2025-10-19 14:43:58,261 INFO mch.training: Only training specified node: Haematological malignancy
2025-10-19 14:43:58,262 INFO mch.training: Training model for node: Haematological malignancy
2025-10-19 14:53:10,377 INFO mch.training: Only training specified node: Haematological malignancy
2025-10-19 14:53:10,377 INFO mch.training: Training model for node: Haematological malignancy
2025-10-19 15:07:09,905 INFO mch.training: Only training specified node: Haematological malignancy
2025-10-19 15:07:09,906 INFO mch.training: Training model for node: Haematological malignancy
2025-10-19 15:07:16,629 INFO mch.training: Prefilter start: input shape=(108,600118), candidates=600117, topk=50, scan_max=2000, chunk_size=500
2025-10-19 15:07:16,774 INFO mch.training: Prefilter progress: scanned 500/2000 columns
2025-10-19 15:07:16,929 INFO mch.training: Prefilter progress: scanned 1000/2000 columns
2025-10-19 15:07:17,055 INFO mch.training: Prefilter progress: scanned 1500/2000 columns
2025-10-19 15:07:17,192 INFO mch.training: Prefilter progress: scanned 2000/2000 columns
2025-10-19 15:07:17,357 INFO mch.training: Prefilter done: kept 50 features
2025-10-19 15:07:17,432 ERROR mch.training: Error training model for Haematological malignancy
Traceback (most recent call last):
  File "/app/src/mch/models/training.py", line 105, in train_all_models
    X_train, X_test, y_train, y_test = train_test_split(
                                       ^^^^^^^^^^^^^^^^^
  File "/opt/venv/lib/python3.12/site-packages/sklearn/utils/_param_validation.py", line 213, in wrapper
    return func(*args, **kwargs)
           ^^^^^^^^^^^^^^^^^^^^^
  File "/opt/venv/lib/python3.12/site-packages/sklearn/model_selection/_split.py", line 2806, in train_test_split
    train, test = next(cv.split(X=arrays[0], y=stratify))
                  ^^^^^^^^^^^^^^^^^^^^^^^^^^^^^^^^^^^^^^^
  File "/opt/venv/lib/python3.12/site-packages/sklearn/model_selection/_split.py", line 1843, in split
    for train, test in self._iter_indices(X, y, groups):
  File "/opt/venv/lib/python3.12/site-packages/sklearn/model_selection/_split.py", line 2252, in _iter_indices
    raise ValueError(
ValueError: The least populated class in y has only 1 member, which is too few. The minimum number of groups for any class cannot be less than 2.
2025-10-19 15:18:06,290 INFO mch.training: Only training specified node: Haematological malignancy
2025-10-19 15:18:06,291 INFO mch.training: Training model for node: Haematological malignancy
2025-10-19 15:18:15,004 INFO mch.training: Prefilter start: input shape=(108,600118), candidates=600117, topk=50, scan_max=2000, chunk_size=500
2025-10-19 15:18:15,203 INFO mch.training: Prefilter progress: scanned 500/2000 columns
2025-10-19 15:18:15,329 INFO mch.training: Prefilter progress: scanned 1000/2000 columns
2025-10-19 15:18:15,600 INFO mch.training: Prefilter progress: scanned 1500/2000 columns
2025-10-19 15:18:15,758 INFO mch.training: Prefilter progress: scanned 2000/2000 columns
2025-10-19 15:18:15,914 INFO mch.training: Prefilter done: kept 50 features
2025-10-19 15:18:15,957 WARNING mch.training: Drop rare classes (<2 samples): Histiocytosis
2025-10-19 15:18:15,969 INFO mch.training: Train/Test shapes: X_train=(85, 50), X_test=(22, 50)
2025-10-19 15:18:15,969 INFO mch.training: DM disabled
2025-10-19 15:18:15,970 INFO mch.training: Pipeline steps: ['modelGeneration']
2025-10-19 15:18:15,970 WARNING mch.training: parameter_grid is None/empty, fit pipeline without grid search
2025-10-19 15:18:16,022 INFO mch.training: Model trained for Haematological malignancy, not saved
2025-10-19 15:26:24,105 INFO mch.training: Only training specified node: Haematological malignancy
2025-10-19 15:26:24,106 INFO mch.training: Training model for node: Haematological malignancy
2025-10-19 15:26:31,647 INFO mch.training: Prefilter start: input shape=(108,600118), candidates=600117, topk=50, scan_max=3000, chunk_size=500
2025-10-19 15:26:31,875 INFO mch.training: Prefilter progress: scanned 500/3000 columns
2025-10-19 15:26:32,031 INFO mch.training: Prefilter progress: scanned 1000/3000 columns
2025-10-19 15:26:32,182 INFO mch.training: Prefilter progress: scanned 1500/3000 columns
2025-10-19 15:26:32,320 INFO mch.training: Prefilter progress: scanned 2000/3000 columns
2025-10-19 15:26:32,493 INFO mch.training: Prefilter progress: scanned 2500/3000 columns
2025-10-19 15:26:32,621 INFO mch.training: Prefilter progress: scanned 3000/3000 columns
2025-10-19 15:26:32,785 INFO mch.training: Prefilter done: kept 50 features
2025-10-19 15:26:33,135 WARNING mch.training: Drop rare classes (<2 samples): Histiocytosis
2025-10-19 15:26:33,222 INFO mch.training: Train/Test shapes: X_train=(85, 50), X_test=(22, 50)
2025-10-19 15:26:33,229 INFO mch.training: DM disabled
2025-10-19 15:26:33,233 INFO mch.training: Pipeline steps: ['modelGeneration']
2025-10-19 15:26:33,235 WARNING mch.training: parameter_grid is None/empty, fit pipeline without grid search
2025-10-19 15:26:33,380 INFO mch.training: Test accuracy: 0.8182, macro_f1: 0.3000, weighted_f1: 0.7773
2025-10-19 15:26:33,385 INFO mch.training: Model trained for Haematological malignancy, not saved2025-11-02 13:41:57,731 INFO mch.training: Training model for node: Neuroblastoma
2025-11-02 13:41:59,499 INFO mch.training: Training model for node: Vascular/lymphatic anomalies
2025-11-02 13:42:00,875 INFO mch.training: Training model for node: Haematological malignancy
2025-11-02 13:42:02,790 INFO mch.training: Training model for node: Sarcoma
2025-11-02 13:42:04,392 INFO mch.training: Training model for node: Solid tumour
2025-11-02 13:42:06,054 INFO mch.training: Training model for node: Central nervous system
2025-11-02 13:42:07,284 INFO mch.training: Training model for node: Overgrowth syndrome
2025-11-02 13:47:18,468 INFO mch.training: Training model for node: Neuroblastoma
2025-11-02 13:47:19,888 INFO mch.training: Training model for node: Vascular/lymphatic anomalies
2025-11-02 13:47:21,104 INFO mch.training: Training model for node: Haematological malignancy
2025-11-02 13:47:22,661 INFO mch.training: Training model for node: Sarcoma
2025-11-02 13:47:24,744 INFO mch.training: Training model for node: Solid tumour
2025-11-02 13:47:26,021 INFO mch.training: Training model for node: Central nervous system
2025-11-02 13:47:27,330 INFO mch.training: Training model for node: Overgrowth syndrome
2025-11-02 13:48:25,380 INFO mch.training: Training model for node: Neuroblastoma
2025-11-02 13:48:26,664 INFO mch.training: Training model for node: Vascular/lymphatic anomalies
2025-11-02 13:48:27,784 INFO mch.training: Training model for node: Haematological malignancy
2025-11-02 13:48:31,806 INFO mch.training: Training model for node: Sarcoma
2025-11-02 13:48:33,100 INFO mch.training: Training model for node: Solid tumour
2025-11-02 13:48:34,355 INFO mch.training: Training model for node: Central nervous system
2025-11-02 13:48:35,633 INFO mch.training: Training model for node: Overgrowth syndrome
2025-11-02 13:49:43,842 INFO mch.training: Training model for node: Neuroblastoma
2025-11-02 13:49:45,106 INFO mch.training: Training model for node: Vascular/lymphatic anomalies
2025-11-02 13:49:46,253 INFO mch.training: Training model for node: Haematological malignancy
2025-11-02 13:49:47,551 INFO mch.training: Training model for node: Sarcoma
2025-11-02 13:49:48,834 INFO mch.training: Training model for node: Solid tumour
2025-11-02 13:49:50,146 INFO mch.training: Training model for node: Central nervous system
2025-11-02 13:49:51,468 INFO mch.training: Training model for node: Overgrowth syndrome
2025-11-02 13:52:03,410 INFO mch.training: Training model for node: Neuroblastoma
2025-11-02 13:52:04,775 INFO mch.training: Training model for node: Vascular/lymphatic anomalies
2025-11-02 13:52:05,938 INFO mch.training: Training model for node: Haematological malignancy
2025-11-02 13:52:09,954 INFO mch.training: Training model for node: Sarcoma
2025-11-02 13:52:11,275 INFO mch.training: Training model for node: Solid tumour
2025-11-02 13:52:12,632 INFO mch.training: Training model for node: Central nervous system
2025-11-02 13:52:13,799 INFO mch.training: Training model for node: Overgrowth syndrome
2025-11-02 13:57:18,145 INFO mch.training: Training model for node: Neuroblastoma
2025-11-02 13:57:18,604 INFO mch.training: Training model for node: Vascular/lymphatic anomalies
2025-11-02 13:57:19,063 INFO mch.training: Training model for node: Haematological malignancy
2025-11-02 13:57:20,237 INFO mch.training: Training model for node: Sarcoma
2025-11-02 13:57:21,027 INFO mch.training: Training model for node: Solid tumour
2025-11-02 13:57:21,947 INFO mch.training: Training model for node: Central nervous system
2025-11-02 13:57:23,047 INFO mch.training: Training model for node: Overgrowth syndrome
2025-11-03 07:21:37,738 INFO mch.training: Training model for node: Neuroblastoma
2025-11-03 07:21:42,306 INFO mch.training: Training model for node: Vascular/lymphatic anomalies
2025-11-03 07:21:43,453 INFO mch.training: Training model for node: Haematological malignancy
2025-11-03 07:21:51,101 INFO mch.training: Training model for node: Sarcoma
2025-11-03 07:21:52,261 INFO mch.training: Training model for node: Solid tumour
2025-11-03 07:21:53,339 INFO mch.training: Training model for node: Central nervous system
2025-11-03 07:21:54,416 INFO mch.training: Training model for node: Overgrowth syndrome
2025-11-03 14:04:10,275 INFO mch.training: Training model for node: Neuroblastoma
2025-11-03 14:04:17,054 INFO mch.training: Training model for node: Vascular/lymphatic anomalies
2025-11-03 14:04:23,599 INFO mch.training: Training model for node: Haematological malignancy
2025-11-03 14:04:30,517 INFO mch.training: Training model for node: Sarcoma
2025-11-03 14:04:37,543 INFO mch.training: Training model for node: Solid tumour
2025-11-03 14:04:44,356 INFO mch.training: Training model for node: Central nervous system
2025-11-03 14:04:51,849 INFO mch.training: Training model for node: Overgrowth syndrome
2025-11-04 00:50:26,098 INFO mch.training: Training model for node: Neuroblastoma
2025-11-04 00:50:40,606 INFO mch.training: Training model for node: Vascular/lymphatic anomalies
2025-11-04 00:50:45,767 INFO mch.training: Training model for node: Haematological malignancy
2025-11-04 00:50:59,175 INFO mch.training: Prefilter start: input shape=(108,600118), candidates=600117, topk=0, scan_max=5000, chunk_size=1000
2025-11-04 00:50:59,177 INFO mch.training: Prefilter bypass: kept=600117
2025-11-04 00:51:26,558 WARNING mch.training: Drop rare classes (<2 samples): Histiocytosis
2025-11-04 00:51:27,395 INFO mch.training: Train/Test shapes: X_train=(85, 600117), X_test=(22, 600117)
2025-11-04 00:51:27,398 INFO mch.training: DM disabled
2025-11-04 00:51:27,399 INFO mch.training: Pipeline steps: ['modelGeneration']
2025-11-04 00:51:27,401 WARNING mch.training: parameter_grid is None/empty, fit pipeline without grid search
2025-11-04 00:56:13,080 ERROR mch.training: Error training model for Haematological malignancy
Traceback (most recent call last):
  File "/Workspace/9900-f18a-cake/working_branch/src/mch/models/training.py", line 162, in train_all_models
    pipeline.fit(X_train, y_train)
  File "/databricks/python/lib/python3.12/site-packages/mlflow/utils/autologging_utils/safety.py", line 592, in safe_patch_function
    patch_function(call_original, *args, **kwargs)
  File "/databricks/python/lib/python3.12/site-packages/mlflow/utils/autologging_utils/safety.py", line 259, in patch_with_managed_run
    result = patch_function(original, *args, **kwargs)
             ^^^^^^^^^^^^^^^^^^^^^^^^^^^^^^^^^^^^^^^^^
  File "/databricks/python/lib/python3.12/site-packages/mlflow/sklearn/__init__.py", line 1655, in patched_fit
    result = fit_impl(original, self, *args, **kwargs)
             ^^^^^^^^^^^^^^^^^^^^^^^^^^^^^^^^^^^^^^^^^
  File "/databricks/python/lib/python3.12/site-packages/mlflow/sklearn/__init__.py", line 1430, in fit_mlflow
    fit_output = original(self, *args, **kwargs)
                 ^^^^^^^^^^^^^^^^^^^^^^^^^^^^^^^
  File "/databricks/python/lib/python3.12/site-packages/mlflow/utils/autologging_utils/safety.py", line 573, in call_original
    return call_original_fn_with_event_logging(_original_fn, og_args, og_kwargs)
           ^^^^^^^^^^^^^^^^^^^^^^^^^^^^^^^^^^^^^^^^^^^^^^^^^^^^^^^^^^^^^^^^^^^^^
  File "/databricks/python/lib/python3.12/site-packages/mlflow/utils/autologging_utils/safety.py", line 508, in call_original_fn_with_event_logging
    original_fn_result = original_fn(*og_args, **og_kwargs)
                         ^^^^^^^^^^^^^^^^^^^^^^^^^^^^^^^^^^
  File "/databricks/python/lib/python3.12/site-packages/mlflow/utils/autologging_utils/safety.py", line 570, in _original_fn
    original_result = original(*_og_args, **_og_kwargs)
                      ^^^^^^^^^^^^^^^^^^^^^^^^^^^^^^^^^
  File "/databricks/python_shell/lib/dbruntime/MLWorkloadsInstrumentation/_sklearn.py", line 29, in patch_function
    original_result = original(self, *args, **kwargs)
                      ^^^^^^^^^^^^^^^^^^^^^^^^^^^^^^^
  File "/local_disk0/.ephemeral_nfs/cluster_libraries/python/lib/python3.12/site-packages/sklearn/base.py", line 1473, in wrapper
    return fit_method(estimator, *args, **kwargs)
           ^^^^^^^^^^^^^^^^^^^^^^^^^^^^^^^^^^^^^^
  File "/local_disk0/.ephemeral_nfs/cluster_libraries/python/lib/python3.12/site-packages/sklearn/pipeline.py", line 473, in fit
    self._final_estimator.fit(Xt, y, **last_step_params["fit"])
  File "/databricks/python/lib/python3.12/site-packages/mlflow/utils/autologging_utils/safety.py", line 592, in safe_patch_function
    patch_function(call_original, *args, **kwargs)
  File "/databricks/python/lib/python3.12/site-packages/mlflow/utils/autologging_utils/safety.py", line 259, in patch_with_managed_run
    result = patch_function(original, *args, **kwargs)
             ^^^^^^^^^^^^^^^^^^^^^^^^^^^^^^^^^^^^^^^^^
  File "/databricks/python/lib/python3.12/site-packages/mlflow/sklearn/__init__.py", line 1662, in patched_fit
    return original(self, *args, **kwargs)
           ^^^^^^^^^^^^^^^^^^^^^^^^^^^^^^^
  File "/databricks/python/lib/python3.12/site-packages/mlflow/utils/autologging_utils/safety.py", line 573, in call_original
    return call_original_fn_with_event_logging(_original_fn, og_args, og_kwargs)
           ^^^^^^^^^^^^^^^^^^^^^^^^^^^^^^^^^^^^^^^^^^^^^^^^^^^^^^^^^^^^^^^^^^^^^
  File "/databricks/python/lib/python3.12/site-packages/mlflow/utils/autologging_utils/safety.py", line 508, in call_original_fn_with_event_logging
    original_fn_result = original_fn(*og_args, **og_kwargs)
                         ^^^^^^^^^^^^^^^^^^^^^^^^^^^^^^^^^^
  File "/databricks/python/lib/python3.12/site-packages/mlflow/utils/autologging_utils/safety.py", line 570, in _original_fn
    original_result = original(*_og_args, **_og_kwargs)
                      ^^^^^^^^^^^^^^^^^^^^^^^^^^^^^^^^^
  File "/databricks/python_shell/lib/dbruntime/MLWorkloadsInstrumentation/_sklearn.py", line 29, in patch_function
    original_result = original(self, *args, **kwargs)
                      ^^^^^^^^^^^^^^^^^^^^^^^^^^^^^^^
  File "/local_disk0/.ephemeral_nfs/cluster_libraries/python/lib/python3.12/site-packages/sklearn/base.py", line 1473, in wrapper
    return fit_method(estimator, *args, **kwargs)
           ^^^^^^^^^^^^^^^^^^^^^^^^^^^^^^^^^^^^^^
  File "/local_disk0/.ephemeral_nfs/cluster_libraries/python/lib/python3.12/site-packages/sklearn/ensemble/_forest.py", line 377, in fit
    estimator._compute_missing_values_in_feature_mask(
  File "/local_disk0/.ephemeral_nfs/cluster_libraries/python/lib/python3.12/site-packages/sklearn/tree/_classes.py", line 222, in _compute_missing_values_in_feature_mask
    _assert_all_finite_element_wise(X, xp=np, allow_nan=True, **common_kwargs)
  File "/local_disk0/.ephemeral_nfs/cluster_libraries/python/lib/python3.12/site-packages/sklearn/utils/validation.py", line 172, in _assert_all_finite_element_wise
    raise ValueError(msg_err)
ValueError: Input X contains infinity or a value too large for dtype('float32').
2025-11-04 01:05:52,743 INFO mch.training: Training model for node: Neuroblastoma
2025-11-04 01:06:05,885 INFO mch.training: Training model for node: Vascular/lymphatic anomalies
2025-11-04 01:06:11,424 INFO mch.training: Training model for node: Haematological malignancy
2025-11-04 01:06:23,875 INFO mch.training: Prefilter start: input shape=(108,600118), candidates=600117, topk=0, scan_max=5000, chunk_size=1000
2025-11-04 01:06:23,890 INFO mch.training: Prefilter bypass: kept=600117
2025-11-04 01:06:51,768 WARNING mch.training: Drop rare classes (<2 samples): Histiocytosis
2025-11-04 01:06:52,337 INFO mch.training: Train/Test shapes: X_train=(85, 600117), X_test=(22, 600117)
2025-11-04 01:06:52,339 INFO mch.training: DM disabled
2025-11-04 01:06:52,341 ERROR mch.training: Error training model for Haematological malignancy
Traceback (most recent call last):
  File "/Workspace/9900-f18a-cake/working_branch/src/mch/models/training.py", line 158, in train_all_models
    ("replace_inf", FunctionTransformer(_replace_inf, validate=False)),
                    ^^^^^^^^^^^^^^^^^^^
NameError: name 'FunctionTransformer' is not defined
2025-11-04 01:11:43,903 INFO mch.training: Training model for node: Neuroblastoma
2025-11-04 01:11:57,553 INFO mch.training: Training model for node: Vascular/lymphatic anomalies
2025-11-04 01:12:03,092 INFO mch.training: Training model for node: Haematological malignancy
2025-11-04 01:12:16,658 INFO mch.training: Prefilter start: input shape=(108,600118), candidates=600117, topk=0, scan_max=5000, chunk_size=1000
2025-11-04 01:12:16,660 INFO mch.training: Prefilter bypass: kept=600117
2025-11-04 01:12:44,173 WARNING mch.training: Drop rare classes (<2 samples): Histiocytosis
2025-11-04 01:12:44,721 INFO mch.training: Train/Test shapes: X_train=(85, 600117), X_test=(22, 600117)
2025-11-04 01:12:44,723 INFO mch.training: DM disabled
2025-11-04 01:12:44,725 INFO mch.training: Pipeline steps: ['modelGeneration', 'differentialMethylation', 'replace_inf']
2025-11-04 01:12:44,726 WARNING mch.training: parameter_grid is None/empty, fit pipeline without grid search
2025-11-04 01:16:53,156 ERROR mch.training: Error training model for Haematological malignancy
Traceback (most recent call last):
  File "/Workspace/9900-f18a-cake/working_branch/src/mch/models/training.py", line 173, in train_all_models
    pipeline.fit(X_train, y_train)
  File "/databricks/python/lib/python3.12/site-packages/mlflow/utils/autologging_utils/safety.py", line 592, in safe_patch_function
    patch_function(call_original, *args, **kwargs)
  File "/databricks/python/lib/python3.12/site-packages/mlflow/utils/autologging_utils/safety.py", line 259, in patch_with_managed_run
    result = patch_function(original, *args, **kwargs)
             ^^^^^^^^^^^^^^^^^^^^^^^^^^^^^^^^^^^^^^^^^
  File "/databricks/python/lib/python3.12/site-packages/mlflow/sklearn/__init__.py", line 1655, in patched_fit
    result = fit_impl(original, self, *args, **kwargs)
             ^^^^^^^^^^^^^^^^^^^^^^^^^^^^^^^^^^^^^^^^^
  File "/databricks/python/lib/python3.12/site-packages/mlflow/sklearn/__init__.py", line 1430, in fit_mlflow
    fit_output = original(self, *args, **kwargs)
                 ^^^^^^^^^^^^^^^^^^^^^^^^^^^^^^^
  File "/databricks/python/lib/python3.12/site-packages/mlflow/utils/autologging_utils/safety.py", line 573, in call_original
    return call_original_fn_with_event_logging(_original_fn, og_args, og_kwargs)
           ^^^^^^^^^^^^^^^^^^^^^^^^^^^^^^^^^^^^^^^^^^^^^^^^^^^^^^^^^^^^^^^^^^^^^
  File "/databricks/python/lib/python3.12/site-packages/mlflow/utils/autologging_utils/safety.py", line 508, in call_original_fn_with_event_logging
    original_fn_result = original_fn(*og_args, **og_kwargs)
                         ^^^^^^^^^^^^^^^^^^^^^^^^^^^^^^^^^^
  File "/databricks/python/lib/python3.12/site-packages/mlflow/utils/autologging_utils/safety.py", line 570, in _original_fn
    original_result = original(*_og_args, **_og_kwargs)
                      ^^^^^^^^^^^^^^^^^^^^^^^^^^^^^^^^^
  File "/databricks/python_shell/lib/dbruntime/MLWorkloadsInstrumentation/_sklearn.py", line 29, in patch_function
    original_result = original(self, *args, **kwargs)
                      ^^^^^^^^^^^^^^^^^^^^^^^^^^^^^^^
  File "/local_disk0/.ephemeral_nfs/cluster_libraries/python/lib/python3.12/site-packages/sklearn/base.py", line 1473, in wrapper
    return fit_method(estimator, *args, **kwargs)
           ^^^^^^^^^^^^^^^^^^^^^^^^^^^^^^^^^^^^^^
  File "/local_disk0/.ephemeral_nfs/cluster_libraries/python/lib/python3.12/site-packages/sklearn/pipeline.py", line 469, in fit
    Xt = self._fit(X, y, routed_params)
         ^^^^^^^^^^^^^^^^^^^^^^^^^^^^^^
  File "/local_disk0/.ephemeral_nfs/cluster_libraries/python/lib/python3.12/site-packages/sklearn/pipeline.py", line 386, in _fit
    self._validate_steps()
  File "/local_disk0/.ephemeral_nfs/cluster_libraries/python/lib/python3.12/site-packages/sklearn/pipeline.py", line 256, in _validate_steps
    raise TypeError(
TypeError: All intermediate steps should be transformers and implement fit and transform or be the string 'passthrough' 'RandomForestClassifier(max_depth=10, n_estimators=50, n_jobs=1, random_state=42)' (type <class 'sklearn.ensemble._forest.RandomForestClassifier'>) doesn't
2025-11-04 01:23:10,283 INFO mch.training: Training model for node: Neuroblastoma
2025-11-04 01:23:25,092 INFO mch.training: Training model for node: Vascular/lymphatic anomalies
2025-11-04 01:23:30,811 INFO mch.training: Training model for node: Haematological malignancy
2025-11-04 01:23:44,189 INFO mch.training: Prefilter start: input shape=(108,600118), candidates=600117, topk=0, scan_max=5000, chunk_size=1000
2025-11-04 01:23:44,192 INFO mch.training: Prefilter bypass: kept=600117
2025-11-04 01:24:12,181 WARNING mch.training: Drop rare classes (<2 samples): Histiocytosis
2025-11-04 01:24:12,759 INFO mch.training: Train/Test shapes: X_train=(85, 600117), X_test=(22, 600117)
2025-11-04 01:24:12,761 INFO mch.training: DM enabled
2025-11-04 01:24:12,763 INFO mch.training: Pipeline steps: ['replace_inf', 'differentialMethylation', 'modelGeneration']
2025-11-04 01:24:12,764 WARNING mch.training: parameter_grid is None/empty, fit pipeline without grid search
2025-11-04 01:28:26,385 ERROR mch.training: Error training model for Haematological malignancy
Traceback (most recent call last):
  File "/Workspace/9900-f18a-cake/working_branch/src/mch/models/training.py", line 173, in train_all_models
    pipeline.fit(X_train, y_train)
  File "/databricks/python/lib/python3.12/site-packages/mlflow/utils/autologging_utils/safety.py", line 592, in safe_patch_function
    patch_function(call_original, *args, **kwargs)
  File "/databricks/python/lib/python3.12/site-packages/mlflow/utils/autologging_utils/safety.py", line 259, in patch_with_managed_run
    result = patch_function(original, *args, **kwargs)
             ^^^^^^^^^^^^^^^^^^^^^^^^^^^^^^^^^^^^^^^^^
  File "/databricks/python/lib/python3.12/site-packages/mlflow/sklearn/__init__.py", line 1655, in patched_fit
    result = fit_impl(original, self, *args, **kwargs)
             ^^^^^^^^^^^^^^^^^^^^^^^^^^^^^^^^^^^^^^^^^
  File "/databricks/python/lib/python3.12/site-packages/mlflow/sklearn/__init__.py", line 1430, in fit_mlflow
    fit_output = original(self, *args, **kwargs)
                 ^^^^^^^^^^^^^^^^^^^^^^^^^^^^^^^
  File "/databricks/python/lib/python3.12/site-packages/mlflow/utils/autologging_utils/safety.py", line 573, in call_original
    return call_original_fn_with_event_logging(_original_fn, og_args, og_kwargs)
           ^^^^^^^^^^^^^^^^^^^^^^^^^^^^^^^^^^^^^^^^^^^^^^^^^^^^^^^^^^^^^^^^^^^^^
  File "/databricks/python/lib/python3.12/site-packages/mlflow/utils/autologging_utils/safety.py", line 508, in call_original_fn_with_event_logging
    original_fn_result = original_fn(*og_args, **og_kwargs)
                         ^^^^^^^^^^^^^^^^^^^^^^^^^^^^^^^^^^
  File "/databricks/python/lib/python3.12/site-packages/mlflow/utils/autologging_utils/safety.py", line 570, in _original_fn
    original_result = original(*_og_args, **_og_kwargs)
                      ^^^^^^^^^^^^^^^^^^^^^^^^^^^^^^^^^
  File "/databricks/python_shell/lib/dbruntime/MLWorkloadsInstrumentation/_sklearn.py", line 29, in patch_function
    original_result = original(self, *args, **kwargs)
                      ^^^^^^^^^^^^^^^^^^^^^^^^^^^^^^^
  File "/local_disk0/.ephemeral_nfs/cluster_libraries/python/lib/python3.12/site-packages/sklearn/base.py", line 1473, in wrapper
    return fit_method(estimator, *args, **kwargs)
           ^^^^^^^^^^^^^^^^^^^^^^^^^^^^^^^^^^^^^^
  File "/local_disk0/.ephemeral_nfs/cluster_libraries/python/lib/python3.12/site-packages/sklearn/pipeline.py", line 469, in fit
    Xt = self._fit(X, y, routed_params)
         ^^^^^^^^^^^^^^^^^^^^^^^^^^^^^^
  File "/local_disk0/.ephemeral_nfs/cluster_libraries/python/lib/python3.12/site-packages/sklearn/pipeline.py", line 406, in _fit
    X, fitted_transformer = fit_transform_one_cached(
                            ^^^^^^^^^^^^^^^^^^^^^^^^^
  File "/databricks/python/lib/python3.12/site-packages/joblib/memory.py", line 312, in __call__
    return self.func(*args, **kwargs)
           ^^^^^^^^^^^^^^^^^^^^^^^^^^
  File "/local_disk0/.ephemeral_nfs/cluster_libraries/python/lib/python3.12/site-packages/sklearn/pipeline.py", line 1310, in _fit_transform_one
    res = transformer.fit_transform(X, y, **params.get("fit_transform", {}))
          ^^^^^^^^^^^^^^^^^^^^^^^^^^^^^^^^^^^^^^^^^^^^^^^^^^^^^^^^^^^^^^^^^^
  File "/local_disk0/.ephemeral_nfs/cluster_libraries/python/lib/python3.12/site-packages/sklearn/utils/_set_output.py", line 316, in wrapped
    data_to_wrap = f(self, X, *args, **kwargs)
                   ^^^^^^^^^^^^^^^^^^^^^^^^^^^
  File "/local_disk0/.ephemeral_nfs/cluster_libraries/python/lib/python3.12/site-packages/sklearn/base.py", line 1101, in fit_transform
    return self.fit(X, y, **fit_params).transform(X)
           ^^^^^^^^^^^^^^^^^^^^^^^^^^^^^^^^^^^^^^^^^
  File "/local_disk0/.ephemeral_nfs/cluster_libraries/python/lib/python3.12/site-packages/sklearn/utils/_set_output.py", line 316, in wrapped
    data_to_wrap = f(self, X, *args, **kwargs)
                   ^^^^^^^^^^^^^^^^^^^^^^^^^^^
  File "/local_disk0/.ephemeral_nfs/cluster_libraries/python/lib/python3.12/site-packages/sklearn/preprocessing/_function_transformer.py", line 252, in transform
    out = self._transform(X, func=self.func, kw_args=self.kw_args)
          ^^^^^^^^^^^^^^^^^^^^^^^^^^^^^^^^^^^^^^^^^^^^^^^^^^^^^^^^
  File "/local_disk0/.ephemeral_nfs/cluster_libraries/python/lib/python3.12/site-packages/sklearn/preprocessing/_function_transformer.py", line 379, in _transform
    return func(X, **(kw_args if kw_args else {}))
           ^^^^^^^^^^^^^^^^^^^^^^^^^^^^^^^^^^^^^^^
  File "/Workspace/9900-f18a-cake/working_branch/src/mch/models/training.py", line 29, in _replace_inf
    X = np.asarray(X, dtype=np.float64)
        ^^
NameError: name 'np' is not defined
2025-11-04 01:41:22,902 INFO mch.training: Only training specified node: Haematological malignancy
2025-11-04 01:41:22,904 INFO mch.training: Training model for node: Haematological malignancy
2025-11-04 01:41:36,054 INFO mch.training: Prefilter start: input shape=(108,600118), candidates=600117, topk=0, scan_max=5000, chunk_size=1000
2025-11-04 01:41:36,069 INFO mch.training: Prefilter bypass: kept=600117
2025-11-04 01:42:02,901 WARNING mch.training: Drop rare classes (<2 samples): Histiocytosis
2025-11-04 01:42:03,532 INFO mch.training: Train/Test shapes: X_train=(85, 600117), X_test=(22, 600117)
2025-11-04 01:42:03,534 INFO mch.training: DM enabled
2025-11-04 01:42:03,536 INFO mch.training: Pipeline steps: ['replace_inf', 'differentialMethylation', 'modelGeneration']
2025-11-04 01:42:03,537 WARNING mch.training: parameter_grid is None/empty, fit pipeline without grid search
2025-11-04 01:47:06,897 ERROR mch.training: Error training model for Haematological malignancy
Traceback (most recent call last):
  File "/Workspace/9900-f18a-cake/working_branch/src/mch/models/training.py", line 174, in train_all_models
    pipeline.fit(X_train, y_train)
  File "/databricks/python/lib/python3.12/site-packages/mlflow/utils/autologging_utils/safety.py", line 592, in safe_patch_function
    patch_function(call_original, *args, **kwargs)
  File "/databricks/python/lib/python3.12/site-packages/mlflow/utils/autologging_utils/safety.py", line 259, in patch_with_managed_run
    result = patch_function(original, *args, **kwargs)
             ^^^^^^^^^^^^^^^^^^^^^^^^^^^^^^^^^^^^^^^^^
  File "/databricks/python/lib/python3.12/site-packages/mlflow/sklearn/__init__.py", line 1655, in patched_fit
    result = fit_impl(original, self, *args, **kwargs)
             ^^^^^^^^^^^^^^^^^^^^^^^^^^^^^^^^^^^^^^^^^
  File "/databricks/python/lib/python3.12/site-packages/mlflow/sklearn/__init__.py", line 1430, in fit_mlflow
    fit_output = original(self, *args, **kwargs)
                 ^^^^^^^^^^^^^^^^^^^^^^^^^^^^^^^
  File "/databricks/python/lib/python3.12/site-packages/mlflow/utils/autologging_utils/safety.py", line 573, in call_original
    return call_original_fn_with_event_logging(_original_fn, og_args, og_kwargs)
           ^^^^^^^^^^^^^^^^^^^^^^^^^^^^^^^^^^^^^^^^^^^^^^^^^^^^^^^^^^^^^^^^^^^^^
  File "/databricks/python/lib/python3.12/site-packages/mlflow/utils/autologging_utils/safety.py", line 508, in call_original_fn_with_event_logging
    original_fn_result = original_fn(*og_args, **og_kwargs)
                         ^^^^^^^^^^^^^^^^^^^^^^^^^^^^^^^^^^
  File "/databricks/python/lib/python3.12/site-packages/mlflow/utils/autologging_utils/safety.py", line 570, in _original_fn
    original_result = original(*_og_args, **_og_kwargs)
                      ^^^^^^^^^^^^^^^^^^^^^^^^^^^^^^^^^
  File "/databricks/python_shell/lib/dbruntime/MLWorkloadsInstrumentation/_sklearn.py", line 29, in patch_function
    original_result = original(self, *args, **kwargs)
                      ^^^^^^^^^^^^^^^^^^^^^^^^^^^^^^^
  File "/local_disk0/.ephemeral_nfs/cluster_libraries/python/lib/python3.12/site-packages/sklearn/base.py", line 1473, in wrapper
    return fit_method(estimator, *args, **kwargs)
           ^^^^^^^^^^^^^^^^^^^^^^^^^^^^^^^^^^^^^^
  File "/local_disk0/.ephemeral_nfs/cluster_libraries/python/lib/python3.12/site-packages/sklearn/pipeline.py", line 469, in fit
    Xt = self._fit(X, y, routed_params)
         ^^^^^^^^^^^^^^^^^^^^^^^^^^^^^^
  File "/local_disk0/.ephemeral_nfs/cluster_libraries/python/lib/python3.12/site-packages/sklearn/pipeline.py", line 406, in _fit
    X, fitted_transformer = fit_transform_one_cached(
                            ^^^^^^^^^^^^^^^^^^^^^^^^^
  File "/databricks/python/lib/python3.12/site-packages/joblib/memory.py", line 312, in __call__
    return self.func(*args, **kwargs)
           ^^^^^^^^^^^^^^^^^^^^^^^^^^
  File "/local_disk0/.ephemeral_nfs/cluster_libraries/python/lib/python3.12/site-packages/sklearn/pipeline.py", line 1310, in _fit_transform_one
    res = transformer.fit_transform(X, y, **params.get("fit_transform", {}))
          ^^^^^^^^^^^^^^^^^^^^^^^^^^^^^^^^^^^^^^^^^^^^^^^^^^^^^^^^^^^^^^^^^^
  File "/local_disk0/.ephemeral_nfs/cluster_libraries/python/lib/python3.12/site-packages/sklearn/utils/_set_output.py", line 316, in wrapped
    data_to_wrap = f(self, X, *args, **kwargs)
                   ^^^^^^^^^^^^^^^^^^^^^^^^^^^
  File "/local_disk0/.ephemeral_nfs/cluster_libraries/python/lib/python3.12/site-packages/sklearn/base.py", line 1101, in fit_transform
    return self.fit(X, y, **fit_params).transform(X)
           ^^^^^^^^^^^^^^^^^^^^^^^^^^^^
  File "/Workspace/9900-f18a-cake/working_branch/src/mch/models/differentialMethylationClassifier.py", line 46, in fit
    results = self.runDifferentialMethylation(X,condition)
              ^^^^^^^^^^^^^^^^^^^^^^^^^^^^^^^^^^^^^^^^^^^^
  File "/Workspace/9900-f18a-cake/working_branch/src/mch/models/differentialMethylationClassifier.py", line 72, in runDifferentialMethylation
    X = X.apply(pd.to_numeric, errors='coerce')
        ^^^^^^^
AttributeError: 'numpy.ndarray' object has no attribute 'apply'
2025-11-04 01:50:58,026 INFO mch.training: Only training specified node: Haematological malignancy
2025-11-04 01:50:58,028 INFO mch.training: Training model for node: Haematological malignancy
2025-11-04 01:51:12,966 INFO mch.training: Prefilter start: input shape=(108,600118), candidates=600117, topk=200, scan_max=5000, chunk_size=1000
2025-11-04 01:51:13,451 INFO mch.training: Prefilter progress: scanned 1000/5000 columns
2025-11-04 01:51:13,907 INFO mch.training: Prefilter progress: scanned 2000/5000 columns
2025-11-04 01:51:14,349 INFO mch.training: Prefilter progress: scanned 3000/5000 columns
2025-11-04 01:51:14,809 INFO mch.training: Prefilter progress: scanned 4000/5000 columns
2025-11-04 01:51:15,241 INFO mch.training: Prefilter progress: scanned 5000/5000 columns
2025-11-04 01:51:15,776 INFO mch.training: Prefilter done: kept 200 features
2025-11-04 01:51:15,801 WARNING mch.training: Drop rare classes (<2 samples): Histiocytosis
2025-11-04 01:51:15,810 INFO mch.training: Train/Test shapes: X_train=(85, 200), X_test=(22, 200)
2025-11-04 01:51:15,811 INFO mch.training: DM disabled
2025-11-04 01:51:15,813 INFO mch.training: Pipeline steps: ['modelGeneration']
2025-11-04 01:51:15,814 WARNING mch.training: parameter_grid is None/empty, fit pipeline without grid search
2025-11-04 07:52:28,047 INFO mch.training: Training model for node: Neuroblastoma
2025-11-04 07:52:40,427 INFO mch.training: Training model for node: Vascular/lymphatic anomalies
2025-11-04 07:52:44,372 INFO mch.training: Training model for node: Haematological malignancy
2025-11-04 07:52:55,681 INFO mch.training: Prefilter start: input shape=(108,600118), candidates=600117, topk=200, scan_max=5000, chunk_size=1000
2025-11-04 07:52:56,040 INFO mch.training: Prefilter progress: scanned 1000/5000 columns
2025-11-04 07:52:56,374 INFO mch.training: Prefilter progress: scanned 2000/5000 columns
2025-11-04 07:52:56,720 INFO mch.training: Prefilter progress: scanned 3000/5000 columns
2025-11-04 07:52:57,066 INFO mch.training: Prefilter progress: scanned 4000/5000 columns
2025-11-04 07:52:57,406 INFO mch.training: Prefilter progress: scanned 5000/5000 columns
2025-11-04 07:52:57,815 INFO mch.training: Prefilter done: kept 200 features
2025-11-04 07:52:57,831 WARNING mch.training: Drop rare classes (<2 samples): Histiocytosis
2025-11-04 07:52:57,837 INFO mch.training: Train/Test shapes: X_train=(85, 200), X_test=(22, 200)
2025-11-04 07:52:57,838 INFO mch.training: DM disabled
2025-11-04 07:52:57,840 INFO mch.training: Pipeline steps: ['modelGeneration']
2025-11-04 07:52:57,841 WARNING mch.training: parameter_grid is None/empty, fit pipeline without grid search
2025-11-04 07:53:07,930 INFO mch.training: Test accuracy: 0.8636, macro_f1: 0.3089, weighted_f1: 0.8004
2025-11-04 07:53:07,937 INFO mch.training: Model trained for Haematological malignancy, not saved
2025-11-04 07:53:07,938 INFO mch.training: Training model for node: Sarcoma
2025-11-04 07:53:21,387 INFO mch.training: Prefilter start: input shape=(80,600118), candidates=600117, topk=200, scan_max=5000, chunk_size=1000
2025-11-04 07:53:21,768 INFO mch.training: Prefilter progress: scanned 1000/5000 columns
2025-11-04 07:53:22,118 INFO mch.training: Prefilter progress: scanned 2000/5000 columns
2025-11-04 07:53:22,468 INFO mch.training: Prefilter progress: scanned 3000/5000 columns
2025-11-04 07:53:22,827 INFO mch.training: Prefilter progress: scanned 4000/5000 columns
2025-11-04 07:53:23,200 INFO mch.training: Prefilter progress: scanned 5000/5000 columns
2025-11-04 07:53:23,633 INFO mch.training: Prefilter done: kept 200 features
2025-11-04 07:53:23,656 WARNING mch.training: Drop rare classes (<2 samples): Liver tumour, Sarcoma
2025-11-04 07:53:23,661 INFO mch.training: Train/Test shapes: X_train=(63, 200), X_test=(16, 200)
2025-11-04 07:53:23,661 INFO mch.training: DM disabled
2025-11-04 07:53:23,663 INFO mch.training: Pipeline steps: ['modelGeneration']
2025-11-04 07:53:23,664 WARNING mch.training: parameter_grid is None/empty, fit pipeline without grid search
2025-11-04 07:53:33,568 INFO mch.training: Test accuracy: 0.2500, macro_f1: 0.1987, weighted_f1: 0.2412
2025-11-04 07:53:33,574 INFO mch.training: Model trained for Sarcoma, not saved
2025-11-04 07:53:33,575 INFO mch.training: Training model for node: Solid tumour
2025-11-04 07:53:47,228 INFO mch.training: Prefilter start: input shape=(48,600118), candidates=600117, topk=200, scan_max=5000, chunk_size=1000
2025-11-04 07:53:47,665 INFO mch.training: Prefilter progress: scanned 1000/5000 columns
2025-11-04 07:53:48,069 INFO mch.training: Prefilter progress: scanned 2000/5000 columns
2025-11-04 07:53:48,552 INFO mch.training: Prefilter progress: scanned 3000/5000 columns
2025-11-04 07:53:48,963 INFO mch.training: Prefilter progress: scanned 4000/5000 columns
2025-11-04 07:53:49,380 INFO mch.training: Prefilter progress: scanned 5000/5000 columns
2025-11-04 07:53:49,848 INFO mch.training: Prefilter done: kept 200 features
2025-11-04 07:53:49,867 INFO mch.training: Train/Test shapes: X_train=(38, 200), X_test=(10, 200)
2025-11-04 07:53:49,868 INFO mch.training: DM disabled
2025-11-04 07:53:49,869 INFO mch.training: Pipeline steps: ['modelGeneration']
2025-11-04 07:53:49,871 WARNING mch.training: parameter_grid is None/empty, fit pipeline without grid search
2025-11-04 07:53:59,879 INFO mch.training: Test accuracy: 0.3000, macro_f1: 0.1429, weighted_f1: 0.2286
2025-11-04 07:53:59,885 INFO mch.training: Model trained for Solid tumour, not saved
2025-11-04 07:53:59,886 INFO mch.training: Training model for node: Central nervous system
2025-11-04 07:54:14,270 INFO mch.training: Prefilter start: input shape=(129,600118), candidates=600117, topk=200, scan_max=5000, chunk_size=1000
2025-11-04 07:54:14,713 INFO mch.training: Prefilter progress: scanned 1000/5000 columns
2025-11-04 07:54:15,156 INFO mch.training: Prefilter progress: scanned 2000/5000 columns
2025-11-04 07:54:15,641 INFO mch.training: Prefilter progress: scanned 3000/5000 columns
2025-11-04 07:54:16,087 INFO mch.training: Prefilter progress: scanned 4000/5000 columns
2025-11-04 07:54:16,555 INFO mch.training: Prefilter progress: scanned 5000/5000 columns
2025-11-04 07:54:17,061 INFO mch.training: Prefilter done: kept 200 features
2025-11-04 07:54:17,113 WARNING mch.training: Drop rare classes (<2 samples): Germ cell tumour, CNS, Peripheral nerve sheath tumour, CNS
2025-11-04 07:54:17,119 INFO mch.training: Train/Test shapes: X_train=(101, 200), X_test=(26, 200)
2025-11-04 07:54:17,121 INFO mch.training: DM disabled
2025-11-04 07:54:17,122 INFO mch.training: Pipeline steps: ['modelGeneration']
2025-11-04 07:54:17,124 WARNING mch.training: parameter_grid is None/empty, fit pipeline without grid search
2025-11-04 07:54:31,965 INFO mch.training: Test accuracy: 0.1538, macro_f1: 0.0522, weighted_f1: 0.1146
2025-11-04 07:54:31,971 INFO mch.training: Model trained for Central nervous system, not saved
2025-11-04 07:54:31,972 INFO mch.training: Training model for node: Overgrowth syndrome
2025-11-04 09:23:30,618 INFO mch.training: Training model for node: Neuroblastoma
2025-11-04 09:23:40,918 INFO mch.training: Training model for node: Vascular/lymphatic anomalies
2025-11-04 09:23:44,368 INFO mch.training: Training model for node: Haematological malignancy
2025-11-04 09:23:53,866 INFO mch.training: Prefilter start: input shape=(108,600118), candidates=600117, topk=0, scan_max=5000, chunk_size=1000
2025-11-04 09:23:53,878 INFO mch.training: Prefilter bypass: kept=600117
2025-11-04 09:24:14,446 WARNING mch.training: Drop rare classes (<2 samples): Histiocytosis
2025-11-04 09:24:14,954 INFO mch.training: Train/Test shapes: X_train=(85, 600117), X_test=(22, 600117)
2025-11-04 09:24:14,955 INFO mch.training: DM enabled
2025-11-04 09:24:14,956 INFO mch.training: Pipeline steps: ['replace_inf', 'differentialMethylation', 'modelGeneration']
2025-11-04 09:24:14,958 WARNING mch.training: parameter_grid is None/empty, fit pipeline without grid search
2025-11-04 09:24:16,082 ERROR mch.training: Error training model for Haematological malignancy
Traceback (most recent call last):
  File "/Workspace/9900-f18a-cake/working_branch/src/mch/models/training.py", line 174, in train_all_models
    pipeline.fit(X_train, y_train)
  File "/databricks/python/lib/python3.12/site-packages/mlflow/utils/autologging_utils/safety.py", line 472, in safe_patch_function
    return original(*args, **kwargs)
           ^^^^^^^^^^^^^^^^^^^^^^^^^
  File "/databricks/python_shell/lib/dbruntime/MLWorkloadsInstrumentation/_sklearn.py", line 29, in patch_function
    original_result = original(self, *args, **kwargs)
                      ^^^^^^^^^^^^^^^^^^^^^^^^^^^^^^^
  File "/local_disk0/.ephemeral_nfs/cluster_libraries/python/lib/python3.12/site-packages/sklearn/base.py", line 1473, in wrapper
    return fit_method(estimator, *args, **kwargs)
           ^^^^^^^^^^^^^^^^^^^^^^^^^^^^^^^^^^^^^^
  File "/local_disk0/.ephemeral_nfs/cluster_libraries/python/lib/python3.12/site-packages/sklearn/pipeline.py", line 469, in fit
    Xt = self._fit(X, y, routed_params)
         ^^^^^^^^^^^^^^^^^^^^^^^^^^^^^^
  File "/local_disk0/.ephemeral_nfs/cluster_libraries/python/lib/python3.12/site-packages/sklearn/pipeline.py", line 406, in _fit
    X, fitted_transformer = fit_transform_one_cached(
                            ^^^^^^^^^^^^^^^^^^^^^^^^^
  File "/databricks/python/lib/python3.12/site-packages/joblib/memory.py", line 312, in __call__
    return self.func(*args, **kwargs)
           ^^^^^^^^^^^^^^^^^^^^^^^^^^
  File "/local_disk0/.ephemeral_nfs/cluster_libraries/python/lib/python3.12/site-packages/sklearn/pipeline.py", line 1310, in _fit_transform_one
    res = transformer.fit_transform(X, y, **params.get("fit_transform", {}))
          ^^^^^^^^^^^^^^^^^^^^^^^^^^^^^^^^^^^^^^^^^^^^^^^^^^^^^^^^^^^^^^^^^^
  File "/local_disk0/.ephemeral_nfs/cluster_libraries/python/lib/python3.12/site-packages/sklearn/utils/_set_output.py", line 316, in wrapped
    data_to_wrap = f(self, X, *args, **kwargs)
                   ^^^^^^^^^^^^^^^^^^^^^^^^^^^
  File "/local_disk0/.ephemeral_nfs/cluster_libraries/python/lib/python3.12/site-packages/sklearn/base.py", line 1101, in fit_transform
    return self.fit(X, y, **fit_params).transform(X)
           ^^^^^^^^^^^^^^^^^^^^^^^^^^^^
  File "/Workspace/9900-f18a-cake/working_branch/src/mch/models/differentialMethylationClassifier.py", line 46, in fit
    results = self.runDifferentialMethylation(X,condition)
              ^^^^^^^^^^^^^^^^^^^^^^^^^^^^^^^^^^^^^^^^^^^^
  File "/Workspace/9900-f18a-cake/working_branch/src/mch/models/differentialMethylationClassifier.py", line 72, in runDifferentialMethylation
    X = X.apply(pd.to_numeric, errors='coerce')
        ^^^^^^^
AttributeError: 'numpy.ndarray' object has no attribute 'apply'
2025-11-04 09:26:02,263 INFO mch.training: Training model for node: Neuroblastoma
2025-11-04 09:26:12,674 INFO mch.training: Training model for node: Vascular/lymphatic anomalies
2025-11-04 09:26:15,744 INFO mch.training: Training model for node: Haematological malignancy
2025-11-04 09:26:25,463 INFO mch.training: Prefilter start: input shape=(108,600118), candidates=600117, topk=0, scan_max=5000, chunk_size=1000
2025-11-04 09:26:25,475 INFO mch.training: Prefilter bypass: kept=600117
2025-11-04 09:26:46,053 WARNING mch.training: Drop rare classes (<2 samples): Histiocytosis
2025-11-04 09:26:46,496 INFO mch.training: Train/Test shapes: X_train=(85, 600117), X_test=(22, 600117)
2025-11-04 09:26:46,502 INFO mch.training: DM enabled
2025-11-04 09:26:46,504 INFO mch.training: Pipeline steps: ['replace_inf', 'differentialMethylation', 'modelGeneration']
2025-11-04 09:26:46,505 WARNING mch.training: parameter_grid is None/empty, fit pipeline without grid search
2025-11-04 09:26:47,678 ERROR mch.training: Error training model for Haematological malignancy
Traceback (most recent call last):
  File "/Workspace/9900-f18a-cake/working_branch/src/mch/models/training.py", line 174, in train_all_models
    pipeline.fit(X_train, y_train)
  File "/databricks/python/lib/python3.12/site-packages/mlflow/utils/autologging_utils/safety.py", line 472, in safe_patch_function
    return original(*args, **kwargs)
           ^^^^^^^^^^^^^^^^^^^^^^^^^
  File "/databricks/python_shell/lib/dbruntime/MLWorkloadsInstrumentation/_sklearn.py", line 29, in patch_function
    original_result = original(self, *args, **kwargs)
                      ^^^^^^^^^^^^^^^^^^^^^^^^^^^^^^^
  File "/local_disk0/.ephemeral_nfs/cluster_libraries/python/lib/python3.12/site-packages/sklearn/base.py", line 1473, in wrapper
    return fit_method(estimator, *args, **kwargs)
           ^^^^^^^^^^^^^^^^^^^^^^^^^^^^^^^^^^^^^^
  File "/local_disk0/.ephemeral_nfs/cluster_libraries/python/lib/python3.12/site-packages/sklearn/pipeline.py", line 469, in fit
    Xt = self._fit(X, y, routed_params)
         ^^^^^^^^^^^^^^^^^^^^^^^^^^^^^^
  File "/local_disk0/.ephemeral_nfs/cluster_libraries/python/lib/python3.12/site-packages/sklearn/pipeline.py", line 406, in _fit
    X, fitted_transformer = fit_transform_one_cached(
                            ^^^^^^^^^^^^^^^^^^^^^^^^^
  File "/databricks/python/lib/python3.12/site-packages/joblib/memory.py", line 312, in __call__
    return self.func(*args, **kwargs)
           ^^^^^^^^^^^^^^^^^^^^^^^^^^
  File "/local_disk0/.ephemeral_nfs/cluster_libraries/python/lib/python3.12/site-packages/sklearn/pipeline.py", line 1310, in _fit_transform_one
    res = transformer.fit_transform(X, y, **params.get("fit_transform", {}))
          ^^^^^^^^^^^^^^^^^^^^^^^^^^^^^^^^^^^^^^^^^^^^^^^^^^^^^^^^^^^^^^^^^^
  File "/local_disk0/.ephemeral_nfs/cluster_libraries/python/lib/python3.12/site-packages/sklearn/utils/_set_output.py", line 316, in wrapped
    data_to_wrap = f(self, X, *args, **kwargs)
                   ^^^^^^^^^^^^^^^^^^^^^^^^^^^
  File "/local_disk0/.ephemeral_nfs/cluster_libraries/python/lib/python3.12/site-packages/sklearn/base.py", line 1101, in fit_transform
    return self.fit(X, y, **fit_params).transform(X)
           ^^^^^^^^^^^^^^^^^^^^^^^^^^^^
  File "/Workspace/9900-f18a-cake/working_branch/src/mch/models/differentialMethylationClassifier.py", line 46, in fit
    results = self.runDifferentialMethylation(X,condition)
              ^^^^^^^^^^^^^^^^^^^^^^^^^^^^^^^^^^^^^^^^^^^^
  File "/Workspace/9900-f18a-cake/working_branch/src/mch/models/differentialMethylationClassifier.py", line 72, in runDifferentialMethylation
    X = X.apply(pd.to_numeric, errors='coerce')
        ^^^^^^^
AttributeError: 'numpy.ndarray' object has no attribute 'apply'
2025-11-04 09:43:04,530 INFO mch.training: Training model for node: Neuroblastoma
2025-11-04 09:43:15,226 INFO mch.training: Training model for node: Vascular/lymphatic anomalies
2025-11-04 09:43:18,215 INFO mch.training: Training model for node: Haematological malignancy
2025-11-04 09:43:27,676 INFO mch.training: Prefilter start: input shape=(108,600118), candidates=600117, topk=0, scan_max=5000, chunk_size=1000
2025-11-04 09:43:27,678 INFO mch.training: Prefilter bypass: kept=600117
2025-11-04 09:43:47,976 WARNING mch.training: Drop rare classes (<2 samples): Histiocytosis
2025-11-04 09:43:48,505 INFO mch.training: Train/Test shapes: X_train=(85, 600117), X_test=(22, 600117)
2025-11-04 09:43:48,506 INFO mch.training: DM enabled
2025-11-04 09:43:48,508 INFO mch.training: Pipeline steps: ['replace_inf', 'differentialMethylation', 'modelGeneration']
2025-11-04 09:43:48,508 WARNING mch.training: parameter_grid is None/empty, fit pipeline without grid search
2025-11-04 09:43:49,673 ERROR mch.training: Error training model for Haematological malignancy
Traceback (most recent call last):
  File "/Workspace/9900-f18a-cake/working_branch/src/mch/models/training.py", line 174, in train_all_models
    pipeline.fit(X_train, y_train)
  File "/databricks/python/lib/python3.12/site-packages/mlflow/utils/autologging_utils/safety.py", line 472, in safe_patch_function
    return original(*args, **kwargs)
           ^^^^^^^^^^^^^^^^^^^^^^^^^
  File "/databricks/python_shell/lib/dbruntime/MLWorkloadsInstrumentation/_sklearn.py", line 29, in patch_function
    original_result = original(self, *args, **kwargs)
                      ^^^^^^^^^^^^^^^^^^^^^^^^^^^^^^^
  File "/local_disk0/.ephemeral_nfs/cluster_libraries/python/lib/python3.12/site-packages/sklearn/base.py", line 1473, in wrapper
    return fit_method(estimator, *args, **kwargs)
           ^^^^^^^^^^^^^^^^^^^^^^^^^^^^^^^^^^^^^^
  File "/local_disk0/.ephemeral_nfs/cluster_libraries/python/lib/python3.12/site-packages/sklearn/pipeline.py", line 469, in fit
    Xt = self._fit(X, y, routed_params)
         ^^^^^^^^^^^^^^^^^^^^^^^^^^^^^^
  File "/local_disk0/.ephemeral_nfs/cluster_libraries/python/lib/python3.12/site-packages/sklearn/pipeline.py", line 406, in _fit
    X, fitted_transformer = fit_transform_one_cached(
                            ^^^^^^^^^^^^^^^^^^^^^^^^^
  File "/databricks/python/lib/python3.12/site-packages/joblib/memory.py", line 312, in __call__
    return self.func(*args, **kwargs)
           ^^^^^^^^^^^^^^^^^^^^^^^^^^
  File "/local_disk0/.ephemeral_nfs/cluster_libraries/python/lib/python3.12/site-packages/sklearn/pipeline.py", line 1310, in _fit_transform_one
    res = transformer.fit_transform(X, y, **params.get("fit_transform", {}))
          ^^^^^^^^^^^^^^^^^^^^^^^^^^^^^^^^^^^^^^^^^^^^^^^^^^^^^^^^^^^^^^^^^^
  File "/local_disk0/.ephemeral_nfs/cluster_libraries/python/lib/python3.12/site-packages/sklearn/utils/_set_output.py", line 316, in wrapped
    data_to_wrap = f(self, X, *args, **kwargs)
                   ^^^^^^^^^^^^^^^^^^^^^^^^^^^
  File "/local_disk0/.ephemeral_nfs/cluster_libraries/python/lib/python3.12/site-packages/sklearn/base.py", line 1101, in fit_transform
    return self.fit(X, y, **fit_params).transform(X)
           ^^^^^^^^^^^^^^^^^^^^^^^^^^^^
  File "/Workspace/9900-f18a-cake/working_branch/src/mch/models/differentialMethylationClassifier.py", line 46, in fit
    results = self.runDifferentialMethylation(X,condition)
              ^^^^^^^^^^^^^^^^^^^^^^^^^^^^^^^^^^^^^^^^^^^^
  File "/Workspace/9900-f18a-cake/working_branch/src/mch/models/differentialMethylationClassifier.py", line 72, in runDifferentialMethylation
    X = X.apply(pd.to_numeric, errors='coerce')
        ^^^^^^^
AttributeError: 'numpy.ndarray' object has no attribute 'apply'
2025-11-04 09:52:10,485 INFO mch.training: Training model for node: Neuroblastoma
2025-11-04 09:52:20,794 INFO mch.training: Training model for node: Vascular/lymphatic anomalies
2025-11-04 09:52:24,096 INFO mch.training: Training model for node: Haematological malignancy
2025-11-04 09:52:33,831 INFO mch.training: Prefilter start: input shape=(108,600118), candidates=600117, topk=0, scan_max=5000, chunk_size=1000
2025-11-04 09:52:33,842 INFO mch.training: Prefilter bypass: kept=600117
2025-11-04 09:52:54,577 WARNING mch.training: Drop rare classes (<2 samples): Histiocytosis
2025-11-04 09:52:55,041 INFO mch.training: Train/Test shapes: X_train=(85, 600117), X_test=(22, 600117)
2025-11-04 09:52:55,042 INFO mch.training: DM enabled
2025-11-04 09:52:55,044 INFO mch.training: Pipeline steps: ['replace_inf', 'differentialMethylation', 'modelGeneration']
2025-11-04 09:52:55,045 WARNING mch.training: parameter_grid is None/empty, fit pipeline without grid search
2025-11-04 09:52:56,178 ERROR mch.training: Error training model for Haematological malignancy
Traceback (most recent call last):
  File "/Workspace/9900-f18a-cake/working_branch/src/mch/models/training.py", line 174, in train_all_models
    pipeline.fit(X_train, y_train)
  File "/databricks/python/lib/python3.12/site-packages/mlflow/utils/autologging_utils/safety.py", line 472, in safe_patch_function
    return original(*args, **kwargs)
           ^^^^^^^^^^^^^^^^^^^^^^^^^
  File "/databricks/python_shell/lib/dbruntime/MLWorkloadsInstrumentation/_sklearn.py", line 29, in patch_function
    original_result = original(self, *args, **kwargs)
                      ^^^^^^^^^^^^^^^^^^^^^^^^^^^^^^^
  File "/local_disk0/.ephemeral_nfs/cluster_libraries/python/lib/python3.12/site-packages/sklearn/base.py", line 1473, in wrapper
    return fit_method(estimator, *args, **kwargs)
           ^^^^^^^^^^^^^^^^^^^^^^^^^^^^^^^^^^^^^^
  File "/local_disk0/.ephemeral_nfs/cluster_libraries/python/lib/python3.12/site-packages/sklearn/pipeline.py", line 469, in fit
    Xt = self._fit(X, y, routed_params)
         ^^^^^^^^^^^^^^^^^^^^^^^^^^^^^^
  File "/local_disk0/.ephemeral_nfs/cluster_libraries/python/lib/python3.12/site-packages/sklearn/pipeline.py", line 406, in _fit
    X, fitted_transformer = fit_transform_one_cached(
                            ^^^^^^^^^^^^^^^^^^^^^^^^^
  File "/databricks/python/lib/python3.12/site-packages/joblib/memory.py", line 312, in __call__
    return self.func(*args, **kwargs)
           ^^^^^^^^^^^^^^^^^^^^^^^^^^
  File "/local_disk0/.ephemeral_nfs/cluster_libraries/python/lib/python3.12/site-packages/sklearn/pipeline.py", line 1310, in _fit_transform_one
    res = transformer.fit_transform(X, y, **params.get("fit_transform", {}))
          ^^^^^^^^^^^^^^^^^^^^^^^^^^^^^^^^^^^^^^^^^^^^^^^^^^^^^^^^^^^^^^^^^^
  File "/local_disk0/.ephemeral_nfs/cluster_libraries/python/lib/python3.12/site-packages/sklearn/utils/_set_output.py", line 316, in wrapped
    data_to_wrap = f(self, X, *args, **kwargs)
                   ^^^^^^^^^^^^^^^^^^^^^^^^^^^
  File "/local_disk0/.ephemeral_nfs/cluster_libraries/python/lib/python3.12/site-packages/sklearn/base.py", line 1101, in fit_transform
    return self.fit(X, y, **fit_params).transform(X)
           ^^^^^^^^^^^^^^^^^^^^^^^^^^^^
  File "/Workspace/9900-f18a-cake/working_branch/src/mch/models/differentialMethylationClassifier.py", line 46, in fit
    results = self.runDifferentialMethylation(X,condition)
              ^^^^^^^^^^^^^^^^^^^^^^^^^^^^^^^^^^^^^^^^^^^^
  File "/Workspace/9900-f18a-cake/working_branch/src/mch/models/differentialMethylationClassifier.py", line 72, in runDifferentialMethylation
    X = X.apply(pd.to_numeric, errors='coerce')
        ^^^^^^^
AttributeError: 'numpy.ndarray' object has no attribute 'apply'
2025-11-04 10:02:26,249 INFO mch.training: Training model for node: Neuroblastoma
2025-11-04 10:02:37,578 INFO mch.training: Training model for node: Vascular/lymphatic anomalies
2025-11-04 10:02:41,141 INFO mch.training: Training model for node: Haematological malignancy
2025-11-04 10:02:51,012 INFO mch.training: Prefilter start: input shape=(108,600118), candidates=600117, topk=0, scan_max=5000, chunk_size=1000
2025-11-04 10:02:51,014 INFO mch.training: Prefilter bypass: kept=600117
2025-11-04 10:03:11,886 WARNING mch.training: Drop rare classes (<2 samples): Histiocytosis
2025-11-04 10:03:12,399 INFO mch.training: Train/Test shapes: X_train=(85, 600117), X_test=(22, 600117)
2025-11-04 10:03:12,400 INFO mch.training: DM enabled
2025-11-04 10:03:12,401 INFO mch.training: Pipeline steps: ['replace_inf', 'differentialMethylation', 'modelGeneration']
2025-11-04 10:03:12,402 WARNING mch.training: parameter_grid is None/empty, fit pipeline without grid search
2025-11-04 10:03:13,549 ERROR mch.training: Error training model for Haematological malignancy
Traceback (most recent call last):
  File "/Workspace/9900-f18a-cake/working_branch/src/mch/models/training.py", line 174, in train_all_models
    pipeline.fit(X_train, y_train)
  File "/databricks/python/lib/python3.12/site-packages/mlflow/utils/autologging_utils/safety.py", line 472, in safe_patch_function
    return original(*args, **kwargs)
           ^^^^^^^^^^^^^^^^^^^^^^^^^
  File "/databricks/python_shell/lib/dbruntime/MLWorkloadsInstrumentation/_sklearn.py", line 29, in patch_function
    original_result = original(self, *args, **kwargs)
                      ^^^^^^^^^^^^^^^^^^^^^^^^^^^^^^^
  File "/local_disk0/.ephemeral_nfs/cluster_libraries/python/lib/python3.12/site-packages/sklearn/base.py", line 1473, in wrapper
    return fit_method(estimator, *args, **kwargs)
           ^^^^^^^^^^^^^^^^^^^^^^^^^^^^^^^^^^^^^^
  File "/local_disk0/.ephemeral_nfs/cluster_libraries/python/lib/python3.12/site-packages/sklearn/pipeline.py", line 469, in fit
    Xt = self._fit(X, y, routed_params)
         ^^^^^^^^^^^^^^^^^^^^^^^^^^^^^^
  File "/local_disk0/.ephemeral_nfs/cluster_libraries/python/lib/python3.12/site-packages/sklearn/pipeline.py", line 406, in _fit
    X, fitted_transformer = fit_transform_one_cached(
                            ^^^^^^^^^^^^^^^^^^^^^^^^^
  File "/databricks/python/lib/python3.12/site-packages/joblib/memory.py", line 312, in __call__
    return self.func(*args, **kwargs)
           ^^^^^^^^^^^^^^^^^^^^^^^^^^
  File "/local_disk0/.ephemeral_nfs/cluster_libraries/python/lib/python3.12/site-packages/sklearn/pipeline.py", line 1310, in _fit_transform_one
    res = transformer.fit_transform(X, y, **params.get("fit_transform", {}))
          ^^^^^^^^^^^^^^^^^^^^^^^^^^^^^^^^^^^^^^^^^^^^^^^^^^^^^^^^^^^^^^^^^^
  File "/local_disk0/.ephemeral_nfs/cluster_libraries/python/lib/python3.12/site-packages/sklearn/utils/_set_output.py", line 316, in wrapped
    data_to_wrap = f(self, X, *args, **kwargs)
                   ^^^^^^^^^^^^^^^^^^^^^^^^^^^
  File "/local_disk0/.ephemeral_nfs/cluster_libraries/python/lib/python3.12/site-packages/sklearn/base.py", line 1101, in fit_transform
    return self.fit(X, y, **fit_params).transform(X)
           ^^^^^^^^^^^^^^^^^^^^^^^^^^^^
  File "/Workspace/9900-f18a-cake/working_branch/src/mch/models/differentialMethylationClassifier.py", line 46, in fit
    results = self.runDifferentialMethylation(X,condition)
              ^^^^^^^^^^^^^^^^^^^^^^^^^^^^^^^^^^^^^^^^^^^^
  File "/Workspace/9900-f18a-cake/working_branch/src/mch/models/differentialMethylationClassifier.py", line 72, in runDifferentialMethylation
    X = X.apply(pd.to_numeric, errors='coerce')
        ^^^^^^^
AttributeError: 'numpy.ndarray' object has no attribute 'apply'
2025-11-05 10:27:03,019 INFO mch.training: Only training specified node: Haematological malignancy
2025-11-05 10:27:03,021 INFO mch.training: Training model for node: Haematological malignancy
2025-11-05 10:27:14,593 INFO mch.training: Prefilter start: input shape=(108,600118), candidates=600117, topk=200, scan_max=5000, chunk_size=1000
2025-11-05 10:27:15,006 INFO mch.training: Prefilter progress: scanned 1000/5000 columns
2025-11-05 10:27:15,372 INFO mch.training: Prefilter progress: scanned 2000/5000 columns
2025-11-05 10:27:15,763 INFO mch.training: Prefilter progress: scanned 3000/5000 columns
2025-11-05 10:27:16,162 INFO mch.training: Prefilter progress: scanned 4000/5000 columns
2025-11-05 10:27:16,554 INFO mch.training: Prefilter progress: scanned 5000/5000 columns
2025-11-05 10:27:17,039 INFO mch.training: Prefilter done: kept 200 features
2025-11-05 10:27:17,053 WARNING mch.training: Drop rare classes (<2 samples): Histiocytosis
2025-11-05 10:27:17,060 INFO mch.training: Train/Test shapes: X_train=(85, 200), X_test=(22, 200)
2025-11-05 10:27:17,062 INFO mch.training: Using LogisticRegression as model.
2025-11-05 10:27:17,063 INFO mch.training: DM disabled
2025-11-05 10:27:17,064 INFO mch.training: Pipeline steps: ['modelGeneration']
2025-11-05 10:27:17,066 WARNING mch.training: parameter_grid is None/empty, fit pipeline without grid search
2025-11-05 10:27:30,280 INFO mch.training: Test accuracy: 0.7273, macro_f1: 0.2807, weighted_f1: 0.7273
2025-11-05 10:27:30,283 INFO mch.training: Model trained for Haematological malignancy, not saved
2025-11-05 11:54:26,096 INFO mch.training: Only training specified node: Haematological malignancy
2025-11-05 11:54:26,097 INFO mch.training: Training model for node: Haematological malignancy
2025-11-05 11:54:38,252 INFO mch.training: Prefilter start: input shape=(108,600118), candidates=600117, topk=0, scan_max=20000, chunk_size=5000
2025-11-05 11:54:38,254 INFO mch.training: Prefilter bypass: kept=600117
2025-11-05 11:55:03,868 WARNING mch.training: Drop rare classes (<2 samples): Histiocytosis
2025-11-05 11:55:04,475 INFO mch.training: Train/Test shapes: X_train=(85, 600117), X_test=(22, 600117)
2025-11-05 11:55:04,477 INFO mch.training: Using LogisticRegression as model.
2025-11-05 11:55:04,478 INFO mch.training: DM enabled
2025-11-05 11:55:04,480 INFO mch.training: Pipeline steps: ['replace_inf', 'differentialMethylation', 'modelGeneration']
2025-11-05 11:55:04,481 WARNING mch.training: parameter_grid is None/empty, fit pipeline without grid search
2025-11-05 11:59:29,000 ERROR mch.training: Error training model for Haematological malignancy
Traceback (most recent call last):
  File "/Workspace/9900-f18a-cake/mt-method2/src/mch/models/training.py", line 186, in train_all_models
    pipeline.fit(X_train, y_train)
  File "/databricks/python/lib/python3.12/site-packages/mlflow/utils/autologging_utils/safety.py", line 483, in safe_patch_function
    patch_function(call_original, *args, **kwargs)
  File "/databricks/python/lib/python3.12/site-packages/mlflow/utils/autologging_utils/safety.py", line 182, in patch_with_managed_run
    result = patch_function(original, *args, **kwargs)
             ^^^^^^^^^^^^^^^^^^^^^^^^^^^^^^^^^^^^^^^^^
  File "/databricks/python/lib/python3.12/site-packages/mlflow/sklearn/__init__.py", line 1655, in patched_fit
    result = fit_impl(original, self, *args, **kwargs)
             ^^^^^^^^^^^^^^^^^^^^^^^^^^^^^^^^^^^^^^^^^
  File "/databricks/python/lib/python3.12/site-packages/mlflow/sklearn/__init__.py", line 1430, in fit_mlflow
    fit_output = original(self, *args, **kwargs)
                 ^^^^^^^^^^^^^^^^^^^^^^^^^^^^^^^
  File "/databricks/python/lib/python3.12/site-packages/mlflow/utils/autologging_utils/safety.py", line 474, in call_original
    return call_original_fn_with_event_logging(_original_fn, og_args, og_kwargs)
           ^^^^^^^^^^^^^^^^^^^^^^^^^^^^^^^^^^^^^^^^^^^^^^^^^^^^^^^^^^^^^^^^^^^^^
  File "/databricks/python/lib/python3.12/site-packages/mlflow/utils/autologging_utils/safety.py", line 425, in call_original_fn_with_event_logging
    original_fn_result = original_fn(*og_args, **og_kwargs)
                         ^^^^^^^^^^^^^^^^^^^^^^^^^^^^^^^^^^
  File "/databricks/python/lib/python3.12/site-packages/mlflow/utils/autologging_utils/safety.py", line 471, in _original_fn
    original_result = original(*_og_args, **_og_kwargs)
                      ^^^^^^^^^^^^^^^^^^^^^^^^^^^^^^^^^
  File "/databricks/python_shell/lib/dbruntime/MLWorkloadsInstrumentation/_sklearn.py", line 29, in patch_function
    original_result = original(self, *args, **kwargs)
                      ^^^^^^^^^^^^^^^^^^^^^^^^^^^^^^^
  File "/local_disk0/.ephemeral_nfs/cluster_libraries/python/lib/python3.12/site-packages/sklearn/base.py", line 1473, in wrapper
    return fit_method(estimator, *args, **kwargs)
           ^^^^^^^^^^^^^^^^^^^^^^^^^^^^^^^^^^^^^^
  File "/local_disk0/.ephemeral_nfs/cluster_libraries/python/lib/python3.12/site-packages/sklearn/pipeline.py", line 469, in fit
    Xt = self._fit(X, y, routed_params)
         ^^^^^^^^^^^^^^^^^^^^^^^^^^^^^^
  File "/local_disk0/.ephemeral_nfs/cluster_libraries/python/lib/python3.12/site-packages/sklearn/pipeline.py", line 406, in _fit
    X, fitted_transformer = fit_transform_one_cached(
                            ^^^^^^^^^^^^^^^^^^^^^^^^^
  File "/databricks/python/lib/python3.12/site-packages/joblib/memory.py", line 312, in __call__
    return self.func(*args, **kwargs)
           ^^^^^^^^^^^^^^^^^^^^^^^^^^
  File "/local_disk0/.ephemeral_nfs/cluster_libraries/python/lib/python3.12/site-packages/sklearn/pipeline.py", line 1310, in _fit_transform_one
    res = transformer.fit_transform(X, y, **params.get("fit_transform", {}))
          ^^^^^^^^^^^^^^^^^^^^^^^^^^^^^^^^^^^^^^^^^^^^^^^^^^^^^^^^^^^^^^^^^^
  File "/local_disk0/.ephemeral_nfs/cluster_libraries/python/lib/python3.12/site-packages/sklearn/utils/_set_output.py", line 316, in wrapped
    data_to_wrap = f(self, X, *args, **kwargs)
                   ^^^^^^^^^^^^^^^^^^^^^^^^^^^
  File "/local_disk0/.ephemeral_nfs/cluster_libraries/python/lib/python3.12/site-packages/sklearn/base.py", line 1101, in fit_transform
    return self.fit(X, y, **fit_params).transform(X)
           ^^^^^^^^^^^^^^^^^^^^^^^^^^^^
  File "/Workspace/9900-f18a-cake/mt-method2/src/mch/models/differentialMethylationClassifier.py", line 46, in fit
    results = self.runDifferentialMethylation(X,condition)
              ^^^^^^^^^^^^^^^^^^^^^^^^^^^^^^^^^^^^^^^^^^^^
  File "/Workspace/9900-f18a-cake/mt-method2/src/mch/models/differentialMethylationClassifier.py", line 72, in runDifferentialMethylation
    X = X.apply(pd.to_numeric, errors='coerce')
        ^^^^^^^
AttributeError: 'numpy.ndarray' object has no attribute 'apply'
2025-11-05 12:02:06,980 INFO mch.training: Only training specified node: Haematological malignancy
2025-11-05 12:02:06,982 INFO mch.training: Training model for node: Haematological malignancy
2025-11-05 12:02:19,655 INFO mch.training: Prefilter start: input shape=(108,600118), candidates=600117, topk=200, scan_max=5000, chunk_size=1000
2025-11-05 12:02:20,169 INFO mch.training: Prefilter progress: scanned 1000/5000 columns
2025-11-05 12:02:20,617 INFO mch.training: Prefilter progress: scanned 2000/5000 columns
2025-11-05 12:02:21,077 INFO mch.training: Prefilter progress: scanned 3000/5000 columns
2025-11-05 12:02:21,539 INFO mch.training: Prefilter progress: scanned 4000/5000 columns
2025-11-05 12:02:22,000 INFO mch.training: Prefilter progress: scanned 5000/5000 columns
2025-11-05 12:02:22,568 INFO mch.training: Prefilter done: kept 200 features
2025-11-05 12:02:22,581 WARNING mch.training: Drop rare classes (<2 samples): Histiocytosis
2025-11-05 12:02:22,587 INFO mch.training: Train/Test shapes: X_train=(85, 200), X_test=(22, 200)
2025-11-05 12:02:22,588 INFO mch.training: Using LogisticRegression as model.
2025-11-05 12:02:22,589 INFO mch.training: DM disabled
2025-11-05 12:02:22,590 INFO mch.training: Pipeline steps: ['modelGeneration']
2025-11-05 12:02:22,592 WARNING mch.training: parameter_grid is None/empty, fit pipeline without grid search
2025-11-05 12:02:36,193 INFO mch.training: Test accuracy: 0.7273, macro_f1: 0.2807, weighted_f1: 0.7273
2025-11-05 12:02:36,195 INFO mch.training: Model trained for Haematological malignancy, not saved
2025-11-05 12:03:18,563 INFO mch.training: Only training specified node: Haematological malignancy
2025-11-05 12:03:18,565 INFO mch.training: Training model for node: Haematological malignancy
2025-11-05 12:03:31,466 INFO mch.training: Prefilter start: input shape=(108,600118), candidates=600117, topk=200, scan_max=5000, chunk_size=1000
2025-11-05 12:03:31,899 INFO mch.training: Prefilter progress: scanned 1000/5000 columns
2025-11-05 12:03:32,308 INFO mch.training: Prefilter progress: scanned 2000/5000 columns
2025-11-05 12:03:32,720 INFO mch.training: Prefilter progress: scanned 3000/5000 columns
2025-11-05 12:03:33,119 INFO mch.training: Prefilter progress: scanned 4000/5000 columns
2025-11-05 12:03:33,525 INFO mch.training: Prefilter progress: scanned 5000/5000 columns
2025-11-05 12:03:34,063 INFO mch.training: Prefilter done: kept 200 features
2025-11-05 12:03:34,080 WARNING mch.training: Drop rare classes (<2 samples): Histiocytosis
2025-11-05 12:03:34,088 INFO mch.training: Train/Test shapes: X_train=(85, 200), X_test=(22, 200)
2025-11-05 12:03:34,090 INFO mch.training: Using LogisticRegression as model.
2025-11-05 12:03:34,091 INFO mch.training: DM disabled
2025-11-05 12:03:34,093 INFO mch.training: Pipeline steps: ['modelGeneration']
2025-11-05 12:03:34,094 WARNING mch.training: parameter_grid is None/empty, fit pipeline without grid search
2025-11-05 12:03:43,489 INFO mch.training: Test accuracy: 0.7273, macro_f1: 0.2807, weighted_f1: 0.7273
2025-11-05 12:03:43,491 INFO mch.training: Model trained for Haematological malignancy, not saved
2025-11-05 14:47:53,388 INFO mch.training: Only training specified node: Haematological malignancy
2025-11-05 14:47:53,390 INFO mch.training: Training model for node: Haematological malignancy
2025-11-05 14:48:03,315 INFO mch.training: Prefilter start: input shape=(108,600118), candidates=600117, topk=200, scan_max=5000, chunk_size=1000
2025-11-05 14:48:03,722 INFO mch.training: Prefilter progress: scanned 1000/5000 columns
2025-11-05 14:48:04,097 INFO mch.training: Prefilter progress: scanned 2000/5000 columns
2025-11-05 14:48:04,474 INFO mch.training: Prefilter progress: scanned 3000/5000 columns
2025-11-05 14:48:04,836 INFO mch.training: Prefilter progress: scanned 4000/5000 columns
2025-11-05 14:48:05,187 INFO mch.training: Prefilter progress: scanned 5000/5000 columns
2025-11-05 14:48:05,595 INFO mch.training: Prefilter done: kept 200 features
2025-11-05 14:48:05,608 WARNING mch.training: Drop rare classes (<2 samples): Histiocytosis
2025-11-05 14:48:05,614 INFO mch.training: Train/Test shapes: X_train=(85, 200), X_test=(22, 200)
2025-11-05 14:48:05,617 INFO mch.training: Using LogisticRegression as model.
2025-11-05 14:48:05,618 INFO mch.training: DM disabled
2025-11-05 14:48:05,619 INFO mch.training: Pipeline steps: ['modelGeneration']
2025-11-05 14:48:05,620 WARNING mch.training: parameter_grid is None/empty, fit pipeline without grid search
2025-11-05 14:48:17,466 INFO mch.training: Test accuracy: 0.7273, macro_f1: 0.2807, weighted_f1: 0.7273
2025-11-05 14:48:17,467 INFO mch.training: Model trained for Haematological malignancy, not saved
2025-11-05 14:48:28,117 INFO mch.training: Only training specified node: Haematological malignancy
2025-11-05 14:48:28,119 INFO mch.training: Training model for node: Haematological malignancy
2025-11-05 14:48:38,122 INFO mch.training: Prefilter start: input shape=(108,600118), candidates=600117, topk=200, scan_max=5000, chunk_size=1000
2025-11-05 14:48:38,531 INFO mch.training: Prefilter progress: scanned 1000/5000 columns
2025-11-05 14:48:38,904 INFO mch.training: Prefilter progress: scanned 2000/5000 columns
2025-11-05 14:48:39,250 INFO mch.training: Prefilter progress: scanned 3000/5000 columns
2025-11-05 14:48:39,592 INFO mch.training: Prefilter progress: scanned 4000/5000 columns
2025-11-05 14:48:39,926 INFO mch.training: Prefilter progress: scanned 5000/5000 columns
2025-11-05 14:48:40,370 INFO mch.training: Prefilter done: kept 200 features
2025-11-05 14:48:40,382 WARNING mch.training: Drop rare classes (<2 samples): Histiocytosis
2025-11-05 14:48:40,388 INFO mch.training: Train/Test shapes: X_train=(85, 200), X_test=(22, 200)
2025-11-05 14:48:40,389 INFO mch.training: Using LogisticRegression as model.
2025-11-05 14:48:40,390 INFO mch.training: DM disabled
2025-11-05 14:48:40,391 INFO mch.training: Pipeline steps: ['modelGeneration']
2025-11-05 14:48:40,392 WARNING mch.training: parameter_grid is None/empty, fit pipeline without grid search
2025-11-05 14:48:52,539 INFO mch.training: Test accuracy: 0.7273, macro_f1: 0.2807, weighted_f1: 0.7273
2025-11-05 14:48:52,541 INFO mch.training: Model trained for Haematological malignancy, not saved
2025-11-06 11:30:46,352 INFO mch.training: Training model for node: Neuroblastoma
2025-11-06 11:31:04,109 INFO mch.training: Training model for node: Vascular/lymphatic anomalies
2025-11-06 11:31:10,955 INFO mch.training: Training model for node: Haematological malignancy
2025-11-06 11:31:26,204 INFO mch.training: Prefilter start: input shape=(108,600118), candidates=600117, topk=200, scan_max=20000, chunk_size=5000
2025-11-06 11:31:26,664 INFO mch.training: Prefilter progress: scanned 5000/20000 columns
2025-11-06 11:31:27,380 INFO mch.training: Prefilter progress: scanned 10000/20000 columns
2025-11-06 11:31:27,807 INFO mch.training: Prefilter progress: scanned 15000/20000 columns
2025-11-06 11:31:28,249 INFO mch.training: Prefilter progress: scanned 20000/20000 columns
2025-11-06 11:31:28,658 INFO mch.training: Prefilter done: kept 200 features
2025-11-06 11:31:28,676 WARNING mch.training: Drop rare classes (<2 samples): Histiocytosis
2025-11-06 11:31:28,682 INFO mch.training: Train/Test shapes: X_train=(85, 200), X_test=(22, 200)
2025-11-06 11:31:28,683 INFO mch.training: Using LogisticRegression as model.
2025-11-06 11:31:28,684 INFO mch.training: DM disabled
2025-11-06 11:31:28,685 INFO mch.training: Pipeline steps: ['modelGeneration']
2025-11-06 11:31:28,686 WARNING mch.training: parameter_grid is None/empty, fit pipeline without grid search
2025-11-06 11:31:28,714 INFO mch.training: Test accuracy: 0.8636, macro_f1: 0.3089, weighted_f1: 0.8004
2025-11-06 11:31:28,716 INFO mch.training: Model trained for Haematological malignancy, not saved
2025-11-06 11:31:28,717 INFO mch.training: Training model for node: Sarcoma
2025-11-06 11:31:49,487 INFO mch.training: Prefilter start: input shape=(80,600118), candidates=600117, topk=200, scan_max=20000, chunk_size=5000
2025-11-06 11:31:50,048 INFO mch.training: Prefilter progress: scanned 5000/20000 columns
2025-11-06 11:31:50,577 INFO mch.training: Prefilter progress: scanned 10000/20000 columns
2025-11-06 11:31:51,091 INFO mch.training: Prefilter progress: scanned 15000/20000 columns
2025-11-06 11:31:51,592 INFO mch.training: Prefilter progress: scanned 20000/20000 columns
2025-11-06 11:31:52,086 INFO mch.training: Prefilter done: kept 200 features
2025-11-06 11:31:52,119 WARNING mch.training: Drop rare classes (<2 samples): Liver tumour, Sarcoma
2025-11-06 11:31:52,124 INFO mch.training: Train/Test shapes: X_train=(63, 200), X_test=(16, 200)
2025-11-06 11:31:52,126 INFO mch.training: Using LogisticRegression as model.
2025-11-06 11:31:52,127 INFO mch.training: DM disabled
2025-11-06 11:31:52,128 INFO mch.training: Pipeline steps: ['modelGeneration']
2025-11-06 11:31:52,129 WARNING mch.training: parameter_grid is None/empty, fit pipeline without grid search
2025-11-06 11:31:52,158 INFO mch.training: Test accuracy: 0.1250, macro_f1: 0.0778, weighted_f1: 0.1111
2025-11-06 11:31:52,159 INFO mch.training: Model trained for Sarcoma, not saved
2025-11-06 11:31:52,161 INFO mch.training: Training model for node: Solid tumour
2025-11-06 11:32:12,833 INFO mch.training: Prefilter start: input shape=(48,600118), candidates=600117, topk=200, scan_max=20000, chunk_size=5000
2025-11-06 11:32:13,320 INFO mch.training: Prefilter progress: scanned 5000/20000 columns
2025-11-06 11:32:13,770 INFO mch.training: Prefilter progress: scanned 10000/20000 columns
2025-11-06 11:32:14,236 INFO mch.training: Prefilter progress: scanned 15000/20000 columns
2025-11-06 11:32:14,672 INFO mch.training: Prefilter progress: scanned 20000/20000 columns
2025-11-06 11:32:15,094 INFO mch.training: Prefilter done: kept 200 features
2025-11-06 11:32:15,123 INFO mch.training: Train/Test shapes: X_train=(38, 200), X_test=(10, 200)
2025-11-06 11:32:15,124 INFO mch.training: Using LogisticRegression as model.
2025-11-06 11:32:15,125 INFO mch.training: DM disabled
2025-11-06 11:32:15,126 INFO mch.training: Pipeline steps: ['modelGeneration']
2025-11-06 11:32:15,127 WARNING mch.training: parameter_grid is None/empty, fit pipeline without grid search
2025-11-06 11:32:15,153 INFO mch.training: Test accuracy: 0.1000, macro_f1: 0.0408, weighted_f1: 0.0571
2025-11-06 11:32:15,154 INFO mch.training: Model trained for Solid tumour, not saved
2025-11-06 11:32:15,155 INFO mch.training: Training model for node: Central nervous system
2025-11-06 11:32:36,184 INFO mch.training: Prefilter start: input shape=(129,600118), candidates=600117, topk=200, scan_max=20000, chunk_size=5000
2025-11-06 11:32:36,728 INFO mch.training: Prefilter progress: scanned 5000/20000 columns
2025-11-06 11:32:37,204 INFO mch.training: Prefilter progress: scanned 10000/20000 columns
2025-11-06 11:32:37,726 INFO mch.training: Prefilter progress: scanned 15000/20000 columns
2025-11-06 11:32:38,210 INFO mch.training: Prefilter progress: scanned 20000/20000 columns
2025-11-06 11:32:38,671 INFO mch.training: Prefilter done: kept 200 features
2025-11-06 11:32:38,729 WARNING mch.training: Drop rare classes (<2 samples): Germ cell tumour, CNS, Peripheral nerve sheath tumour, CNS
2025-11-06 11:32:38,734 INFO mch.training: Train/Test shapes: X_train=(101, 200), X_test=(26, 200)
2025-11-06 11:32:38,736 INFO mch.training: Using LogisticRegression as model.
2025-11-06 11:32:38,737 INFO mch.training: DM disabled
2025-11-06 11:32:38,738 INFO mch.training: Pipeline steps: ['modelGeneration']
2025-11-06 11:32:38,738 WARNING mch.training: parameter_grid is None/empty, fit pipeline without grid search
2025-11-06 11:32:38,798 INFO mch.training: Test accuracy: 0.1923, macro_f1: 0.0782, weighted_f1: 0.1774
2025-11-06 11:32:38,800 INFO mch.training: Model trained for Central nervous system, not saved
2025-11-06 11:32:38,801 INFO mch.training: Training model for node: Overgrowth syndrome
2025-11-06 11:56:58,059 INFO mch.training: Only training specified node: Haematological malignancy
2025-11-06 11:56:58,061 INFO mch.training: Training model for node: Haematological malignancy
2025-11-06 11:57:14,556 INFO mch.training: Prefilter start: input shape=(108,600118), candidates=600117, topk=200, scan_max=20000, chunk_size=5000
2025-11-06 11:57:15,062 INFO mch.training: Prefilter progress: scanned 5000/20000 columns
2025-11-06 11:57:15,492 INFO mch.training: Prefilter progress: scanned 10000/20000 columns
2025-11-06 11:57:15,906 INFO mch.training: Prefilter progress: scanned 15000/20000 columns
2025-11-06 11:57:16,338 INFO mch.training: Prefilter progress: scanned 20000/20000 columns
2025-11-06 11:57:16,766 INFO mch.training: Prefilter done: kept 200 features
2025-11-06 11:57:16,778 WARNING mch.training: Drop rare classes (<2 samples): Histiocytosis
2025-11-06 11:57:16,783 INFO mch.training: Train/Test shapes: X_train=(85, 200), X_test=(22, 200)
2025-11-06 11:57:16,785 INFO mch.training: Using LogisticRegression as model.
2025-11-06 11:57:16,785 INFO mch.training: DM disabled
2025-11-06 11:57:16,786 INFO mch.training: Pipeline steps: ['modelGeneration']
2025-11-06 11:57:16,787 WARNING mch.training: parameter_grid is None/empty, fit pipeline without grid search
2025-11-06 11:57:16,823 INFO mch.training: Test accuracy: 0.8636, macro_f1: 0.3089, weighted_f1: 0.8004
2025-11-06 11:57:16,825 INFO mch.training: Model trained for Haematological malignancy, not saved
2025-11-06 11:59:25,502 INFO mch.training: Only training specified node: Haematological malignancy
2025-11-06 11:59:25,504 INFO mch.training: Training model for node: Haematological malignancy
2025-11-06 11:59:41,359 INFO mch.training: Prefilter start: input shape=(108,600118), candidates=600117, topk=200, scan_max=20000, chunk_size=5000
2025-11-06 11:59:41,828 INFO mch.training: Prefilter progress: scanned 5000/20000 columns
2025-11-06 11:59:42,246 INFO mch.training: Prefilter progress: scanned 10000/20000 columns
2025-11-06 11:59:42,974 INFO mch.training: Prefilter progress: scanned 15000/20000 columns
2025-11-06 11:59:43,400 INFO mch.training: Prefilter progress: scanned 20000/20000 columns
2025-11-06 11:59:43,815 INFO mch.training: Prefilter done: kept 200 features
2025-11-06 11:59:43,836 WARNING mch.training: Drop rare classes (<2 samples): Histiocytosis
2025-11-06 11:59:43,843 INFO mch.training: Train/Test shapes: X_train=(85, 200), X_test=(22, 200)
2025-11-06 11:59:43,844 INFO mch.training: Using LogisticRegression as model.
2025-11-06 11:59:43,845 INFO mch.training: DM disabled
2025-11-06 11:59:43,846 INFO mch.training: Pipeline steps: ['modelGeneration']
2025-11-06 11:59:43,847 WARNING mch.training: parameter_grid is None/empty, fit pipeline without grid search
2025-11-06 11:59:43,877 INFO mch.training: Test accuracy: 0.8636, macro_f1: 0.3089, weighted_f1: 0.8004
2025-11-06 11:59:43,878 INFO mch.training: Model trained for Haematological malignancy, not saved
2025-11-06 14:30:20,993 INFO mch.training: Only training specified node: Haematological malignancy
2025-11-06 14:30:20,995 INFO mch.training: Training model for node: Haematological malignancy
2025-11-06 14:30:36,675 INFO mch.training: Prefilter start: input shape=(108,600118), candidates=600117, topk=200, scan_max=20000, chunk_size=5000
2025-11-06 14:30:37,170 INFO mch.training: Prefilter progress: scanned 5000/20000 columns
2025-11-06 14:30:37,605 INFO mch.training: Prefilter progress: scanned 10000/20000 columns
2025-11-06 14:30:38,028 INFO mch.training: Prefilter progress: scanned 15000/20000 columns
2025-11-06 14:30:38,455 INFO mch.training: Prefilter progress: scanned 20000/20000 columns
2025-11-06 14:30:38,878 INFO mch.training: Prefilter done: kept 200 features
2025-11-06 14:30:38,890 WARNING mch.training: Drop rare classes (<2 samples): Histiocytosis
2025-11-06 14:30:38,896 INFO mch.training: Train/Test shapes: X_train=(85, 200), X_test=(22, 200)
2025-11-06 14:30:38,897 INFO mch.training: Using LogisticRegression as model.
2025-11-06 14:30:38,899 INFO mch.training: DM disabled
2025-11-06 14:30:38,901 INFO mch.training: Pipeline steps: ['modelGeneration']
2025-11-06 14:30:38,902 WARNING mch.training: parameter_grid is None/empty, fit pipeline without grid search
2025-11-06 14:30:38,930 INFO mch.training: Test accuracy: 0.8636, macro_f1: 0.3089, weighted_f1: 0.8004
2025-11-06 14:30:38,932 INFO mch.training: Model trained for Haematological malignancy, not saved
2025-11-06 15:53:54,910 INFO mch.training: Training model for node: Neuroblastoma
2025-11-06 15:54:12,891 INFO mch.training: Training model for node: Vascular/lymphatic anomalies
2025-11-06 15:54:19,887 INFO mch.training: Training model for node: Haematological malignancy
2025-11-06 15:54:35,784 INFO mch.training: Prefilter start: input shape=(108,600118), candidates=600117, topk=200, scan_max=20000, chunk_size=5000
2025-11-06 15:54:36,266 INFO mch.training: Prefilter progress: scanned 5000/20000 columns
2025-11-06 15:54:36,704 INFO mch.training: Prefilter progress: scanned 10000/20000 columns
2025-11-06 15:54:37,126 INFO mch.training: Prefilter progress: scanned 15000/20000 columns
2025-11-06 15:54:37,539 INFO mch.training: Prefilter progress: scanned 20000/20000 columns
2025-11-06 15:54:37,945 INFO mch.training: Prefilter done: kept 200 features
2025-11-06 15:54:37,963 WARNING mch.training: Drop rare classes (<2 samples): Histiocytosis
2025-11-06 15:54:37,969 INFO mch.training: Train/Test shapes: X_train=(85, 200), X_test=(22, 200)
2025-11-06 15:54:37,970 INFO mch.training: Using LogisticRegression as model.
2025-11-06 15:54:37,971 INFO mch.training: DM disabled
2025-11-06 15:54:37,972 INFO mch.training: Pipeline steps: ['modelGeneration']
2025-11-06 15:54:37,973 WARNING mch.training: parameter_grid is None/empty, fit pipeline without grid search
2025-11-06 15:54:38,163 INFO mch.training: Test accuracy: 0.8636, macro_f1: 0.3089, weighted_f1: 0.8004
2025-11-06 15:54:38,165 INFO mch.training: Model trained for Haematological malignancy, not saved
2025-11-06 15:54:38,166 INFO mch.training: Training model for node: Sarcoma
2025-11-06 15:54:59,638 INFO mch.training: Prefilter start: input shape=(80,600118), candidates=600117, topk=200, scan_max=20000, chunk_size=5000
2025-11-06 15:55:00,237 INFO mch.training: Prefilter progress: scanned 5000/20000 columns
2025-11-06 15:55:00,706 INFO mch.training: Prefilter progress: scanned 10000/20000 columns
2025-11-06 15:55:01,211 INFO mch.training: Prefilter progress: scanned 15000/20000 columns
2025-11-06 15:55:01,700 INFO mch.training: Prefilter progress: scanned 20000/20000 columns
2025-11-06 15:55:02,167 INFO mch.training: Prefilter done: kept 200 features
2025-11-06 15:55:02,201 WARNING mch.training: Drop rare classes (<2 samples): Liver tumour, Sarcoma
2025-11-06 15:55:02,207 INFO mch.training: Train/Test shapes: X_train=(63, 200), X_test=(16, 200)
2025-11-06 15:55:02,208 INFO mch.training: Using LogisticRegression as model.
2025-11-06 15:55:02,209 INFO mch.training: DM disabled
2025-11-06 15:55:02,210 INFO mch.training: Pipeline steps: ['modelGeneration']
2025-11-06 15:55:02,211 WARNING mch.training: parameter_grid is None/empty, fit pipeline without grid search
2025-11-06 15:55:02,254 INFO mch.training: Test accuracy: 0.1250, macro_f1: 0.0778, weighted_f1: 0.1111
2025-11-06 15:55:02,255 INFO mch.training: Model trained for Sarcoma, not saved
2025-11-06 15:55:02,256 INFO mch.training: Training model for node: Solid tumour
2025-11-06 15:55:23,231 INFO mch.training: Prefilter start: input shape=(48,600118), candidates=600117, topk=200, scan_max=20000, chunk_size=5000
2025-11-06 15:55:23,721 INFO mch.training: Prefilter progress: scanned 5000/20000 columns
2025-11-06 15:55:24,168 INFO mch.training: Prefilter progress: scanned 10000/20000 columns
2025-11-06 15:55:24,618 INFO mch.training: Prefilter progress: scanned 15000/20000 columns
2025-11-06 15:55:25,059 INFO mch.training: Prefilter progress: scanned 20000/20000 columns
2025-11-06 15:55:25,487 INFO mch.training: Prefilter done: kept 200 features
2025-11-06 15:55:25,517 INFO mch.training: Train/Test shapes: X_train=(38, 200), X_test=(10, 200)
2025-11-06 15:55:25,518 INFO mch.training: Using LogisticRegression as model.
2025-11-06 15:55:25,520 INFO mch.training: DM disabled
2025-11-06 15:55:25,521 INFO mch.training: Pipeline steps: ['modelGeneration']
2025-11-06 15:55:25,522 WARNING mch.training: parameter_grid is None/empty, fit pipeline without grid search
2025-11-06 15:55:25,557 INFO mch.training: Test accuracy: 0.1000, macro_f1: 0.0408, weighted_f1: 0.0571
2025-11-06 15:55:25,558 INFO mch.training: Model trained for Solid tumour, not saved
2025-11-06 15:55:25,560 INFO mch.training: Training model for node: Central nervous system
2025-11-06 15:55:47,025 INFO mch.training: Prefilter start: input shape=(129,600118), candidates=600117, topk=200, scan_max=20000, chunk_size=5000
2025-11-06 15:55:47,606 INFO mch.training: Prefilter progress: scanned 5000/20000 columns
2025-11-06 15:55:48,113 INFO mch.training: Prefilter progress: scanned 10000/20000 columns
2025-11-06 15:55:48,656 INFO mch.training: Prefilter progress: scanned 15000/20000 columns
2025-11-06 15:55:49,179 INFO mch.training: Prefilter progress: scanned 20000/20000 columns
2025-11-06 15:55:49,703 INFO mch.training: Prefilter done: kept 200 features
2025-11-06 15:55:49,730 WARNING mch.training: Drop rare classes (<2 samples): Germ cell tumour, CNS, Peripheral nerve sheath tumour, CNS
2025-11-06 15:55:49,737 INFO mch.training: Train/Test shapes: X_train=(101, 200), X_test=(26, 200)
2025-11-06 15:55:49,738 INFO mch.training: Using LogisticRegression as model.
2025-11-06 15:55:49,739 INFO mch.training: DM disabled
2025-11-06 15:55:49,740 INFO mch.training: Pipeline steps: ['modelGeneration']
2025-11-06 15:55:49,741 WARNING mch.training: parameter_grid is None/empty, fit pipeline without grid search
2025-11-06 15:55:49,804 INFO mch.training: Test accuracy: 0.1923, macro_f1: 0.0782, weighted_f1: 0.1774
2025-11-06 15:55:49,806 INFO mch.training: Model trained for Central nervous system, not saved
2025-11-06 15:55:49,807 INFO mch.training: Training model for node: Overgrowth syndrome
2025-11-06 15:56:31,755 INFO mch.training: Training model for node: Neuroblastoma
2025-11-06 15:56:50,734 INFO mch.training: Training model for node: Vascular/lymphatic anomalies
2025-11-06 15:56:57,997 INFO mch.training: Training model for node: Haematological malignancy
2025-11-06 15:57:14,121 INFO mch.training: Prefilter start: input shape=(108,600118), candidates=600117, topk=200, scan_max=20000, chunk_size=5000
2025-11-06 15:57:14,617 INFO mch.training: Prefilter progress: scanned 5000/20000 columns
2025-11-06 15:57:15,411 INFO mch.training: Prefilter progress: scanned 10000/20000 columns
2025-11-06 15:57:15,880 INFO mch.training: Prefilter progress: scanned 15000/20000 columns
2025-11-06 15:57:16,355 INFO mch.training: Prefilter progress: scanned 20000/20000 columns
2025-11-06 15:57:16,780 INFO mch.training: Prefilter done: kept 200 features
2025-11-06 15:57:16,795 WARNING mch.training: Drop rare classes (<2 samples): Histiocytosis
2025-11-06 15:57:16,802 INFO mch.training: Train/Test shapes: X_train=(85, 200), X_test=(22, 200)
2025-11-06 15:57:16,803 INFO mch.training: Using LogisticRegression as model.
2025-11-06 15:57:16,804 INFO mch.training: DM disabled
2025-11-06 15:57:16,805 INFO mch.training: Pipeline steps: ['modelGeneration']
2025-11-06 15:57:16,806 WARNING mch.training: parameter_grid is None/empty, fit pipeline without grid search
2025-11-06 15:57:16,842 INFO mch.training: Test accuracy: 0.8636, macro_f1: 0.3089, weighted_f1: 0.8004
2025-11-06 15:57:16,844 INFO mch.training: Model trained for Haematological malignancy, not saved
2025-11-06 15:57:16,845 INFO mch.training: Training model for node: Sarcoma
2025-11-06 15:57:38,643 INFO mch.training: Prefilter start: input shape=(80,600118), candidates=600117, topk=200, scan_max=20000, chunk_size=5000
2025-11-06 15:57:39,236 INFO mch.training: Prefilter progress: scanned 5000/20000 columns
2025-11-06 15:57:39,727 INFO mch.training: Prefilter progress: scanned 10000/20000 columns
2025-11-06 15:57:40,240 INFO mch.training: Prefilter progress: scanned 15000/20000 columns
2025-11-06 15:57:40,747 INFO mch.training: Prefilter progress: scanned 20000/20000 columns
2025-11-06 15:57:41,252 INFO mch.training: Prefilter done: kept 200 features
2025-11-06 15:57:41,279 WARNING mch.training: Drop rare classes (<2 samples): Liver tumour, Sarcoma
2025-11-06 15:57:41,285 INFO mch.training: Train/Test shapes: X_train=(63, 200), X_test=(16, 200)
2025-11-06 15:57:41,286 INFO mch.training: Using LogisticRegression as model.
2025-11-06 15:57:41,286 INFO mch.training: DM disabled
2025-11-06 15:57:41,287 INFO mch.training: Pipeline steps: ['modelGeneration']
2025-11-06 15:57:41,288 WARNING mch.training: parameter_grid is None/empty, fit pipeline without grid search
2025-11-06 15:57:41,324 INFO mch.training: Test accuracy: 0.1250, macro_f1: 0.0778, weighted_f1: 0.1111
2025-11-06 15:57:41,325 INFO mch.training: Model trained for Sarcoma, not saved
2025-11-06 15:57:41,326 INFO mch.training: Training model for node: Solid tumour
2025-11-06 15:58:02,672 INFO mch.training: Prefilter start: input shape=(48,600118), candidates=600117, topk=200, scan_max=20000, chunk_size=5000
2025-11-06 15:58:03,195 INFO mch.training: Prefilter progress: scanned 5000/20000 columns
2025-11-06 15:58:03,704 INFO mch.training: Prefilter progress: scanned 10000/20000 columns
2025-11-06 15:58:04,180 INFO mch.training: Prefilter progress: scanned 15000/20000 columns
2025-11-06 15:58:04,625 INFO mch.training: Prefilter progress: scanned 20000/20000 columns
2025-11-06 15:58:05,068 INFO mch.training: Prefilter done: kept 200 features
2025-11-06 15:58:05,090 INFO mch.training: Train/Test shapes: X_train=(38, 200), X_test=(10, 200)
2025-11-06 15:58:05,092 INFO mch.training: Using LogisticRegression as model.
2025-11-06 15:58:05,092 INFO mch.training: DM disabled
2025-11-06 15:58:05,094 INFO mch.training: Pipeline steps: ['modelGeneration']
2025-11-06 15:58:05,095 WARNING mch.training: parameter_grid is None/empty, fit pipeline without grid search
2025-11-06 15:58:05,127 INFO mch.training: Test accuracy: 0.1000, macro_f1: 0.0408, weighted_f1: 0.0571
2025-11-06 15:58:05,129 INFO mch.training: Model trained for Solid tumour, not saved
2025-11-06 15:58:05,130 INFO mch.training: Training model for node: Central nervous system
2025-11-06 15:58:26,355 INFO mch.training: Prefilter start: input shape=(129,600118), candidates=600117, topk=200, scan_max=20000, chunk_size=5000
2025-11-06 15:58:26,913 INFO mch.training: Prefilter progress: scanned 5000/20000 columns
2025-11-06 15:58:27,454 INFO mch.training: Prefilter progress: scanned 10000/20000 columns
2025-11-06 15:58:27,970 INFO mch.training: Prefilter progress: scanned 15000/20000 columns
2025-11-06 15:58:28,462 INFO mch.training: Prefilter progress: scanned 20000/20000 columns
2025-11-06 15:58:28,964 INFO mch.training: Prefilter done: kept 200 features
2025-11-06 15:58:28,997 WARNING mch.training: Drop rare classes (<2 samples): Germ cell tumour, CNS, Peripheral nerve sheath tumour, CNS
2025-11-06 15:58:29,004 INFO mch.training: Train/Test shapes: X_train=(101, 200), X_test=(26, 200)
2025-11-06 15:58:29,005 INFO mch.training: Using LogisticRegression as model.
2025-11-06 15:58:29,006 INFO mch.training: DM disabled
2025-11-06 15:58:29,007 INFO mch.training: Pipeline steps: ['modelGeneration']
2025-11-06 15:58:29,008 WARNING mch.training: parameter_grid is None/empty, fit pipeline without grid search
2025-11-06 15:58:29,076 INFO mch.training: Test accuracy: 0.1923, macro_f1: 0.0782, weighted_f1: 0.1774
2025-11-06 15:58:29,078 INFO mch.training: Model trained for Central nervous system, not saved
2025-11-06 15:58:29,080 INFO mch.training: Training model for node: Overgrowth syndrome
2025-11-06 16:08:14,613 INFO mch.training: Training model for node: Neuroblastoma
2025-11-06 16:08:33,233 INFO mch.training: Training model for node: Vascular/lymphatic anomalies
2025-11-06 16:08:40,216 INFO mch.training: Training model for node: Haematological malignancy
2025-11-06 16:08:55,917 INFO mch.training: Prefilter start: input shape=(108,600118), candidates=600117, topk=200, scan_max=20000, chunk_size=5000
2025-11-06 16:08:56,376 INFO mch.training: Prefilter progress: scanned 5000/20000 columns
2025-11-06 16:08:56,811 INFO mch.training: Prefilter progress: scanned 10000/20000 columns
2025-11-06 16:08:57,251 INFO mch.training: Prefilter progress: scanned 15000/20000 columns
2025-11-06 16:08:57,697 INFO mch.training: Prefilter progress: scanned 20000/20000 columns
2025-11-06 16:08:58,124 INFO mch.training: Prefilter done: kept 200 features
2025-11-06 16:08:58,140 WARNING mch.training: Drop rare classes (<2 samples): Histiocytosis
2025-11-06 16:08:58,146 INFO mch.training: Train/Test shapes: X_train=(85, 200), X_test=(22, 200)
2025-11-06 16:08:58,147 INFO mch.training: Using LogisticRegression as model.
2025-11-06 16:08:58,148 INFO mch.training: DM disabled
2025-11-06 16:08:58,149 INFO mch.training: Pipeline steps: ['modelGeneration']
2025-11-06 16:08:58,150 WARNING mch.training: parameter_grid is None/empty, fit pipeline without grid search
2025-11-06 16:08:58,185 INFO mch.training: Test accuracy: 0.8636, macro_f1: 0.3089, weighted_f1: 0.8004
2025-11-06 16:08:58,187 INFO mch.training: Model trained for Haematological malignancy, not saved
2025-11-06 16:08:58,188 INFO mch.training: Training model for node: Sarcoma
2025-11-06 16:09:20,216 INFO mch.training: Prefilter start: input shape=(80,600118), candidates=600117, topk=200, scan_max=20000, chunk_size=5000
2025-11-06 16:09:20,877 INFO mch.training: Prefilter progress: scanned 5000/20000 columns
2025-11-06 16:09:21,451 INFO mch.training: Prefilter progress: scanned 10000/20000 columns
2025-11-06 16:09:21,971 INFO mch.training: Prefilter progress: scanned 15000/20000 columns
2025-11-06 16:09:22,462 INFO mch.training: Prefilter progress: scanned 20000/20000 columns
2025-11-06 16:09:22,978 INFO mch.training: Prefilter done: kept 200 features
2025-11-06 16:09:23,004 WARNING mch.training: Drop rare classes (<2 samples): Liver tumour, Sarcoma
2025-11-06 16:09:23,010 INFO mch.training: Train/Test shapes: X_train=(63, 200), X_test=(16, 200)
2025-11-06 16:09:23,012 INFO mch.training: Using LogisticRegression as model.
2025-11-06 16:09:23,013 INFO mch.training: DM disabled
2025-11-06 16:09:23,014 INFO mch.training: Pipeline steps: ['modelGeneration']
2025-11-06 16:09:23,015 WARNING mch.training: parameter_grid is None/empty, fit pipeline without grid search
2025-11-06 16:09:23,058 INFO mch.training: Test accuracy: 0.1250, macro_f1: 0.0778, weighted_f1: 0.1111
2025-11-06 16:09:23,060 INFO mch.training: Model trained for Sarcoma, not saved
2025-11-06 16:09:23,061 INFO mch.training: Training model for node: Solid tumour
2025-11-06 16:09:44,689 INFO mch.training: Prefilter start: input shape=(48,600118), candidates=600117, topk=200, scan_max=20000, chunk_size=5000
2025-11-06 16:09:45,230 INFO mch.training: Prefilter progress: scanned 5000/20000 columns
2025-11-06 16:09:45,756 INFO mch.training: Prefilter progress: scanned 10000/20000 columns
2025-11-06 16:09:46,235 INFO mch.training: Prefilter progress: scanned 15000/20000 columns
2025-11-06 16:09:46,723 INFO mch.training: Prefilter progress: scanned 20000/20000 columns
2025-11-06 16:09:47,194 INFO mch.training: Prefilter done: kept 200 features
2025-11-06 16:09:47,225 INFO mch.training: Train/Test shapes: X_train=(38, 200), X_test=(10, 200)
2025-11-06 16:09:47,226 INFO mch.training: Using LogisticRegression as model.
2025-11-06 16:09:47,227 INFO mch.training: DM disabled
2025-11-06 16:09:47,228 INFO mch.training: Pipeline steps: ['modelGeneration']
2025-11-06 16:09:47,229 WARNING mch.training: parameter_grid is None/empty, fit pipeline without grid search
2025-11-06 16:09:47,266 INFO mch.training: Test accuracy: 0.1000, macro_f1: 0.0408, weighted_f1: 0.0571
2025-11-06 16:09:47,268 INFO mch.training: Model trained for Solid tumour, not saved
2025-11-06 16:09:47,269 INFO mch.training: Training model for node: Central nervous system
2025-11-06 16:10:10,080 INFO mch.training: Prefilter start: input shape=(129,600118), candidates=600117, topk=200, scan_max=20000, chunk_size=5000
2025-11-06 16:10:10,643 INFO mch.training: Prefilter progress: scanned 5000/20000 columns
2025-11-06 16:10:11,147 INFO mch.training: Prefilter progress: scanned 10000/20000 columns
2025-11-06 16:10:11,659 INFO mch.training: Prefilter progress: scanned 15000/20000 columns
2025-11-06 16:10:12,172 INFO mch.training: Prefilter progress: scanned 20000/20000 columns
2025-11-06 16:10:12,690 INFO mch.training: Prefilter done: kept 200 features
2025-11-06 16:10:12,728 WARNING mch.training: Drop rare classes (<2 samples): Germ cell tumour, CNS, Peripheral nerve sheath tumour, CNS
2025-11-06 16:10:12,733 INFO mch.training: Train/Test shapes: X_train=(101, 200), X_test=(26, 200)
2025-11-06 16:10:12,734 INFO mch.training: Using LogisticRegression as model.
2025-11-06 16:10:12,735 INFO mch.training: DM disabled
2025-11-06 16:10:12,737 INFO mch.training: Pipeline steps: ['modelGeneration']
2025-11-06 16:10:12,739 WARNING mch.training: parameter_grid is None/empty, fit pipeline without grid search
2025-11-06 16:10:12,810 INFO mch.training: Test accuracy: 0.1923, macro_f1: 0.0782, weighted_f1: 0.1774
2025-11-06 16:10:12,812 INFO mch.training: Model trained for Central nervous system, not saved
2025-11-06 16:10:12,813 INFO mch.training: Training model for node: Overgrowth syndrome
2025-11-06 16:10:44,424 INFO mch.training: Training model for node: Neuroblastoma
2025-11-06 16:11:04,055 INFO mch.training: Training model for node: Vascular/lymphatic anomalies
2025-11-06 16:11:11,494 INFO mch.training: Training model for node: Haematological malignancy
2025-11-06 16:11:27,571 INFO mch.training: Prefilter start: input shape=(108,600118), candidates=600117, topk=200, scan_max=20000, chunk_size=5000
2025-11-06 16:11:28,058 INFO mch.training: Prefilter progress: scanned 5000/20000 columns
2025-11-06 16:11:28,494 INFO mch.training: Prefilter progress: scanned 10000/20000 columns
2025-11-06 16:11:28,957 INFO mch.training: Prefilter progress: scanned 15000/20000 columns
2025-11-06 16:11:29,425 INFO mch.training: Prefilter progress: scanned 20000/20000 columns
2025-11-06 16:11:29,873 INFO mch.training: Prefilter done: kept 200 features
2025-11-06 16:11:29,892 WARNING mch.training: Drop rare classes (<2 samples): Histiocytosis
2025-11-06 16:11:29,897 INFO mch.training: Train/Test shapes: X_train=(85, 200), X_test=(22, 200)
2025-11-06 16:11:29,898 INFO mch.training: Using LogisticRegression as model.
2025-11-06 16:11:29,899 INFO mch.training: DM disabled
2025-11-06 16:11:29,900 INFO mch.training: Pipeline steps: ['modelGeneration']
2025-11-06 16:11:29,901 WARNING mch.training: parameter_grid is None/empty, fit pipeline without grid search
2025-11-06 16:11:29,935 INFO mch.training: Test accuracy: 0.8636, macro_f1: 0.3089, weighted_f1: 0.8004
2025-11-06 16:11:29,937 INFO mch.training: Model trained for Haematological malignancy, not saved
2025-11-06 16:11:29,938 INFO mch.training: Training model for node: Sarcoma
2025-11-06 16:11:51,315 INFO mch.training: Prefilter start: input shape=(80,600118), candidates=600117, topk=200, scan_max=20000, chunk_size=5000
2025-11-06 16:11:51,877 INFO mch.training: Prefilter progress: scanned 5000/20000 columns
2025-11-06 16:11:52,383 INFO mch.training: Prefilter progress: scanned 10000/20000 columns
2025-11-06 16:11:52,892 INFO mch.training: Prefilter progress: scanned 15000/20000 columns
2025-11-06 16:11:53,409 INFO mch.training: Prefilter progress: scanned 20000/20000 columns
2025-11-06 16:11:53,920 INFO mch.training: Prefilter done: kept 200 features
2025-11-06 16:11:53,942 WARNING mch.training: Drop rare classes (<2 samples): Liver tumour, Sarcoma
2025-11-06 16:11:53,947 INFO mch.training: Train/Test shapes: X_train=(63, 200), X_test=(16, 200)
2025-11-06 16:11:53,948 INFO mch.training: Using LogisticRegression as model.
2025-11-06 16:11:53,949 INFO mch.training: DM disabled
2025-11-06 16:11:53,950 INFO mch.training: Pipeline steps: ['modelGeneration']
2025-11-06 16:11:53,952 WARNING mch.training: parameter_grid is None/empty, fit pipeline without grid search
2025-11-06 16:11:53,990 INFO mch.training: Test accuracy: 0.1250, macro_f1: 0.0778, weighted_f1: 0.1111
2025-11-06 16:11:53,992 INFO mch.training: Model trained for Sarcoma, not saved
2025-11-06 16:11:53,994 INFO mch.training: Training model for node: Solid tumour
2025-11-06 16:12:15,440 INFO mch.training: Prefilter start: input shape=(48,600118), candidates=600117, topk=200, scan_max=20000, chunk_size=5000
2025-11-06 16:12:15,941 INFO mch.training: Prefilter progress: scanned 5000/20000 columns
2025-11-06 16:12:16,392 INFO mch.training: Prefilter progress: scanned 10000/20000 columns
2025-11-06 16:12:16,844 INFO mch.training: Prefilter progress: scanned 15000/20000 columns
2025-11-06 16:12:17,292 INFO mch.training: Prefilter progress: scanned 20000/20000 columns
2025-11-06 16:12:17,733 INFO mch.training: Prefilter done: kept 200 features
2025-11-06 16:12:17,757 INFO mch.training: Train/Test shapes: X_train=(38, 200), X_test=(10, 200)
2025-11-06 16:12:17,758 INFO mch.training: Using LogisticRegression as model.
2025-11-06 16:12:17,759 INFO mch.training: DM disabled
2025-11-06 16:12:17,761 INFO mch.training: Pipeline steps: ['modelGeneration']
2025-11-06 16:12:17,762 WARNING mch.training: parameter_grid is None/empty, fit pipeline without grid search
2025-11-06 16:12:17,793 INFO mch.training: Test accuracy: 0.1000, macro_f1: 0.0408, weighted_f1: 0.0571
2025-11-06 16:12:17,794 INFO mch.training: Model trained for Solid tumour, not saved
2025-11-06 16:12:17,796 INFO mch.training: Training model for node: Central nervous system
2025-11-06 16:12:38,985 INFO mch.training: Prefilter start: input shape=(129,600118), candidates=600117, topk=200, scan_max=20000, chunk_size=5000
2025-11-06 16:12:39,592 INFO mch.training: Prefilter progress: scanned 5000/20000 columns
2025-11-06 16:12:40,152 INFO mch.training: Prefilter progress: scanned 10000/20000 columns
2025-11-06 16:12:40,708 INFO mch.training: Prefilter progress: scanned 15000/20000 columns
2025-11-06 16:12:41,243 INFO mch.training: Prefilter progress: scanned 20000/20000 columns
2025-11-06 16:12:41,786 INFO mch.training: Prefilter done: kept 200 features
2025-11-06 16:12:41,829 WARNING mch.training: Drop rare classes (<2 samples): Germ cell tumour, CNS, Peripheral nerve sheath tumour, CNS
2025-11-06 16:12:41,835 INFO mch.training: Train/Test shapes: X_train=(101, 200), X_test=(26, 200)
2025-11-06 16:12:41,836 INFO mch.training: Using LogisticRegression as model.
2025-11-06 16:12:41,837 INFO mch.training: DM disabled
2025-11-06 16:12:41,838 INFO mch.training: Pipeline steps: ['modelGeneration']
2025-11-06 16:12:41,839 WARNING mch.training: parameter_grid is None/empty, fit pipeline without grid search
2025-11-06 16:12:41,907 INFO mch.training: Test accuracy: 0.1923, macro_f1: 0.0782, weighted_f1: 0.1774
2025-11-06 16:12:41,909 INFO mch.training: Model trained for Central nervous system, not saved
2025-11-06 16:12:41,911 INFO mch.training: Training model for node: Overgrowth syndrome
2025-11-06 16:13:13,842 INFO mch.training: Training model for node: Neuroblastoma
2025-11-06 16:13:32,896 INFO mch.training: Training model for node: Vascular/lymphatic anomalies
2025-11-06 16:13:40,418 INFO mch.training: Training model for node: Haematological malignancy
2025-11-06 16:13:56,419 INFO mch.training: Prefilter start: input shape=(108,600118), candidates=600117, topk=200, scan_max=20000, chunk_size=5000
2025-11-06 16:13:56,907 INFO mch.training: Prefilter progress: scanned 5000/20000 columns
2025-11-06 16:13:57,359 INFO mch.training: Prefilter progress: scanned 10000/20000 columns
2025-11-06 16:13:57,782 INFO mch.training: Prefilter progress: scanned 15000/20000 columns
2025-11-06 16:13:58,200 INFO mch.training: Prefilter progress: scanned 20000/20000 columns
2025-11-06 16:13:58,613 INFO mch.training: Prefilter done: kept 200 features
2025-11-06 16:13:58,627 WARNING mch.training: Drop rare classes (<2 samples): Histiocytosis
2025-11-06 16:13:58,634 INFO mch.training: Train/Test shapes: X_train=(85, 200), X_test=(22, 200)
2025-11-06 16:13:58,635 INFO mch.training: Using LogisticRegression as model.
2025-11-06 16:13:58,636 INFO mch.training: DM disabled
2025-11-06 16:13:58,637 INFO mch.training: Pipeline steps: ['modelGeneration']
2025-11-06 16:13:58,638 WARNING mch.training: parameter_grid is None/empty, fit pipeline without grid search
2025-11-06 16:13:58,670 INFO mch.training: Test accuracy: 0.8636, macro_f1: 0.3089, weighted_f1: 0.8004
2025-11-06 16:13:58,672 INFO mch.training: Model trained for Haematological malignancy, not saved
2025-11-06 16:13:58,673 INFO mch.training: Training model for node: Sarcoma
2025-11-06 16:14:20,286 INFO mch.training: Prefilter start: input shape=(80,600118), candidates=600117, topk=200, scan_max=20000, chunk_size=5000
2025-11-06 16:14:20,823 INFO mch.training: Prefilter progress: scanned 5000/20000 columns
2025-11-06 16:14:21,334 INFO mch.training: Prefilter progress: scanned 10000/20000 columns
2025-11-06 16:14:21,819 INFO mch.training: Prefilter progress: scanned 15000/20000 columns
2025-11-06 16:14:22,298 INFO mch.training: Prefilter progress: scanned 20000/20000 columns
2025-11-06 16:14:22,773 INFO mch.training: Prefilter done: kept 200 features
2025-11-06 16:14:22,804 WARNING mch.training: Drop rare classes (<2 samples): Liver tumour, Sarcoma
2025-11-06 16:14:22,809 INFO mch.training: Train/Test shapes: X_train=(63, 200), X_test=(16, 200)
2025-11-06 16:14:22,811 INFO mch.training: Using LogisticRegression as model.
2025-11-06 16:14:22,812 INFO mch.training: DM disabled
2025-11-06 16:14:22,812 INFO mch.training: Pipeline steps: ['modelGeneration']
2025-11-06 16:14:22,813 WARNING mch.training: parameter_grid is None/empty, fit pipeline without grid search
2025-11-06 16:14:22,846 INFO mch.training: Test accuracy: 0.1250, macro_f1: 0.0778, weighted_f1: 0.1111
2025-11-06 16:14:22,848 INFO mch.training: Model trained for Sarcoma, not saved
2025-11-06 16:14:22,849 INFO mch.training: Training model for node: Solid tumour
2025-11-06 16:14:44,073 INFO mch.training: Prefilter start: input shape=(48,600118), candidates=600117, topk=200, scan_max=20000, chunk_size=5000
2025-11-06 16:14:44,580 INFO mch.training: Prefilter progress: scanned 5000/20000 columns
2025-11-06 16:14:45,111 INFO mch.training: Prefilter progress: scanned 10000/20000 columns
2025-11-06 16:14:45,584 INFO mch.training: Prefilter progress: scanned 15000/20000 columns
2025-11-06 16:14:46,055 INFO mch.training: Prefilter progress: scanned 20000/20000 columns
2025-11-06 16:14:46,535 INFO mch.training: Prefilter done: kept 200 features
2025-11-06 16:14:46,560 INFO mch.training: Train/Test shapes: X_train=(38, 200), X_test=(10, 200)
2025-11-06 16:14:46,561 INFO mch.training: Using LogisticRegression as model.
2025-11-06 16:14:46,562 INFO mch.training: DM disabled
2025-11-06 16:14:46,563 INFO mch.training: Pipeline steps: ['modelGeneration']
2025-11-06 16:14:46,564 WARNING mch.training: parameter_grid is None/empty, fit pipeline without grid search
2025-11-06 16:14:46,594 INFO mch.training: Test accuracy: 0.1000, macro_f1: 0.0408, weighted_f1: 0.0571
2025-11-06 16:14:46,595 INFO mch.training: Model trained for Solid tumour, not saved
2025-11-06 16:14:46,596 INFO mch.training: Training model for node: Central nervous system
2025-11-06 16:15:08,246 INFO mch.training: Prefilter start: input shape=(129,600118), candidates=600117, topk=200, scan_max=20000, chunk_size=5000
2025-11-06 16:15:08,787 INFO mch.training: Prefilter progress: scanned 5000/20000 columns
2025-11-06 16:15:09,314 INFO mch.training: Prefilter progress: scanned 10000/20000 columns
2025-11-06 16:15:09,864 INFO mch.training: Prefilter progress: scanned 15000/20000 columns
2025-11-06 16:15:10,387 INFO mch.training: Prefilter progress: scanned 20000/20000 columns
2025-11-06 16:15:10,894 INFO mch.training: Prefilter done: kept 200 features
2025-11-06 16:15:10,929 WARNING mch.training: Drop rare classes (<2 samples): Germ cell tumour, CNS, Peripheral nerve sheath tumour, CNS
2025-11-06 16:15:10,934 INFO mch.training: Train/Test shapes: X_train=(101, 200), X_test=(26, 200)
2025-11-06 16:15:10,935 INFO mch.training: Using LogisticRegression as model.
2025-11-06 16:15:10,936 INFO mch.training: DM disabled
2025-11-06 16:15:10,937 INFO mch.training: Pipeline steps: ['modelGeneration']
2025-11-06 16:15:10,938 WARNING mch.training: parameter_grid is None/empty, fit pipeline without grid search
2025-11-06 16:15:11,002 INFO mch.training: Test accuracy: 0.1923, macro_f1: 0.0782, weighted_f1: 0.1774
2025-11-06 16:15:11,003 INFO mch.training: Model trained for Central nervous system, not saved
2025-11-06 16:15:11,005 INFO mch.training: Training model for node: Overgrowth syndrome
2025-11-06 16:16:19,242 INFO mch.training: Training model for node: Neuroblastoma
2025-11-06 16:16:38,548 INFO mch.training: Training model for node: Vascular/lymphatic anomalies
2025-11-06 16:16:46,068 INFO mch.training: Training model for node: Haematological malignancy
2025-11-06 16:17:01,762 INFO mch.training: Prefilter start: input shape=(108,600118), candidates=600117, topk=200, scan_max=20000, chunk_size=5000
2025-11-06 16:17:02,262 INFO mch.training: Prefilter progress: scanned 5000/20000 columns
2025-11-06 16:17:02,713 INFO mch.training: Prefilter progress: scanned 10000/20000 columns
2025-11-06 16:17:03,170 INFO mch.training: Prefilter progress: scanned 15000/20000 columns
2025-11-06 16:17:03,612 INFO mch.training: Prefilter progress: scanned 20000/20000 columns
2025-11-06 16:17:04,035 INFO mch.training: Prefilter done: kept 200 features
2025-11-06 16:17:04,048 WARNING mch.training: Drop rare classes (<2 samples): Histiocytosis
2025-11-06 16:17:04,053 INFO mch.training: Train/Test shapes: X_train=(85, 200), X_test=(22, 200)
2025-11-06 16:17:04,055 INFO mch.training: Using LogisticRegression as model.
2025-11-06 16:17:04,056 INFO mch.training: DM disabled
2025-11-06 16:17:04,057 INFO mch.training: Pipeline steps: ['modelGeneration']
2025-11-06 16:17:04,058 WARNING mch.training: parameter_grid is None/empty, fit pipeline without grid search
2025-11-06 16:17:04,094 INFO mch.training: Test accuracy: 0.8636, macro_f1: 0.3089, weighted_f1: 0.8004
2025-11-06 16:17:04,096 INFO mch.training: Model trained for Haematological malignancy, not saved
2025-11-06 16:17:04,097 INFO mch.training: Training model for node: Sarcoma
2025-11-06 16:17:25,463 INFO mch.training: Prefilter start: input shape=(80,600118), candidates=600117, topk=200, scan_max=20000, chunk_size=5000
2025-11-06 16:17:26,008 INFO mch.training: Prefilter progress: scanned 5000/20000 columns
2025-11-06 16:17:26,494 INFO mch.training: Prefilter progress: scanned 10000/20000 columns
2025-11-06 16:17:26,978 INFO mch.training: Prefilter progress: scanned 15000/20000 columns
2025-11-06 16:17:27,439 INFO mch.training: Prefilter progress: scanned 20000/20000 columns
2025-11-06 16:17:27,916 INFO mch.training: Prefilter done: kept 200 features
2025-11-06 16:17:27,946 WARNING mch.training: Drop rare classes (<2 samples): Liver tumour, Sarcoma
2025-11-06 16:17:27,951 INFO mch.training: Train/Test shapes: X_train=(63, 200), X_test=(16, 200)
2025-11-06 16:17:27,953 INFO mch.training: Using LogisticRegression as model.
2025-11-06 16:17:27,954 INFO mch.training: DM disabled
2025-11-06 16:17:27,955 INFO mch.training: Pipeline steps: ['modelGeneration']
2025-11-06 16:17:27,956 WARNING mch.training: parameter_grid is None/empty, fit pipeline without grid search
2025-11-06 16:17:27,992 INFO mch.training: Test accuracy: 0.1250, macro_f1: 0.0778, weighted_f1: 0.1111
2025-11-06 16:17:27,993 INFO mch.training: Model trained for Sarcoma, not saved
2025-11-06 16:17:27,994 INFO mch.training: Training model for node: Solid tumour
2025-11-06 16:17:49,123 INFO mch.training: Prefilter start: input shape=(48,600118), candidates=600117, topk=200, scan_max=20000, chunk_size=5000
2025-11-06 16:17:49,634 INFO mch.training: Prefilter progress: scanned 5000/20000 columns
2025-11-06 16:17:50,112 INFO mch.training: Prefilter progress: scanned 10000/20000 columns
2025-11-06 16:17:50,566 INFO mch.training: Prefilter progress: scanned 15000/20000 columns
2025-11-06 16:17:51,006 INFO mch.training: Prefilter progress: scanned 20000/20000 columns
2025-11-06 16:17:51,449 INFO mch.training: Prefilter done: kept 200 features
2025-11-06 16:17:51,481 INFO mch.training: Train/Test shapes: X_train=(38, 200), X_test=(10, 200)
2025-11-06 16:17:51,483 INFO mch.training: Using LogisticRegression as model.
2025-11-06 16:17:51,484 INFO mch.training: DM disabled
2025-11-06 16:17:51,485 INFO mch.training: Pipeline steps: ['modelGeneration']
2025-11-06 16:17:51,486 WARNING mch.training: parameter_grid is None/empty, fit pipeline without grid search
2025-11-06 16:17:51,517 INFO mch.training: Test accuracy: 0.1000, macro_f1: 0.0408, weighted_f1: 0.0571
2025-11-06 16:17:51,519 INFO mch.training: Model trained for Solid tumour, not saved
2025-11-06 16:17:51,520 INFO mch.training: Training model for node: Central nervous system
2025-11-06 16:18:12,883 INFO mch.training: Prefilter start: input shape=(129,600118), candidates=600117, topk=200, scan_max=20000, chunk_size=5000
2025-11-06 16:18:13,459 INFO mch.training: Prefilter progress: scanned 5000/20000 columns
2025-11-06 16:18:13,995 INFO mch.training: Prefilter progress: scanned 10000/20000 columns
2025-11-06 16:18:14,565 INFO mch.training: Prefilter progress: scanned 15000/20000 columns
2025-11-06 16:18:15,080 INFO mch.training: Prefilter progress: scanned 20000/20000 columns
2025-11-06 16:18:15,561 INFO mch.training: Prefilter done: kept 200 features
2025-11-06 16:18:15,599 WARNING mch.training: Drop rare classes (<2 samples): Germ cell tumour, CNS, Peripheral nerve sheath tumour, CNS
2025-11-06 16:18:15,604 INFO mch.training: Train/Test shapes: X_train=(101, 200), X_test=(26, 200)
2025-11-06 16:18:15,605 INFO mch.training: Using LogisticRegression as model.
2025-11-06 16:18:15,606 INFO mch.training: DM disabled
2025-11-06 16:18:15,607 INFO mch.training: Pipeline steps: ['modelGeneration']
2025-11-06 16:18:15,608 WARNING mch.training: parameter_grid is None/empty, fit pipeline without grid search
2025-11-06 16:18:15,670 INFO mch.training: Test accuracy: 0.1923, macro_f1: 0.0782, weighted_f1: 0.1774
2025-11-06 16:18:15,672 INFO mch.training: Model trained for Central nervous system, not saved
2025-11-06 16:18:15,673 INFO mch.training: Training model for node: Overgrowth syndrome
2025-11-06 16:39:33,833 INFO mch.training: Training model for node: Neuroblastoma
2025-11-06 16:39:57,042 INFO mch.training: Training model for node: Vascular/lymphatic anomalies
2025-11-06 16:40:05,442 INFO mch.training: Training model for node: Haematological malignancy
2025-11-06 16:40:22,289 INFO mch.training: Prefilter start: input shape=(108,600118), candidates=600117, topk=200, scan_max=20000, chunk_size=5000
2025-11-06 16:40:22,814 INFO mch.training: Prefilter progress: scanned 5000/20000 columns
2025-11-06 16:40:23,302 INFO mch.training: Prefilter progress: scanned 10000/20000 columns
2025-11-06 16:40:23,764 INFO mch.training: Prefilter progress: scanned 15000/20000 columns
2025-11-06 16:40:24,240 INFO mch.training: Prefilter progress: scanned 20000/20000 columns
2025-11-06 16:40:24,698 INFO mch.training: Prefilter done: kept 200 features
2025-11-06 16:40:24,722 WARNING mch.training: Drop rare classes (<2 samples): Histiocytosis
2025-11-06 16:40:24,728 INFO mch.training: Train/Test shapes: X_train=(85, 200), X_test=(22, 200)
2025-11-06 16:40:24,729 INFO mch.training: Using LogisticRegression as model.
2025-11-06 16:40:24,730 INFO mch.training: DM disabled
2025-11-06 16:40:24,731 INFO mch.training: Pipeline steps: ['modelGeneration']
2025-11-06 16:40:24,733 WARNING mch.training: parameter_grid is None/empty, fit pipeline without grid search
2025-11-06 16:40:24,866 INFO mch.training: Test accuracy: 0.8636, macro_f1: 0.3089, weighted_f1: 0.8004
2025-11-06 16:40:24,867 INFO mch.training: Model trained for Haematological malignancy, not saved
2025-11-06 16:40:24,869 INFO mch.training: Training model for node: Sarcoma
2025-11-06 16:40:47,244 INFO mch.training: Prefilter start: input shape=(80,600118), candidates=600117, topk=200, scan_max=20000, chunk_size=5000
2025-11-06 16:40:47,790 INFO mch.training: Prefilter progress: scanned 5000/20000 columns
2025-11-06 16:40:48,299 INFO mch.training: Prefilter progress: scanned 10000/20000 columns
2025-11-06 16:40:48,790 INFO mch.training: Prefilter progress: scanned 15000/20000 columns
2025-11-06 16:40:49,300 INFO mch.training: Prefilter progress: scanned 20000/20000 columns
2025-11-06 16:40:49,801 INFO mch.training: Prefilter done: kept 200 features
2025-11-06 16:40:49,833 WARNING mch.training: Drop rare classes (<2 samples): Liver tumour, Sarcoma
2025-11-06 16:40:49,839 INFO mch.training: Train/Test shapes: X_train=(63, 200), X_test=(16, 200)
2025-11-06 16:40:49,841 INFO mch.training: Using LogisticRegression as model.
2025-11-06 16:40:49,841 INFO mch.training: DM disabled
2025-11-06 16:40:49,843 INFO mch.training: Pipeline steps: ['modelGeneration']
2025-11-06 16:40:49,844 WARNING mch.training: parameter_grid is None/empty, fit pipeline without grid search
2025-11-06 16:40:49,879 INFO mch.training: Test accuracy: 0.1250, macro_f1: 0.0778, weighted_f1: 0.1111
2025-11-06 16:40:49,880 INFO mch.training: Model trained for Sarcoma, not saved
2025-11-06 16:40:49,882 INFO mch.training: Training model for node: Solid tumour
2025-11-06 16:41:11,189 INFO mch.training: Prefilter start: input shape=(48,600118), candidates=600117, topk=200, scan_max=20000, chunk_size=5000
2025-11-06 16:41:11,709 INFO mch.training: Prefilter progress: scanned 5000/20000 columns
2025-11-06 16:41:12,207 INFO mch.training: Prefilter progress: scanned 10000/20000 columns
2025-11-06 16:41:12,698 INFO mch.training: Prefilter progress: scanned 15000/20000 columns
2025-11-06 16:41:13,174 INFO mch.training: Prefilter progress: scanned 20000/20000 columns
2025-11-06 16:41:13,663 INFO mch.training: Prefilter done: kept 200 features
2025-11-06 16:41:13,693 INFO mch.training: Train/Test shapes: X_train=(38, 200), X_test=(10, 200)
2025-11-06 16:41:13,694 INFO mch.training: Using LogisticRegression as model.
2025-11-06 16:41:13,695 INFO mch.training: DM disabled
2025-11-06 16:41:13,697 INFO mch.training: Pipeline steps: ['modelGeneration']
2025-11-06 16:41:13,698 WARNING mch.training: parameter_grid is None/empty, fit pipeline without grid search
2025-11-06 16:41:13,729 INFO mch.training: Test accuracy: 0.1000, macro_f1: 0.0408, weighted_f1: 0.0571
2025-11-06 16:41:13,731 INFO mch.training: Model trained for Solid tumour, not saved
2025-11-06 16:41:13,732 INFO mch.training: Training model for node: Central nervous system
2025-11-06 16:41:35,636 INFO mch.training: Prefilter start: input shape=(129,600118), candidates=600117, topk=200, scan_max=20000, chunk_size=5000
2025-11-06 16:41:36,217 INFO mch.training: Prefilter progress: scanned 5000/20000 columns
2025-11-06 16:41:36,758 INFO mch.training: Prefilter progress: scanned 10000/20000 columns
2025-11-06 16:41:37,289 INFO mch.training: Prefilter progress: scanned 15000/20000 columns
2025-11-06 16:41:37,779 INFO mch.training: Prefilter progress: scanned 20000/20000 columns
2025-11-06 16:41:38,274 INFO mch.training: Prefilter done: kept 200 features
2025-11-06 16:41:38,301 WARNING mch.training: Drop rare classes (<2 samples): Germ cell tumour, CNS, Peripheral nerve sheath tumour, CNS
2025-11-06 16:41:38,306 INFO mch.training: Train/Test shapes: X_train=(101, 200), X_test=(26, 200)
2025-11-06 16:41:38,307 INFO mch.training: Using LogisticRegression as model.
2025-11-06 16:41:38,308 INFO mch.training: DM disabled
2025-11-06 16:41:38,309 INFO mch.training: Pipeline steps: ['modelGeneration']
2025-11-06 16:41:38,310 WARNING mch.training: parameter_grid is None/empty, fit pipeline without grid search
2025-11-06 16:41:38,374 INFO mch.training: Test accuracy: 0.1923, macro_f1: 0.0782, weighted_f1: 0.1774
2025-11-06 16:41:38,375 INFO mch.training: Model trained for Central nervous system, not saved
2025-11-06 16:41:38,376 INFO mch.training: Training model for node: Overgrowth syndrome
2025-11-06 16:45:56,894 INFO mch.training: Training model for node: Neuroblastoma
2025-11-06 16:46:16,086 INFO mch.training: Training model for node: Vascular/lymphatic anomalies
2025-11-06 16:46:23,379 INFO mch.training: Training model for node: Haematological malignancy
2025-11-06 16:46:39,499 INFO mch.training: Prefilter start: input shape=(108,600118), candidates=600117, topk=200, scan_max=20000, chunk_size=5000
2025-11-06 16:46:39,996 INFO mch.training: Prefilter progress: scanned 5000/20000 columns
2025-11-06 16:46:40,455 INFO mch.training: Prefilter progress: scanned 10000/20000 columns
2025-11-06 16:46:40,909 INFO mch.training: Prefilter progress: scanned 15000/20000 columns
2025-11-06 16:46:41,342 INFO mch.training: Prefilter progress: scanned 20000/20000 columns
2025-11-06 16:46:41,783 INFO mch.training: Prefilter done: kept 200 features
2025-11-06 16:46:41,797 WARNING mch.training: Drop rare classes (<2 samples): Histiocytosis
2025-11-06 16:46:41,802 INFO mch.training: Train/Test shapes: X_train=(85, 200), X_test=(22, 200)
2025-11-06 16:46:41,803 INFO mch.training: Using LogisticRegression as model.
2025-11-06 16:46:41,804 INFO mch.training: DM disabled
2025-11-06 16:46:41,805 INFO mch.training: Pipeline steps: ['modelGeneration']
2025-11-06 16:46:41,806 WARNING mch.training: parameter_grid is None/empty, fit pipeline without grid search
2025-11-06 16:46:41,840 INFO mch.training: Test accuracy: 0.8636, macro_f1: 0.3089, weighted_f1: 0.8004
2025-11-06 16:46:41,842 INFO mch.training: Model trained for Haematological malignancy, not saved
2025-11-06 16:46:41,843 INFO mch.training: Training model for node: Sarcoma
2025-11-06 16:47:03,238 INFO mch.training: Prefilter start: input shape=(80,600118), candidates=600117, topk=200, scan_max=20000, chunk_size=5000
2025-11-06 16:47:03,736 INFO mch.training: Prefilter progress: scanned 5000/20000 columns
2025-11-06 16:47:04,264 INFO mch.training: Prefilter progress: scanned 10000/20000 columns
2025-11-06 16:47:04,764 INFO mch.training: Prefilter progress: scanned 15000/20000 columns
2025-11-06 16:47:05,269 INFO mch.training: Prefilter progress: scanned 20000/20000 columns
2025-11-06 16:47:05,747 INFO mch.training: Prefilter done: kept 200 features
2025-11-06 16:47:05,772 WARNING mch.training: Drop rare classes (<2 samples): Liver tumour, Sarcoma
2025-11-06 16:47:05,778 INFO mch.training: Train/Test shapes: X_train=(63, 200), X_test=(16, 200)
2025-11-06 16:47:05,779 INFO mch.training: Using LogisticRegression as model.
2025-11-06 16:47:05,780 INFO mch.training: DM disabled
2025-11-06 16:47:05,781 INFO mch.training: Pipeline steps: ['modelGeneration']
2025-11-06 16:47:05,782 WARNING mch.training: parameter_grid is None/empty, fit pipeline without grid search
2025-11-06 16:47:05,818 INFO mch.training: Test accuracy: 0.1250, macro_f1: 0.0778, weighted_f1: 0.1111
2025-11-06 16:47:05,819 INFO mch.training: Model trained for Sarcoma, not saved
2025-11-06 16:47:05,820 INFO mch.training: Training model for node: Solid tumour
2025-11-06 16:47:26,783 INFO mch.training: Prefilter start: input shape=(48,600118), candidates=600117, topk=200, scan_max=20000, chunk_size=5000
2025-11-06 16:47:27,316 INFO mch.training: Prefilter progress: scanned 5000/20000 columns
2025-11-06 16:47:27,796 INFO mch.training: Prefilter progress: scanned 10000/20000 columns
2025-11-06 16:47:28,279 INFO mch.training: Prefilter progress: scanned 15000/20000 columns
2025-11-06 16:47:29,096 INFO mch.training: Prefilter progress: scanned 20000/20000 columns
2025-11-06 16:47:29,593 INFO mch.training: Prefilter done: kept 200 features
2025-11-06 16:47:29,633 INFO mch.training: Train/Test shapes: X_train=(38, 200), X_test=(10, 200)
2025-11-06 16:47:29,635 INFO mch.training: Using LogisticRegression as model.
2025-11-06 16:47:29,637 INFO mch.training: DM disabled
2025-11-06 16:47:29,638 INFO mch.training: Pipeline steps: ['modelGeneration']
2025-11-06 16:47:29,639 WARNING mch.training: parameter_grid is None/empty, fit pipeline without grid search
2025-11-06 16:47:29,678 INFO mch.training: Test accuracy: 0.1000, macro_f1: 0.0408, weighted_f1: 0.0571
2025-11-06 16:47:29,679 INFO mch.training: Model trained for Solid tumour, not saved
2025-11-06 16:47:29,681 INFO mch.training: Training model for node: Central nervous system
2025-11-06 16:47:51,864 INFO mch.training: Prefilter start: input shape=(129,600118), candidates=600117, topk=200, scan_max=20000, chunk_size=5000
2025-11-06 16:47:52,411 INFO mch.training: Prefilter progress: scanned 5000/20000 columns
2025-11-06 16:47:52,963 INFO mch.training: Prefilter progress: scanned 10000/20000 columns
2025-11-06 16:47:53,521 INFO mch.training: Prefilter progress: scanned 15000/20000 columns
2025-11-06 16:47:54,027 INFO mch.training: Prefilter progress: scanned 20000/20000 columns
2025-11-06 16:47:54,534 INFO mch.training: Prefilter done: kept 200 features
2025-11-06 16:47:54,560 WARNING mch.training: Drop rare classes (<2 samples): Germ cell tumour, CNS, Peripheral nerve sheath tumour, CNS
2025-11-06 16:47:54,565 INFO mch.training: Train/Test shapes: X_train=(101, 200), X_test=(26, 200)
2025-11-06 16:47:54,566 INFO mch.training: Using LogisticRegression as model.
2025-11-06 16:47:54,567 INFO mch.training: DM disabled
2025-11-06 16:47:54,568 INFO mch.training: Pipeline steps: ['modelGeneration']
2025-11-06 16:47:54,569 WARNING mch.training: parameter_grid is None/empty, fit pipeline without grid search
2025-11-06 16:47:54,635 INFO mch.training: Test accuracy: 0.1923, macro_f1: 0.0782, weighted_f1: 0.1774
2025-11-06 16:47:54,638 INFO mch.training: Model trained for Central nervous system, not saved
2025-11-06 16:47:54,639 INFO mch.training: Training model for node: Overgrowth syndrome
2025-11-06 16:57:19,978 INFO mch.training: Training model for node: Neuroblastoma
2025-11-06 16:57:20,273 INFO mch.training: Training model for node: Neuroblastoma
2025-11-06 16:57:20,713 INFO mch.training: Training model for node: Neuroblastoma
2025-11-06 16:57:21,361 INFO mch.training: Training model for node: Neuroblastoma
2025-11-06 16:57:44,267 INFO mch.training: Training model for node: Vascular/lymphatic anomalies
2025-11-06 16:57:44,539 INFO mch.training: Training model for node: Vascular/lymphatic anomalies
2025-11-06 16:57:45,058 INFO mch.training: Training model for node: Vascular/lymphatic anomalies
2025-11-06 16:57:45,674 INFO mch.training: Training model for node: Vascular/lymphatic anomalies
2025-11-06 16:57:54,842 INFO mch.training: Training model for node: Haematological malignancy
2025-11-06 16:57:54,930 INFO mch.training: Training model for node: Haematological malignancy
2025-11-06 16:57:55,133 INFO mch.training: Training model for node: Haematological malignancy
2025-11-06 16:57:55,247 INFO mch.training: Training model for node: Haematological malignancy
2025-11-06 16:58:18,131 INFO mch.training: Prefilter start: input shape=(108,600118), candidates=600117, topk=200, scan_max=20000, chunk_size=5000
2025-11-06 16:58:18,179 INFO mch.training: Prefilter start: input shape=(108,600118), candidates=600117, topk=200, scan_max=20000, chunk_size=5000
2025-11-06 16:58:18,206 INFO mch.training: Prefilter start: input shape=(108,600118), candidates=600117, topk=200, scan_max=20000, chunk_size=5000
2025-11-06 16:58:18,274 INFO mch.training: Prefilter start: input shape=(108,600118), candidates=600117, topk=200, scan_max=20000, chunk_size=5000
2025-11-06 16:58:18,647 INFO mch.training: Prefilter progress: scanned 5000/20000 columns
2025-11-06 16:58:18,747 INFO mch.training: Prefilter progress: scanned 5000/20000 columns
2025-11-06 16:58:18,759 INFO mch.training: Prefilter progress: scanned 5000/20000 columns
2025-11-06 16:58:18,837 INFO mch.training: Prefilter progress: scanned 5000/20000 columns
2025-11-06 16:58:19,129 INFO mch.training: Prefilter progress: scanned 10000/20000 columns
2025-11-06 16:58:19,235 INFO mch.training: Prefilter progress: scanned 10000/20000 columns
2025-11-06 16:58:19,279 INFO mch.training: Prefilter progress: scanned 10000/20000 columns
2025-11-06 16:58:19,359 INFO mch.training: Prefilter progress: scanned 10000/20000 columns
2025-11-06 16:58:19,592 INFO mch.training: Prefilter progress: scanned 15000/20000 columns
2025-11-06 16:58:19,706 INFO mch.training: Prefilter progress: scanned 15000/20000 columns
2025-11-06 16:58:19,774 INFO mch.training: Prefilter progress: scanned 15000/20000 columns
2025-11-06 16:58:19,866 INFO mch.training: Prefilter progress: scanned 15000/20000 columns
2025-11-06 16:58:20,070 INFO mch.training: Prefilter progress: scanned 20000/20000 columns
2025-11-06 16:58:20,186 INFO mch.training: Prefilter progress: scanned 20000/20000 columns
2025-11-06 16:58:20,292 INFO mch.training: Prefilter progress: scanned 20000/20000 columns
2025-11-06 16:58:20,405 INFO mch.training: Prefilter progress: scanned 20000/20000 columns
2025-11-06 16:58:20,569 INFO mch.training: Prefilter done: kept 200 features
2025-11-06 16:58:20,590 WARNING mch.training: Drop rare classes (<2 samples): Histiocytosis
2025-11-06 16:58:20,599 INFO mch.training: Train/Test shapes: X_train=(85, 200), X_test=(22, 200)
2025-11-06 16:58:20,600 INFO mch.training: Using LogisticRegression as model.
2025-11-06 16:58:20,601 INFO mch.training: DM disabled
2025-11-06 16:58:20,602 INFO mch.training: Pipeline steps: ['modelGeneration']
2025-11-06 16:58:20,603 WARNING mch.training: parameter_grid is None/empty, fit pipeline without grid search
2025-11-06 16:58:20,674 INFO mch.training: Prefilter done: kept 200 features
2025-11-06 16:58:20,692 WARNING mch.training: Drop rare classes (<2 samples): Histiocytosis
2025-11-06 16:58:20,698 INFO mch.training: Train/Test shapes: X_train=(85, 200), X_test=(22, 200)
2025-11-06 16:58:20,699 INFO mch.training: Using LogisticRegression as model.
2025-11-06 16:58:20,700 INFO mch.training: DM disabled
2025-11-06 16:58:20,702 INFO mch.training: Pipeline steps: ['modelGeneration']
2025-11-06 16:58:20,703 WARNING mch.training: parameter_grid is None/empty, fit pipeline without grid search
2025-11-06 16:58:20,760 INFO mch.training: Test accuracy: 0.8636, macro_f1: 0.3089, weighted_f1: 0.8004
2025-11-06 16:58:20,762 INFO mch.training: Model trained for Haematological malignancy, not saved
2025-11-06 16:58:20,763 INFO mch.training: Training model for node: Sarcoma
2025-11-06 16:58:20,776 INFO mch.training: Prefilter done: kept 200 features
2025-11-06 16:58:20,795 WARNING mch.training: Drop rare classes (<2 samples): Histiocytosis
2025-11-06 16:58:20,802 INFO mch.training: Train/Test shapes: X_train=(85, 200), X_test=(22, 200)
2025-11-06 16:58:20,803 INFO mch.training: Using LogisticRegression as model.
2025-11-06 16:58:20,804 INFO mch.training: DM disabled
2025-11-06 16:58:20,805 INFO mch.training: Pipeline steps: ['modelGeneration']
2025-11-06 16:58:20,806 WARNING mch.training: parameter_grid is None/empty, fit pipeline without grid search
2025-11-06 16:58:20,821 INFO mch.training: Test accuracy: 0.8636, macro_f1: 0.3089, weighted_f1: 0.8004
2025-11-06 16:58:20,823 INFO mch.training: Model trained for Haematological malignancy, not saved
2025-11-06 16:58:20,824 INFO mch.training: Training model for node: Sarcoma
2025-11-06 16:58:20,914 INFO mch.training: Prefilter done: kept 200 features
2025-11-06 16:58:20,931 WARNING mch.training: Drop rare classes (<2 samples): Histiocytosis
2025-11-06 16:58:20,939 INFO mch.training: Train/Test shapes: X_train=(85, 200), X_test=(22, 200)
2025-11-06 16:58:20,940 INFO mch.training: Using LogisticRegression as model.
2025-11-06 16:58:20,941 INFO mch.training: DM disabled
2025-11-06 16:58:20,942 INFO mch.training: Pipeline steps: ['modelGeneration']
2025-11-06 16:58:20,943 WARNING mch.training: parameter_grid is None/empty, fit pipeline without grid search
2025-11-06 16:58:21,035 INFO mch.training: Test accuracy: 0.8636, macro_f1: 0.3089, weighted_f1: 0.8004
2025-11-06 16:58:21,037 INFO mch.training: Model trained for Haematological malignancy, not saved
2025-11-06 16:58:21,038 INFO mch.training: Training model for node: Sarcoma
2025-11-06 16:58:21,077 INFO mch.training: Test accuracy: 0.8636, macro_f1: 0.3089, weighted_f1: 0.8004
2025-11-06 16:58:21,080 INFO mch.training: Model trained for Haematological malignancy, not saved
2025-11-06 16:58:21,088 INFO mch.training: Training model for node: Sarcoma
2025-11-06 16:58:49,430 INFO mch.training: Prefilter start: input shape=(80,600118), candidates=600117, topk=200, scan_max=20000, chunk_size=5000
2025-11-06 16:58:49,614 INFO mch.training: Prefilter start: input shape=(80,600118), candidates=600117, topk=200, scan_max=20000, chunk_size=5000
2025-11-06 16:58:49,762 INFO mch.training: Prefilter start: input shape=(80,600118), candidates=600117, topk=200, scan_max=20000, chunk_size=5000
2025-11-06 16:58:49,772 INFO mch.training: Prefilter start: input shape=(80,600118), candidates=600117, topk=200, scan_max=20000, chunk_size=5000
2025-11-06 16:58:50,012 INFO mch.training: Prefilter progress: scanned 5000/20000 columns
2025-11-06 16:58:50,232 INFO mch.training: Prefilter progress: scanned 5000/20000 columns
2025-11-06 16:58:50,376 INFO mch.training: Prefilter progress: scanned 5000/20000 columns
2025-11-06 16:58:50,381 INFO mch.training: Prefilter progress: scanned 5000/20000 columns
2025-11-06 16:58:50,600 INFO mch.training: Prefilter progress: scanned 10000/20000 columns
2025-11-06 16:58:50,801 INFO mch.training: Prefilter progress: scanned 10000/20000 columns
2025-11-06 16:58:50,956 INFO mch.training: Prefilter progress: scanned 10000/20000 columns
2025-11-06 16:58:50,959 INFO mch.training: Prefilter progress: scanned 10000/20000 columns
2025-11-06 16:58:51,173 INFO mch.training: Prefilter progress: scanned 15000/20000 columns
2025-11-06 16:58:51,385 INFO mch.training: Prefilter progress: scanned 15000/20000 columns
2025-11-06 16:58:51,516 INFO mch.training: Prefilter progress: scanned 15000/20000 columns
2025-11-06 16:58:51,532 INFO mch.training: Prefilter progress: scanned 15000/20000 columns
2025-11-06 16:58:51,720 INFO mch.training: Prefilter progress: scanned 20000/20000 columns
2025-11-06 16:58:51,930 INFO mch.training: Prefilter progress: scanned 20000/20000 columns
2025-11-06 16:58:52,074 INFO mch.training: Prefilter progress: scanned 20000/20000 columns
2025-11-06 16:58:52,084 INFO mch.training: Prefilter progress: scanned 20000/20000 columns
2025-11-06 16:58:52,273 INFO mch.training: Prefilter done: kept 200 features
2025-11-06 16:58:52,313 WARNING mch.training: Drop rare classes (<2 samples): Liver tumour, Sarcoma
2025-11-06 16:58:52,318 INFO mch.training: Train/Test shapes: X_train=(63, 200), X_test=(16, 200)
2025-11-06 16:58:52,319 INFO mch.training: Using LogisticRegression as model.
2025-11-06 16:58:52,321 INFO mch.training: DM disabled
2025-11-06 16:58:52,324 INFO mch.training: Pipeline steps: ['modelGeneration']
2025-11-06 16:58:52,325 WARNING mch.training: parameter_grid is None/empty, fit pipeline without grid search
2025-11-06 16:58:52,363 INFO mch.training: Test accuracy: 0.1250, macro_f1: 0.0778, weighted_f1: 0.1111
2025-11-06 16:58:52,364 INFO mch.training: Model trained for Sarcoma, not saved
2025-11-06 16:58:52,365 INFO mch.training: Training model for node: Solid tumour
2025-11-06 16:58:52,474 INFO mch.training: Prefilter done: kept 200 features
2025-11-06 16:58:52,510 WARNING mch.training: Drop rare classes (<2 samples): Liver tumour, Sarcoma
2025-11-06 16:58:52,516 INFO mch.training: Train/Test shapes: X_train=(63, 200), X_test=(16, 200)
2025-11-06 16:58:52,518 INFO mch.training: Using LogisticRegression as model.
2025-11-06 16:58:52,519 INFO mch.training: DM disabled
2025-11-06 16:58:52,520 INFO mch.training: Pipeline steps: ['modelGeneration']
2025-11-06 16:58:52,522 WARNING mch.training: parameter_grid is None/empty, fit pipeline without grid search
2025-11-06 16:58:52,559 INFO mch.training: Test accuracy: 0.1250, macro_f1: 0.0778, weighted_f1: 0.1111
2025-11-06 16:58:52,561 INFO mch.training: Model trained for Sarcoma, not saved
2025-11-06 16:58:52,562 INFO mch.training: Training model for node: Solid tumour
2025-11-06 16:58:52,600 INFO mch.training: Prefilter done: kept 200 features
2025-11-06 16:58:52,605 INFO mch.training: Prefilter done: kept 200 features
2025-11-06 16:58:52,622 WARNING mch.training: Drop rare classes (<2 samples): Liver tumour, Sarcoma
2025-11-06 16:58:52,627 INFO mch.training: Train/Test shapes: X_train=(63, 200), X_test=(16, 200)
2025-11-06 16:58:52,629 INFO mch.training: Using LogisticRegression as model.
2025-11-06 16:58:52,630 INFO mch.training: DM disabled
2025-11-06 16:58:52,632 INFO mch.training: Pipeline steps: ['modelGeneration']
2025-11-06 16:58:52,633 WARNING mch.training: parameter_grid is None/empty, fit pipeline without grid search
2025-11-06 16:58:52,636 WARNING mch.training: Drop rare classes (<2 samples): Liver tumour, Sarcoma
2025-11-06 16:58:52,642 INFO mch.training: Train/Test shapes: X_train=(63, 200), X_test=(16, 200)
2025-11-06 16:58:52,643 INFO mch.training: Using LogisticRegression as model.
2025-11-06 16:58:52,643 INFO mch.training: DM disabled
2025-11-06 16:58:52,645 INFO mch.training: Pipeline steps: ['modelGeneration']
2025-11-06 16:58:52,646 WARNING mch.training: parameter_grid is None/empty, fit pipeline without grid search
2025-11-06 16:58:52,672 INFO mch.training: Test accuracy: 0.1250, macro_f1: 0.0778, weighted_f1: 0.1111
2025-11-06 16:58:52,673 INFO mch.training: Model trained for Sarcoma, not saved
2025-11-06 16:58:52,674 INFO mch.training: Training model for node: Solid tumour
2025-11-06 16:58:52,681 INFO mch.training: Test accuracy: 0.1250, macro_f1: 0.0778, weighted_f1: 0.1111
2025-11-06 16:58:52,684 INFO mch.training: Model trained for Sarcoma, not saved
2025-11-06 16:58:52,685 INFO mch.training: Training model for node: Solid tumour
2025-11-06 16:59:20,413 INFO mch.training: Prefilter start: input shape=(48,600118), candidates=600117, topk=200, scan_max=20000, chunk_size=5000
2025-11-06 16:59:20,541 INFO mch.training: Prefilter start: input shape=(48,600118), candidates=600117, topk=200, scan_max=20000, chunk_size=5000
2025-11-06 16:59:20,556 INFO mch.training: Prefilter start: input shape=(48,600118), candidates=600117, topk=200, scan_max=20000, chunk_size=5000
2025-11-06 16:59:20,907 INFO mch.training: Prefilter start: input shape=(48,600118), candidates=600117, topk=200, scan_max=20000, chunk_size=5000
2025-11-06 16:59:21,018 INFO mch.training: Prefilter progress: scanned 5000/20000 columns
2025-11-06 16:59:21,091 INFO mch.training: Prefilter progress: scanned 5000/20000 columns
2025-11-06 16:59:21,132 INFO mch.training: Prefilter progress: scanned 5000/20000 columns
2025-11-06 16:59:21,506 INFO mch.training: Prefilter progress: scanned 5000/20000 columns
2025-11-06 16:59:21,575 INFO mch.training: Prefilter progress: scanned 10000/20000 columns
2025-11-06 16:59:21,633 INFO mch.training: Prefilter progress: scanned 10000/20000 columns
2025-11-06 16:59:21,638 INFO mch.training: Prefilter progress: scanned 10000/20000 columns
2025-11-06 16:59:22,007 INFO mch.training: Prefilter progress: scanned 10000/20000 columns
2025-11-06 16:59:22,070 INFO mch.training: Prefilter progress: scanned 15000/20000 columns
2025-11-06 16:59:22,112 INFO mch.training: Prefilter progress: scanned 15000/20000 columns
2025-11-06 16:59:22,143 INFO mch.training: Prefilter progress: scanned 15000/20000 columns
2025-11-06 16:59:22,502 INFO mch.training: Prefilter progress: scanned 15000/20000 columns
2025-11-06 16:59:22,566 INFO mch.training: Prefilter progress: scanned 20000/20000 columns
2025-11-06 16:59:22,609 INFO mch.training: Prefilter progress: scanned 20000/20000 columns
2025-11-06 16:59:22,618 INFO mch.training: Prefilter progress: scanned 20000/20000 columns
2025-11-06 16:59:23,006 INFO mch.training: Prefilter progress: scanned 20000/20000 columns
2025-11-06 16:59:23,049 INFO mch.training: Prefilter done: kept 200 features
2025-11-06 16:59:23,082 INFO mch.training: Train/Test shapes: X_train=(38, 200), X_test=(10, 200)
2025-11-06 16:59:23,084 INFO mch.training: Using LogisticRegression as model.
2025-11-06 16:59:23,085 INFO mch.training: DM disabled
2025-11-06 16:59:23,086 INFO mch.training: Prefilter done: kept 200 features
2025-11-06 16:59:23,086 INFO mch.training: Pipeline steps: ['modelGeneration']
2025-11-06 16:59:23,087 WARNING mch.training: parameter_grid is None/empty, fit pipeline without grid search
2025-11-06 16:59:23,102 INFO mch.training: Prefilter done: kept 200 features
2025-11-06 16:59:23,112 INFO mch.training: Train/Test shapes: X_train=(38, 200), X_test=(10, 200)
2025-11-06 16:59:23,113 INFO mch.training: Using LogisticRegression as model.
2025-11-06 16:59:23,115 INFO mch.training: DM disabled
2025-11-06 16:59:23,116 INFO mch.training: Pipeline steps: ['modelGeneration']
2025-11-06 16:59:23,117 WARNING mch.training: parameter_grid is None/empty, fit pipeline without grid search
2025-11-06 16:59:23,131 INFO mch.training: Test accuracy: 0.1000, macro_f1: 0.0408, weighted_f1: 0.0571
2025-11-06 16:59:23,133 INFO mch.training: Model trained for Solid tumour, not saved
2025-11-06 16:59:23,135 INFO mch.training: Training model for node: Central nervous system
2025-11-06 16:59:23,149 INFO mch.training: Test accuracy: 0.1000, macro_f1: 0.0408, weighted_f1: 0.0571
2025-11-06 16:59:23,151 INFO mch.training: Model trained for Solid tumour, not saved
2025-11-06 16:59:23,152 INFO mch.training: Train/Test shapes: X_train=(38, 200), X_test=(10, 200)
2025-11-06 16:59:23,152 INFO mch.training: Training model for node: Central nervous system
2025-11-06 16:59:23,154 INFO mch.training: Using LogisticRegression as model.
2025-11-06 16:59:23,155 INFO mch.training: DM disabled
2025-11-06 16:59:23,156 INFO mch.training: Pipeline steps: ['modelGeneration']
2025-11-06 16:59:23,157 WARNING mch.training: parameter_grid is None/empty, fit pipeline without grid search
2025-11-06 16:59:23,189 INFO mch.training: Test accuracy: 0.1000, macro_f1: 0.0408, weighted_f1: 0.0571
2025-11-06 16:59:23,191 INFO mch.training: Model trained for Solid tumour, not saved
2025-11-06 16:59:23,193 INFO mch.training: Training model for node: Central nervous system
2025-11-06 16:59:23,504 INFO mch.training: Prefilter done: kept 200 features
2025-11-06 16:59:23,559 INFO mch.training: Train/Test shapes: X_train=(38, 200), X_test=(10, 200)
2025-11-06 16:59:23,562 INFO mch.training: Using LogisticRegression as model.
2025-11-06 16:59:23,564 INFO mch.training: DM disabled
2025-11-06 16:59:23,565 INFO mch.training: Pipeline steps: ['modelGeneration']
2025-11-06 16:59:23,567 WARNING mch.training: parameter_grid is None/empty, fit pipeline without grid search
2025-11-06 16:59:23,645 INFO mch.training: Test accuracy: 0.1000, macro_f1: 0.0408, weighted_f1: 0.0571
2025-11-06 16:59:23,671 INFO mch.training: Model trained for Solid tumour, not saved
2025-11-06 16:59:23,687 INFO mch.training: Training model for node: Central nervous system
2025-11-06 16:59:51,403 INFO mch.training: Prefilter start: input shape=(129,600118), candidates=600117, topk=200, scan_max=20000, chunk_size=5000
2025-11-06 16:59:51,811 INFO mch.training: Prefilter start: input shape=(129,600118), candidates=600117, topk=200, scan_max=20000, chunk_size=5000
2025-11-06 16:59:51,929 INFO mch.training: Prefilter start: input shape=(129,600118), candidates=600117, topk=200, scan_max=20000, chunk_size=5000
2025-11-06 16:59:52,051 INFO mch.training: Prefilter progress: scanned 5000/20000 columns
2025-11-06 16:59:52,162 INFO mch.training: Prefilter start: input shape=(129,600118), candidates=600117, topk=200, scan_max=20000, chunk_size=5000
2025-11-06 16:59:52,454 INFO mch.training: Prefilter progress: scanned 5000/20000 columns
2025-11-06 16:59:52,588 INFO mch.training: Prefilter progress: scanned 5000/20000 columns
2025-11-06 16:59:52,654 INFO mch.training: Prefilter progress: scanned 10000/20000 columns
2025-11-06 16:59:52,778 INFO mch.training: Prefilter progress: scanned 5000/20000 columns
2025-11-06 16:59:53,014 INFO mch.training: Prefilter progress: scanned 10000/20000 columns
2025-11-06 16:59:53,200 INFO mch.training: Prefilter progress: scanned 10000/20000 columns
2025-11-06 16:59:53,214 INFO mch.training: Prefilter progress: scanned 15000/20000 columns
2025-11-06 16:59:53,410 INFO mch.training: Prefilter progress: scanned 10000/20000 columns
2025-11-06 16:59:53,570 INFO mch.training: Prefilter progress: scanned 15000/20000 columns
2025-11-06 16:59:53,781 INFO mch.training: Prefilter progress: scanned 20000/20000 columns
2025-11-06 16:59:53,786 INFO mch.training: Prefilter progress: scanned 15000/20000 columns
2025-11-06 16:59:53,987 INFO mch.training: Prefilter progress: scanned 15000/20000 columns
2025-11-06 16:59:54,108 INFO mch.training: Prefilter progress: scanned 20000/20000 columns
2025-11-06 16:59:54,346 INFO mch.training: Prefilter progress: scanned 20000/20000 columns
2025-11-06 16:59:54,352 INFO mch.training: Prefilter done: kept 200 features
2025-11-06 16:59:54,395 WARNING mch.training: Drop rare classes (<2 samples): Germ cell tumour, CNS, Peripheral nerve sheath tumour, CNS
2025-11-06 16:59:54,401 INFO mch.training: Train/Test shapes: X_train=(101, 200), X_test=(26, 200)
2025-11-06 16:59:54,402 INFO mch.training: Using LogisticRegression as model.
2025-11-06 16:59:54,403 INFO mch.training: DM disabled
2025-11-06 16:59:54,405 INFO mch.training: Pipeline steps: ['modelGeneration']
2025-11-06 16:59:54,406 WARNING mch.training: parameter_grid is None/empty, fit pipeline without grid search
2025-11-06 16:59:54,471 INFO mch.training: Test accuracy: 0.1923, macro_f1: 0.0782, weighted_f1: 0.1774
2025-11-06 16:59:54,473 INFO mch.training: Model trained for Central nervous system, not saved
2025-11-06 16:59:54,474 INFO mch.training: Training model for node: Overgrowth syndrome
2025-11-06 16:59:54,529 INFO mch.training: Prefilter progress: scanned 20000/20000 columns
2025-11-06 16:59:54,668 INFO mch.training: Prefilter done: kept 200 features
2025-11-06 16:59:54,691 WARNING mch.training: Drop rare classes (<2 samples): Germ cell tumour, CNS, Peripheral nerve sheath tumour, CNS
2025-11-06 16:59:54,697 INFO mch.training: Train/Test shapes: X_train=(101, 200), X_test=(26, 200)
2025-11-06 16:59:54,698 INFO mch.training: Using LogisticRegression as model.
2025-11-06 16:59:54,699 INFO mch.training: DM disabled
2025-11-06 16:59:54,700 INFO mch.training: Pipeline steps: ['modelGeneration']
2025-11-06 16:59:54,701 WARNING mch.training: parameter_grid is None/empty, fit pipeline without grid search
2025-11-06 16:59:54,768 INFO mch.training: Test accuracy: 0.1923, macro_f1: 0.0782, weighted_f1: 0.1774
2025-11-06 16:59:54,770 INFO mch.training: Model trained for Central nervous system, not saved
2025-11-06 16:59:54,771 INFO mch.training: Training model for node: Overgrowth syndrome
2025-11-06 16:59:54,880 INFO mch.training: Prefilter done: kept 200 features
2025-11-06 16:59:54,922 WARNING mch.training: Drop rare classes (<2 samples): Germ cell tumour, CNS, Peripheral nerve sheath tumour, CNS
2025-11-06 16:59:54,930 INFO mch.training: Train/Test shapes: X_train=(101, 200), X_test=(26, 200)
2025-11-06 16:59:54,932 INFO mch.training: Using LogisticRegression as model.
2025-11-06 16:59:54,933 INFO mch.training: DM disabled
2025-11-06 16:59:54,935 INFO mch.training: Pipeline steps: ['modelGeneration']
2025-11-06 16:59:54,936 WARNING mch.training: parameter_grid is None/empty, fit pipeline without grid search
2025-11-06 16:59:55,043 INFO mch.training: Test accuracy: 0.1923, macro_f1: 0.0782, weighted_f1: 0.1774
2025-11-06 16:59:55,046 INFO mch.training: Model trained for Central nervous system, not saved
2025-11-06 16:59:55,048 INFO mch.training: Training model for node: Overgrowth syndrome
2025-11-06 16:59:55,147 INFO mch.training: Prefilter done: kept 200 features
2025-11-06 16:59:55,210 WARNING mch.training: Drop rare classes (<2 samples): Germ cell tumour, CNS, Peripheral nerve sheath tumour, CNS
2025-11-06 16:59:55,217 INFO mch.training: Train/Test shapes: X_train=(101, 200), X_test=(26, 200)
2025-11-06 16:59:55,232 INFO mch.training: Using LogisticRegression as model.
2025-11-06 16:59:55,234 INFO mch.training: DM disabled
2025-11-06 16:59:55,235 INFO mch.training: Pipeline steps: ['modelGeneration']
2025-11-06 16:59:55,237 WARNING mch.training: parameter_grid is None/empty, fit pipeline without grid search
2025-11-06 16:59:55,371 INFO mch.training: Test accuracy: 0.1923, macro_f1: 0.0782, weighted_f1: 0.1774
2025-11-06 16:59:55,374 INFO mch.training: Model trained for Central nervous system, not saved
2025-11-06 16:59:55,376 INFO mch.training: Training model for node: Overgrowth syndrome
2025-11-06 17:26:44,070 INFO mch.training: Training model for node: Neuroblastoma
2025-11-06 17:27:03,319 INFO mch.training: Training model for node: Vascular/lymphatic anomalies
2025-11-06 17:27:10,492 INFO mch.training: Training model for node: Haematological malignancy
2025-11-06 17:27:26,170 INFO mch.training: Prefilter start: input shape=(108,600118), candidates=600117, topk=200, scan_max=20000, chunk_size=5000
2025-11-06 17:27:26,683 INFO mch.training: Prefilter progress: scanned 5000/20000 columns
2025-11-06 17:27:27,114 INFO mch.training: Prefilter progress: scanned 10000/20000 columns
2025-11-06 17:27:27,958 INFO mch.training: Prefilter progress: scanned 15000/20000 columns
2025-11-06 17:27:28,398 INFO mch.training: Prefilter progress: scanned 20000/20000 columns
2025-11-06 17:27:28,823 INFO mch.training: Prefilter done: kept 200 features
2025-11-06 17:27:28,836 WARNING mch.training: Drop rare classes (<2 samples): Histiocytosis
2025-11-06 17:27:28,842 INFO mch.training: Train/Test shapes: X_train=(85, 200), X_test=(22, 200)
2025-11-06 17:27:28,844 INFO mch.training: Using LogisticRegression as model.
2025-11-06 17:27:28,845 INFO mch.training: DM disabled
2025-11-06 17:27:28,846 INFO mch.training: Pipeline steps: ['modelGeneration']
2025-11-06 17:27:28,847 WARNING mch.training: parameter_grid is None/empty, fit pipeline without grid search
2025-11-06 17:27:28,875 INFO mch.training: Test accuracy: 0.8636, macro_f1: 0.3089, weighted_f1: 0.8004
2025-11-06 17:27:28,877 INFO mch.training: Model trained for Haematological malignancy, not saved
2025-11-06 17:27:28,878 INFO mch.training: Training model for node: Sarcoma
2025-11-06 17:27:50,771 INFO mch.training: Prefilter start: input shape=(80,600118), candidates=600117, topk=200, scan_max=20000, chunk_size=5000
2025-11-06 17:27:51,304 INFO mch.training: Prefilter progress: scanned 5000/20000 columns
2025-11-06 17:27:51,822 INFO mch.training: Prefilter progress: scanned 10000/20000 columns
2025-11-06 17:27:52,301 INFO mch.training: Prefilter progress: scanned 15000/20000 columns
2025-11-06 17:27:52,772 INFO mch.training: Prefilter progress: scanned 20000/20000 columns
2025-11-06 17:27:53,260 INFO mch.training: Prefilter done: kept 200 features
2025-11-06 17:27:53,284 WARNING mch.training: Drop rare classes (<2 samples): Liver tumour, Sarcoma
2025-11-06 17:27:53,290 INFO mch.training: Train/Test shapes: X_train=(63, 200), X_test=(16, 200)
2025-11-06 17:27:53,291 INFO mch.training: Using LogisticRegression as model.
2025-11-06 17:27:53,292 INFO mch.training: DM disabled
2025-11-06 17:27:53,293 INFO mch.training: Pipeline steps: ['modelGeneration']
2025-11-06 17:27:53,294 WARNING mch.training: parameter_grid is None/empty, fit pipeline without grid search
2025-11-06 17:27:53,324 INFO mch.training: Test accuracy: 0.1250, macro_f1: 0.0778, weighted_f1: 0.1111
2025-11-06 17:27:53,325 INFO mch.training: Model trained for Sarcoma, not saved
2025-11-06 17:27:53,327 INFO mch.training: Training model for node: Solid tumour
2025-11-06 17:28:14,694 INFO mch.training: Prefilter start: input shape=(48,600118), candidates=600117, topk=200, scan_max=20000, chunk_size=5000
2025-11-06 17:28:15,286 INFO mch.training: Prefilter progress: scanned 5000/20000 columns
2025-11-06 17:28:15,778 INFO mch.training: Prefilter progress: scanned 10000/20000 columns
2025-11-06 17:28:16,274 INFO mch.training: Prefilter progress: scanned 15000/20000 columns
2025-11-06 17:28:16,784 INFO mch.training: Prefilter progress: scanned 20000/20000 columns
2025-11-06 17:28:17,304 INFO mch.training: Prefilter done: kept 200 features
2025-11-06 17:28:17,326 INFO mch.training: Train/Test shapes: X_train=(38, 200), X_test=(10, 200)
2025-11-06 17:28:17,327 INFO mch.training: Using LogisticRegression as model.
2025-11-06 17:28:17,328 INFO mch.training: DM disabled
2025-11-06 17:28:17,329 INFO mch.training: Pipeline steps: ['modelGeneration']
2025-11-06 17:28:17,331 WARNING mch.training: parameter_grid is None/empty, fit pipeline without grid search
2025-11-06 17:28:17,359 INFO mch.training: Test accuracy: 0.1000, macro_f1: 0.0408, weighted_f1: 0.0571
2025-11-06 17:28:17,361 INFO mch.training: Model trained for Solid tumour, not saved
2025-11-06 17:28:17,362 INFO mch.training: Training model for node: Central nervous system
2025-11-06 17:28:39,065 INFO mch.training: Prefilter start: input shape=(129,600118), candidates=600117, topk=200, scan_max=20000, chunk_size=5000
2025-11-06 17:28:39,677 INFO mch.training: Prefilter progress: scanned 5000/20000 columns
2025-11-06 17:28:40,199 INFO mch.training: Prefilter progress: scanned 10000/20000 columns
2025-11-06 17:28:40,737 INFO mch.training: Prefilter progress: scanned 15000/20000 columns
2025-11-06 17:28:41,247 INFO mch.training: Prefilter progress: scanned 20000/20000 columns
2025-11-06 17:28:41,737 INFO mch.training: Prefilter done: kept 200 features
2025-11-06 17:28:41,771 WARNING mch.training: Drop rare classes (<2 samples): Germ cell tumour, CNS, Peripheral nerve sheath tumour, CNS
2025-11-06 17:28:41,776 INFO mch.training: Train/Test shapes: X_train=(101, 200), X_test=(26, 200)
2025-11-06 17:28:41,777 INFO mch.training: Using LogisticRegression as model.
2025-11-06 17:28:41,778 INFO mch.training: DM disabled
2025-11-06 17:28:41,779 INFO mch.training: Pipeline steps: ['modelGeneration']
2025-11-06 17:28:41,779 WARNING mch.training: parameter_grid is None/empty, fit pipeline without grid search
2025-11-06 17:28:41,836 INFO mch.training: Test accuracy: 0.1923, macro_f1: 0.0782, weighted_f1: 0.1774
2025-11-06 17:28:41,838 INFO mch.training: Model trained for Central nervous system, not saved
2025-11-06 17:28:41,839 INFO mch.training: Training model for node: Overgrowth syndrome
2025-11-06 17:37:38,734 INFO mch.training: Training model for node: Neuroblastoma
2025-11-06 17:37:58,154 INFO mch.training: Training model for node: Vascular/lymphatic anomalies
2025-11-06 17:38:05,351 INFO mch.training: Training model for node: Haematological malignancy
2025-11-06 17:38:21,488 INFO mch.training: Prefilter start: input shape=(108,600118), candidates=600117, topk=200, scan_max=20000, chunk_size=5000
2025-11-06 17:38:21,982 INFO mch.training: Prefilter progress: scanned 5000/20000 columns
2025-11-06 17:38:22,408 INFO mch.training: Prefilter progress: scanned 10000/20000 columns
2025-11-06 17:38:22,835 INFO mch.training: Prefilter progress: scanned 15000/20000 columns
2025-11-06 17:38:23,281 INFO mch.training: Prefilter progress: scanned 20000/20000 columns
2025-11-06 17:38:23,711 INFO mch.training: Prefilter done: kept 200 features
2025-11-06 17:38:23,725 WARNING mch.training: Drop rare classes (<2 samples): Histiocytosis
2025-11-06 17:38:23,729 INFO mch.training: Train/Test shapes: X_train=(85, 200), X_test=(22, 200)
2025-11-06 17:38:23,731 INFO mch.training: Using LogisticRegression as model.
2025-11-06 17:38:23,732 INFO mch.training: DM disabled
2025-11-06 17:38:23,732 INFO mch.training: Pipeline steps: ['modelGeneration']
2025-11-06 17:38:23,733 WARNING mch.training: parameter_grid is None/empty, fit pipeline without grid search
2025-11-06 17:38:23,763 INFO mch.training: Test accuracy: 0.8636, macro_f1: 0.3089, weighted_f1: 0.8004
2025-11-06 17:38:23,766 INFO mch.training: Model trained for Haematological malignancy, not saved
2025-11-06 17:38:23,767 INFO mch.training: Training model for node: Sarcoma
2025-11-06 17:38:45,519 INFO mch.training: Prefilter start: input shape=(80,600118), candidates=600117, topk=200, scan_max=20000, chunk_size=5000
2025-11-06 17:38:46,043 INFO mch.training: Prefilter progress: scanned 5000/20000 columns
2025-11-06 17:38:46,530 INFO mch.training: Prefilter progress: scanned 10000/20000 columns
2025-11-06 17:38:47,020 INFO mch.training: Prefilter progress: scanned 15000/20000 columns
2025-11-06 17:38:47,481 INFO mch.training: Prefilter progress: scanned 20000/20000 columns
2025-11-06 17:38:47,959 INFO mch.training: Prefilter done: kept 200 features
2025-11-06 17:38:48,003 WARNING mch.training: Drop rare classes (<2 samples): Liver tumour, Sarcoma
2025-11-06 17:38:48,009 INFO mch.training: Train/Test shapes: X_train=(63, 200), X_test=(16, 200)
2025-11-06 17:38:48,011 INFO mch.training: Using LogisticRegression as model.
2025-11-06 17:38:48,012 INFO mch.training: DM disabled
2025-11-06 17:38:48,013 INFO mch.training: Pipeline steps: ['modelGeneration']
2025-11-06 17:38:48,014 WARNING mch.training: parameter_grid is None/empty, fit pipeline without grid search
2025-11-06 17:38:48,043 INFO mch.training: Test accuracy: 0.1250, macro_f1: 0.0778, weighted_f1: 0.1111
2025-11-06 17:38:48,044 INFO mch.training: Model trained for Sarcoma, not saved
2025-11-06 17:38:48,045 INFO mch.training: Training model for node: Solid tumour
2025-11-06 17:39:08,942 INFO mch.training: Prefilter start: input shape=(48,600118), candidates=600117, topk=200, scan_max=20000, chunk_size=5000
2025-11-06 17:39:09,441 INFO mch.training: Prefilter progress: scanned 5000/20000 columns
2025-11-06 17:39:09,904 INFO mch.training: Prefilter progress: scanned 10000/20000 columns
2025-11-06 17:39:10,341 INFO mch.training: Prefilter progress: scanned 15000/20000 columns
2025-11-06 17:39:10,766 INFO mch.training: Prefilter progress: scanned 20000/20000 columns
2025-11-06 17:39:11,192 INFO mch.training: Prefilter done: kept 200 features
2025-11-06 17:39:11,237 INFO mch.training: Train/Test shapes: X_train=(38, 200), X_test=(10, 200)
2025-11-06 17:39:11,238 INFO mch.training: Using LogisticRegression as model.
2025-11-06 17:39:11,239 INFO mch.training: DM disabled
2025-11-06 17:39:11,240 INFO mch.training: Pipeline steps: ['modelGeneration']
2025-11-06 17:39:11,241 WARNING mch.training: parameter_grid is None/empty, fit pipeline without grid search
2025-11-06 17:39:11,266 INFO mch.training: Test accuracy: 0.1000, macro_f1: 0.0408, weighted_f1: 0.0571
2025-11-06 17:39:11,267 INFO mch.training: Model trained for Solid tumour, not saved
2025-11-06 17:39:11,268 INFO mch.training: Training model for node: Central nervous system
2025-11-06 17:39:33,395 INFO mch.training: Prefilter start: input shape=(129,600118), candidates=600117, topk=200, scan_max=20000, chunk_size=5000
2025-11-06 17:39:33,946 INFO mch.training: Prefilter progress: scanned 5000/20000 columns
2025-11-06 17:39:34,507 INFO mch.training: Prefilter progress: scanned 10000/20000 columns
2025-11-06 17:39:35,036 INFO mch.training: Prefilter progress: scanned 15000/20000 columns
2025-11-06 17:39:35,532 INFO mch.training: Prefilter progress: scanned 20000/20000 columns
2025-11-06 17:39:36,013 INFO mch.training: Prefilter done: kept 200 features
2025-11-06 17:39:36,037 WARNING mch.training: Drop rare classes (<2 samples): Germ cell tumour, CNS, Peripheral nerve sheath tumour, CNS
2025-11-06 17:39:36,042 INFO mch.training: Train/Test shapes: X_train=(101, 200), X_test=(26, 200)
2025-11-06 17:39:36,043 INFO mch.training: Using LogisticRegression as model.
2025-11-06 17:39:36,044 INFO mch.training: DM disabled
2025-11-06 17:39:36,045 INFO mch.training: Pipeline steps: ['modelGeneration']
2025-11-06 17:39:36,047 WARNING mch.training: parameter_grid is None/empty, fit pipeline without grid search
2025-11-06 17:39:36,107 INFO mch.training: Test accuracy: 0.1923, macro_f1: 0.0782, weighted_f1: 0.1774
2025-11-06 17:39:36,109 INFO mch.training: Model trained for Central nervous system, not saved
2025-11-06 17:39:36,110 INFO mch.training: Training model for node: Overgrowth syndrome
2025-11-06 17:43:50,177 INFO mch.training: Training model for node: Neuroblastoma
2025-11-06 17:43:50,860 INFO mch.training: Training model for node: Neuroblastoma
2025-11-06 17:43:51,100 INFO mch.training: Training model for node: Neuroblastoma
2025-11-06 17:43:51,284 INFO mch.training: Training model for node: Neuroblastoma
2025-11-06 17:44:14,464 INFO mch.training: Training model for node: Vascular/lymphatic anomalies
2025-11-06 17:44:15,308 INFO mch.training: Training model for node: Vascular/lymphatic anomalies
2025-11-06 17:44:15,531 INFO mch.training: Training model for node: Vascular/lymphatic anomalies
2025-11-06 17:44:15,666 INFO mch.training: Training model for node: Vascular/lymphatic anomalies
2025-11-06 17:44:24,619 INFO mch.training: Training model for node: Haematological malignancy
2025-11-06 17:44:25,415 INFO mch.training: Training model for node: Haematological malignancy
2025-11-06 17:44:25,604 INFO mch.training: Training model for node: Haematological malignancy
2025-11-06 17:44:25,734 INFO mch.training: Training model for node: Haematological malignancy
2025-11-06 17:44:47,457 INFO mch.training: Prefilter start: input shape=(108,600118), candidates=600117, topk=200, scan_max=20000, chunk_size=5000
2025-11-06 17:44:47,992 INFO mch.training: Prefilter start: input shape=(108,600118), candidates=600117, topk=200, scan_max=20000, chunk_size=5000
2025-11-06 17:44:48,000 INFO mch.training: Prefilter progress: scanned 5000/20000 columns
2025-11-06 17:44:48,033 INFO mch.training: Prefilter start: input shape=(108,600118), candidates=600117, topk=200, scan_max=20000, chunk_size=5000
2025-11-06 17:44:48,059 INFO mch.training: Prefilter start: input shape=(108,600118), candidates=600117, topk=200, scan_max=20000, chunk_size=5000
2025-11-06 17:44:48,471 INFO mch.training: Prefilter progress: scanned 10000/20000 columns
2025-11-06 17:44:48,497 INFO mch.training: Prefilter progress: scanned 5000/20000 columns
2025-11-06 17:44:48,560 INFO mch.training: Prefilter progress: scanned 5000/20000 columns
2025-11-06 17:44:48,582 INFO mch.training: Prefilter progress: scanned 5000/20000 columns
2025-11-06 17:44:48,968 INFO mch.training: Prefilter progress: scanned 10000/20000 columns
2025-11-06 17:44:48,977 INFO mch.training: Prefilter progress: scanned 15000/20000 columns
2025-11-06 17:44:49,050 INFO mch.training: Prefilter progress: scanned 10000/20000 columns
2025-11-06 17:44:49,070 INFO mch.training: Prefilter progress: scanned 10000/20000 columns
2025-11-06 17:44:49,443 INFO mch.training: Prefilter progress: scanned 15000/20000 columns
2025-11-06 17:44:49,481 INFO mch.training: Prefilter progress: scanned 20000/20000 columns
2025-11-06 17:44:49,511 INFO mch.training: Prefilter progress: scanned 15000/20000 columns
2025-11-06 17:44:49,566 INFO mch.training: Prefilter progress: scanned 15000/20000 columns
2025-11-06 17:44:49,943 INFO mch.training: Prefilter progress: scanned 20000/20000 columns
2025-11-06 17:44:49,971 INFO mch.training: Prefilter done: kept 200 features
2025-11-06 17:44:49,989 WARNING mch.training: Drop rare classes (<2 samples): Histiocytosis
2025-11-06 17:44:49,995 INFO mch.training: Train/Test shapes: X_train=(85, 200), X_test=(22, 200)
2025-11-06 17:44:49,995 INFO mch.training: Prefilter progress: scanned 20000/20000 columns
2025-11-06 17:44:49,997 INFO mch.training: Using LogisticRegression as model.
2025-11-06 17:44:49,998 INFO mch.training: DM disabled
2025-11-06 17:44:49,999 INFO mch.training: Pipeline steps: ['modelGeneration']
2025-11-06 17:44:50,000 WARNING mch.training: parameter_grid is None/empty, fit pipeline without grid search
2025-11-06 17:44:50,031 INFO mch.training: Test accuracy: 0.8636, macro_f1: 0.3089, weighted_f1: 0.8004
2025-11-06 17:44:50,033 INFO mch.training: Model trained for Haematological malignancy, not saved
2025-11-06 17:44:50,035 INFO mch.training: Training model for node: Sarcoma
2025-11-06 17:44:50,079 INFO mch.training: Prefilter progress: scanned 20000/20000 columns
2025-11-06 17:44:50,449 INFO mch.training: Prefilter done: kept 200 features
2025-11-06 17:44:50,473 INFO mch.training: Prefilter done: kept 200 features
2025-11-06 17:44:50,498 WARNING mch.training: Drop rare classes (<2 samples): Histiocytosis
2025-11-06 17:44:50,507 INFO mch.training: Train/Test shapes: X_train=(85, 200), X_test=(22, 200)
2025-11-06 17:44:50,509 INFO mch.training: Using LogisticRegression as model.
2025-11-06 17:44:50,511 INFO mch.training: DM disabled
2025-11-06 17:44:50,512 INFO mch.training: Pipeline steps: ['modelGeneration']
2025-11-06 17:44:50,515 WARNING mch.training: parameter_grid is None/empty, fit pipeline without grid search
2025-11-06 17:44:50,528 WARNING mch.training: Drop rare classes (<2 samples): Histiocytosis
2025-11-06 17:44:50,537 INFO mch.training: Train/Test shapes: X_train=(85, 200), X_test=(22, 200)
2025-11-06 17:44:50,539 INFO mch.training: Using LogisticRegression as model.
2025-11-06 17:44:50,542 INFO mch.training: DM disabled
2025-11-06 17:44:50,543 INFO mch.training: Pipeline steps: ['modelGeneration']
2025-11-06 17:44:50,546 WARNING mch.training: parameter_grid is None/empty, fit pipeline without grid search
2025-11-06 17:44:50,561 INFO mch.training: Test accuracy: 0.8636, macro_f1: 0.3089, weighted_f1: 0.8004
2025-11-06 17:44:50,564 INFO mch.training: Model trained for Haematological malignancy, not saved
2025-11-06 17:44:50,567 INFO mch.training: Training model for node: Sarcoma
2025-11-06 17:44:50,603 INFO mch.training: Test accuracy: 0.8636, macro_f1: 0.3089, weighted_f1: 0.8004
2025-11-06 17:44:50,607 INFO mch.training: Model trained for Haematological malignancy, not saved
2025-11-06 17:44:50,607 INFO mch.training: Prefilter done: kept 200 features
2025-11-06 17:44:50,610 INFO mch.training: Training model for node: Sarcoma
2025-11-06 17:44:50,670 WARNING mch.training: Drop rare classes (<2 samples): Histiocytosis
2025-11-06 17:44:50,679 INFO mch.training: Train/Test shapes: X_train=(85, 200), X_test=(22, 200)
2025-11-06 17:44:50,695 INFO mch.training: Using LogisticRegression as model.
2025-11-06 17:44:50,697 INFO mch.training: DM disabled
2025-11-06 17:44:50,698 INFO mch.training: Pipeline steps: ['modelGeneration']
2025-11-06 17:44:50,700 WARNING mch.training: parameter_grid is None/empty, fit pipeline without grid search
2025-11-06 17:44:50,775 INFO mch.training: Test accuracy: 0.8636, macro_f1: 0.3089, weighted_f1: 0.8004
2025-11-06 17:44:50,779 INFO mch.training: Model trained for Haematological malignancy, not saved
2025-11-06 17:44:50,781 INFO mch.training: Training model for node: Sarcoma
2025-11-06 17:45:18,242 INFO mch.training: Prefilter start: input shape=(80,600118), candidates=600117, topk=200, scan_max=20000, chunk_size=5000
2025-11-06 17:45:18,810 INFO mch.training: Prefilter progress: scanned 5000/20000 columns
2025-11-06 17:45:18,960 INFO mch.training: Prefilter start: input shape=(80,600118), candidates=600117, topk=200, scan_max=20000, chunk_size=5000
2025-11-06 17:45:19,116 INFO mch.training: Prefilter start: input shape=(80,600118), candidates=600117, topk=200, scan_max=20000, chunk_size=5000
2025-11-06 17:45:19,147 INFO mch.training: Prefilter start: input shape=(80,600118), candidates=600117, topk=200, scan_max=20000, chunk_size=5000
2025-11-06 17:45:19,380 INFO mch.training: Prefilter progress: scanned 10000/20000 columns
2025-11-06 17:45:19,558 INFO mch.training: Prefilter progress: scanned 5000/20000 columns
2025-11-06 17:45:19,725 INFO mch.training: Prefilter progress: scanned 5000/20000 columns
2025-11-06 17:45:19,786 INFO mch.training: Prefilter progress: scanned 5000/20000 columns
2025-11-06 17:45:19,954 INFO mch.training: Prefilter progress: scanned 15000/20000 columns
2025-11-06 17:45:20,100 INFO mch.training: Prefilter progress: scanned 10000/20000 columns
2025-11-06 17:45:20,281 INFO mch.training: Prefilter progress: scanned 10000/20000 columns
2025-11-06 17:45:20,367 INFO mch.training: Prefilter progress: scanned 10000/20000 columns
2025-11-06 17:45:20,502 INFO mch.training: Prefilter progress: scanned 20000/20000 columns
2025-11-06 17:45:20,654 INFO mch.training: Prefilter progress: scanned 15000/20000 columns
2025-11-06 17:45:20,820 INFO mch.training: Prefilter progress: scanned 15000/20000 columns
2025-11-06 17:45:20,929 INFO mch.training: Prefilter progress: scanned 15000/20000 columns
2025-11-06 17:45:21,035 INFO mch.training: Prefilter done: kept 200 features
2025-11-06 17:45:21,060 WARNING mch.training: Drop rare classes (<2 samples): Liver tumour, Sarcoma
2025-11-06 17:45:21,066 INFO mch.training: Train/Test shapes: X_train=(63, 200), X_test=(16, 200)
2025-11-06 17:45:21,067 INFO mch.training: Using LogisticRegression as model.
2025-11-06 17:45:21,068 INFO mch.training: DM disabled
2025-11-06 17:45:21,069 INFO mch.training: Pipeline steps: ['modelGeneration']
2025-11-06 17:45:21,071 WARNING mch.training: parameter_grid is None/empty, fit pipeline without grid search
2025-11-06 17:45:21,101 INFO mch.training: Test accuracy: 0.1250, macro_f1: 0.0778, weighted_f1: 0.1111
2025-11-06 17:45:21,102 INFO mch.training: Model trained for Sarcoma, not saved
2025-11-06 17:45:21,103 INFO mch.training: Training model for node: Solid tumour
2025-11-06 17:45:21,198 INFO mch.training: Prefilter progress: scanned 20000/20000 columns
2025-11-06 17:45:21,357 INFO mch.training: Prefilter progress: scanned 20000/20000 columns
2025-11-06 17:45:21,467 INFO mch.training: Prefilter progress: scanned 20000/20000 columns
2025-11-06 17:45:21,805 INFO mch.training: Prefilter done: kept 200 features
2025-11-06 17:45:21,864 WARNING mch.training: Drop rare classes (<2 samples): Liver tumour, Sarcoma
2025-11-06 17:45:21,873 INFO mch.training: Train/Test shapes: X_train=(63, 200), X_test=(16, 200)
2025-11-06 17:45:21,875 INFO mch.training: Using LogisticRegression as model.
2025-11-06 17:45:21,877 INFO mch.training: DM disabled
2025-11-06 17:45:21,878 INFO mch.training: Pipeline steps: ['modelGeneration']
2025-11-06 17:45:21,879 WARNING mch.training: parameter_grid is None/empty, fit pipeline without grid search
2025-11-06 17:45:21,939 INFO mch.training: Test accuracy: 0.1250, macro_f1: 0.0778, weighted_f1: 0.1111
2025-11-06 17:45:21,942 INFO mch.training: Model trained for Sarcoma, not saved
2025-11-06 17:45:21,944 INFO mch.training: Training model for node: Solid tumour
2025-11-06 17:45:22,090 INFO mch.training: Prefilter done: kept 200 features
2025-11-06 17:45:22,129 INFO mch.training: Prefilter done: kept 200 features
2025-11-06 17:45:22,152 WARNING mch.training: Drop rare classes (<2 samples): Liver tumour, Sarcoma
2025-11-06 17:45:22,165 INFO mch.training: Train/Test shapes: X_train=(63, 200), X_test=(16, 200)
2025-11-06 17:45:22,168 INFO mch.training: Using LogisticRegression as model.
2025-11-06 17:45:22,170 INFO mch.training: DM disabled
2025-11-06 17:45:22,172 INFO mch.training: Pipeline steps: ['modelGeneration']
2025-11-06 17:45:22,174 WARNING mch.training: parameter_grid is None/empty, fit pipeline without grid search
2025-11-06 17:45:22,202 WARNING mch.training: Drop rare classes (<2 samples): Liver tumour, Sarcoma
2025-11-06 17:45:22,213 INFO mch.training: Train/Test shapes: X_train=(63, 200), X_test=(16, 200)
2025-11-06 17:45:22,216 INFO mch.training: Using LogisticRegression as model.
2025-11-06 17:45:22,218 INFO mch.training: DM disabled
2025-11-06 17:45:22,220 INFO mch.training: Pipeline steps: ['modelGeneration']
2025-11-06 17:45:22,223 WARNING mch.training: parameter_grid is None/empty, fit pipeline without grid search
2025-11-06 17:45:22,271 INFO mch.training: Test accuracy: 0.1250, macro_f1: 0.0778, weighted_f1: 0.1111
2025-11-06 17:45:22,273 INFO mch.training: Test accuracy: 0.1250, macro_f1: 0.0778, weighted_f1: 0.1111
2025-11-06 17:45:22,275 INFO mch.training: Model trained for Sarcoma, not saved
2025-11-06 17:45:22,276 INFO mch.training: Model trained for Sarcoma, not saved
2025-11-06 17:45:22,278 INFO mch.training: Training model for node: Solid tumour
2025-11-06 17:45:22,278 INFO mch.training: Training model for node: Solid tumour
2025-11-06 17:45:48,773 INFO mch.training: Prefilter start: input shape=(48,600118), candidates=600117, topk=200, scan_max=20000, chunk_size=5000
2025-11-06 17:45:49,229 INFO mch.training: Prefilter start: input shape=(48,600118), candidates=600117, topk=200, scan_max=20000, chunk_size=5000
2025-11-06 17:45:49,232 INFO mch.training: Prefilter start: input shape=(48,600118), candidates=600117, topk=200, scan_max=20000, chunk_size=5000
2025-11-06 17:45:49,236 INFO mch.training: Prefilter start: input shape=(48,600118), candidates=600117, topk=200, scan_max=20000, chunk_size=5000
2025-11-06 17:45:49,353 INFO mch.training: Prefilter progress: scanned 5000/20000 columns
2025-11-06 17:45:49,761 INFO mch.training: Prefilter progress: scanned 5000/20000 columns
2025-11-06 17:45:49,768 INFO mch.training: Prefilter progress: scanned 5000/20000 columns
2025-11-06 17:45:49,796 INFO mch.training: Prefilter progress: scanned 5000/20000 columns
2025-11-06 17:45:49,885 INFO mch.training: Prefilter progress: scanned 10000/20000 columns
2025-11-06 17:45:50,235 INFO mch.training: Prefilter progress: scanned 10000/20000 columns
2025-11-06 17:45:50,265 INFO mch.training: Prefilter progress: scanned 10000/20000 columns
2025-11-06 17:45:50,347 INFO mch.training: Prefilter progress: scanned 10000/20000 columns
2025-11-06 17:45:50,412 INFO mch.training: Prefilter progress: scanned 15000/20000 columns
2025-11-06 17:45:50,782 INFO mch.training: Prefilter progress: scanned 15000/20000 columns
2025-11-06 17:45:50,783 INFO mch.training: Prefilter progress: scanned 15000/20000 columns
2025-11-06 17:45:50,908 INFO mch.training: Prefilter progress: scanned 15000/20000 columns
2025-11-06 17:45:50,977 INFO mch.training: Prefilter progress: scanned 20000/20000 columns
2025-11-06 17:45:51,242 INFO mch.training: Prefilter progress: scanned 20000/20000 columns
2025-11-06 17:45:51,275 INFO mch.training: Prefilter progress: scanned 20000/20000 columns
2025-11-06 17:45:51,491 INFO mch.training: Prefilter progress: scanned 20000/20000 columns
2025-11-06 17:45:51,511 INFO mch.training: Prefilter done: kept 200 features
2025-11-06 17:45:51,560 INFO mch.training: Train/Test shapes: X_train=(38, 200), X_test=(10, 200)
2025-11-06 17:45:51,562 INFO mch.training: Using LogisticRegression as model.
2025-11-06 17:45:51,563 INFO mch.training: DM disabled
2025-11-06 17:45:51,564 INFO mch.training: Pipeline steps: ['modelGeneration']
2025-11-06 17:45:51,565 WARNING mch.training: parameter_grid is None/empty, fit pipeline without grid search
2025-11-06 17:45:51,595 INFO mch.training: Test accuracy: 0.1000, macro_f1: 0.0408, weighted_f1: 0.0571
2025-11-06 17:45:51,596 INFO mch.training: Model trained for Solid tumour, not saved
2025-11-06 17:45:51,597 INFO mch.training: Training model for node: Central nervous system
2025-11-06 17:45:51,723 INFO mch.training: Prefilter done: kept 200 features
2025-11-06 17:45:51,751 INFO mch.training: Train/Test shapes: X_train=(38, 200), X_test=(10, 200)
2025-11-06 17:45:51,752 INFO mch.training: Prefilter done: kept 200 features
2025-11-06 17:45:51,753 INFO mch.training: Using LogisticRegression as model.
2025-11-06 17:45:51,754 INFO mch.training: DM disabled
2025-11-06 17:45:51,755 INFO mch.training: Pipeline steps: ['modelGeneration']
2025-11-06 17:45:51,756 WARNING mch.training: parameter_grid is None/empty, fit pipeline without grid search
2025-11-06 17:45:51,779 INFO mch.training: Train/Test shapes: X_train=(38, 200), X_test=(10, 200)
2025-11-06 17:45:51,780 INFO mch.training: Using LogisticRegression as model.
2025-11-06 17:45:51,781 INFO mch.training: DM disabled
2025-11-06 17:45:51,782 INFO mch.training: Test accuracy: 0.1000, macro_f1: 0.0408, weighted_f1: 0.0571
2025-11-06 17:45:51,782 INFO mch.training: Pipeline steps: ['modelGeneration']
2025-11-06 17:45:51,783 WARNING mch.training: parameter_grid is None/empty, fit pipeline without grid search
2025-11-06 17:45:51,784 INFO mch.training: Model trained for Solid tumour, not saved
2025-11-06 17:45:51,785 INFO mch.training: Training model for node: Central nervous system
2025-11-06 17:45:51,814 INFO mch.training: Test accuracy: 0.1000, macro_f1: 0.0408, weighted_f1: 0.0571
2025-11-06 17:45:51,816 INFO mch.training: Model trained for Solid tumour, not saved
2025-11-06 17:45:51,817 INFO mch.training: Training model for node: Central nervous system
2025-11-06 17:45:52,022 INFO mch.training: Prefilter done: kept 200 features
2025-11-06 17:45:52,067 INFO mch.training: Train/Test shapes: X_train=(38, 200), X_test=(10, 200)
2025-11-06 17:45:52,070 INFO mch.training: Using LogisticRegression as model.
2025-11-06 17:45:52,072 INFO mch.training: DM disabled
2025-11-06 17:45:52,073 INFO mch.training: Pipeline steps: ['modelGeneration']
2025-11-06 17:45:52,075 WARNING mch.training: parameter_grid is None/empty, fit pipeline without grid search
2025-11-06 17:45:52,135 INFO mch.training: Test accuracy: 0.1000, macro_f1: 0.0408, weighted_f1: 0.0571
2025-11-06 17:45:52,138 INFO mch.training: Model trained for Solid tumour, not saved
2025-11-06 17:45:52,140 INFO mch.training: Training model for node: Central nervous system
2025-11-06 17:46:20,645 INFO mch.training: Prefilter start: input shape=(129,600118), candidates=600117, topk=200, scan_max=20000, chunk_size=5000
2025-11-06 17:46:20,775 INFO mch.training: Prefilter start: input shape=(129,600118), candidates=600117, topk=200, scan_max=20000, chunk_size=5000
2025-11-06 17:46:21,021 INFO mch.training: Prefilter start: input shape=(129,600118), candidates=600117, topk=200, scan_max=20000, chunk_size=5000
2025-11-06 17:46:21,271 INFO mch.training: Prefilter progress: scanned 5000/20000 columns
2025-11-06 17:46:21,276 INFO mch.training: Prefilter start: input shape=(129,600118), candidates=600117, topk=200, scan_max=20000, chunk_size=5000
2025-11-06 17:46:21,399 INFO mch.training: Prefilter progress: scanned 5000/20000 columns
2025-11-06 17:46:21,710 INFO mch.training: Prefilter progress: scanned 5000/20000 columns
2025-11-06 17:46:21,855 INFO mch.training: Prefilter progress: scanned 10000/20000 columns
2025-11-06 17:46:21,916 INFO mch.training: Prefilter progress: scanned 5000/20000 columns
2025-11-06 17:46:21,993 INFO mch.training: Prefilter progress: scanned 10000/20000 columns
2025-11-06 17:46:22,308 INFO mch.training: Prefilter progress: scanned 10000/20000 columns
2025-11-06 17:46:22,412 INFO mch.training: Prefilter progress: scanned 15000/20000 columns
2025-11-06 17:46:22,505 INFO mch.training: Prefilter progress: scanned 10000/20000 columns
2025-11-06 17:46:22,582 INFO mch.training: Prefilter progress: scanned 15000/20000 columns
2025-11-06 17:46:22,870 INFO mch.training: Prefilter progress: scanned 15000/20000 columns
2025-11-06 17:46:22,974 INFO mch.training: Prefilter progress: scanned 20000/20000 columns
2025-11-06 17:46:23,076 INFO mch.training: Prefilter progress: scanned 15000/20000 columns
2025-11-06 17:46:23,143 INFO mch.training: Prefilter progress: scanned 20000/20000 columns
2025-11-06 17:46:23,433 INFO mch.training: Prefilter progress: scanned 20000/20000 columns
2025-11-06 17:46:23,538 INFO mch.training: Prefilter done: kept 200 features
2025-11-06 17:46:23,570 WARNING mch.training: Drop rare classes (<2 samples): Germ cell tumour, CNS, Peripheral nerve sheath tumour, CNS
2025-11-06 17:46:23,577 INFO mch.training: Train/Test shapes: X_train=(101, 200), X_test=(26, 200)
2025-11-06 17:46:23,578 INFO mch.training: Using LogisticRegression as model.
2025-11-06 17:46:23,579 INFO mch.training: DM disabled
2025-11-06 17:46:23,580 INFO mch.training: Pipeline steps: ['modelGeneration']
2025-11-06 17:46:23,581 WARNING mch.training: parameter_grid is None/empty, fit pipeline without grid search
2025-11-06 17:46:23,630 INFO mch.training: Prefilter progress: scanned 20000/20000 columns
2025-11-06 17:46:23,642 INFO mch.training: Test accuracy: 0.1923, macro_f1: 0.0782, weighted_f1: 0.1774
2025-11-06 17:46:23,645 INFO mch.training: Model trained for Central nervous system, not saved
2025-11-06 17:46:23,646 INFO mch.training: Training model for node: Overgrowth syndrome
2025-11-06 17:46:23,686 INFO mch.training: Prefilter done: kept 200 features
2025-11-06 17:46:23,716 WARNING mch.training: Drop rare classes (<2 samples): Germ cell tumour, CNS, Peripheral nerve sheath tumour, CNS
2025-11-06 17:46:23,721 INFO mch.training: Train/Test shapes: X_train=(101, 200), X_test=(26, 200)
2025-11-06 17:46:23,723 INFO mch.training: Using LogisticRegression as model.
2025-11-06 17:46:23,724 INFO mch.training: DM disabled
2025-11-06 17:46:23,725 INFO mch.training: Pipeline steps: ['modelGeneration']
2025-11-06 17:46:23,727 WARNING mch.training: parameter_grid is None/empty, fit pipeline without grid search
2025-11-06 17:46:23,785 INFO mch.training: Test accuracy: 0.1923, macro_f1: 0.0782, weighted_f1: 0.1774
2025-11-06 17:46:23,787 INFO mch.training: Model trained for Central nervous system, not saved
2025-11-06 17:46:23,788 INFO mch.training: Training model for node: Overgrowth syndrome
2025-11-06 17:46:23,989 INFO mch.training: Prefilter done: kept 200 features
2025-11-06 17:46:24,019 WARNING mch.training: Drop rare classes (<2 samples): Germ cell tumour, CNS, Peripheral nerve sheath tumour, CNS
2025-11-06 17:46:24,025 INFO mch.training: Train/Test shapes: X_train=(101, 200), X_test=(26, 200)
2025-11-06 17:46:24,026 INFO mch.training: Using LogisticRegression as model.
2025-11-06 17:46:24,027 INFO mch.training: DM disabled
2025-11-06 17:46:24,029 INFO mch.training: Pipeline steps: ['modelGeneration']
2025-11-06 17:46:24,030 WARNING mch.training: parameter_grid is None/empty, fit pipeline without grid search
2025-11-06 17:46:24,105 INFO mch.training: Test accuracy: 0.1923, macro_f1: 0.0782, weighted_f1: 0.1774
2025-11-06 17:46:24,107 INFO mch.training: Model trained for Central nervous system, not saved
2025-11-06 17:46:24,109 INFO mch.training: Training model for node: Overgrowth syndrome
2025-11-06 17:46:24,170 INFO mch.training: Prefilter done: kept 200 features
2025-11-06 17:46:24,209 WARNING mch.training: Drop rare classes (<2 samples): Germ cell tumour, CNS, Peripheral nerve sheath tumour, CNS
2025-11-06 17:46:24,217 INFO mch.training: Train/Test shapes: X_train=(101, 200), X_test=(26, 200)
2025-11-06 17:46:24,219 INFO mch.training: Using LogisticRegression as model.
2025-11-06 17:46:24,221 INFO mch.training: DM disabled
2025-11-06 17:46:24,223 INFO mch.training: Pipeline steps: ['modelGeneration']
2025-11-06 17:46:24,225 WARNING mch.training: parameter_grid is None/empty, fit pipeline without grid search
2025-11-06 17:46:24,422 INFO mch.training: Test accuracy: 0.1923, macro_f1: 0.0782, weighted_f1: 0.1774
2025-11-06 17:46:24,428 INFO mch.training: Model trained for Central nervous system, not saved
2025-11-06 17:46:24,430 INFO mch.training: Training model for node: Overgrowth syndrome
2025-11-06 17:53:19,434 INFO mch.training: Training model for node: Neuroblastoma
2025-11-06 17:53:19,447 INFO mch.training: Training model for node: Neuroblastoma
2025-11-06 17:53:19,489 INFO mch.training: Training model for node: Neuroblastoma
2025-11-06 17:53:19,572 INFO mch.training: Training model for node: Neuroblastoma
2025-11-06 17:53:44,060 INFO mch.training: Training model for node: Vascular/lymphatic anomalies
2025-11-06 17:53:44,263 INFO mch.training: Training model for node: Vascular/lymphatic anomalies
2025-11-06 17:53:44,282 INFO mch.training: Training model for node: Vascular/lymphatic anomalies
2025-11-06 17:53:44,344 INFO mch.training: Training model for node: Vascular/lymphatic anomalies
2025-11-06 17:53:50,894 INFO mch.training: Training model for node: Neuroblastoma
2025-11-06 17:53:56,206 INFO mch.training: Training model for node: Haematological malignancy
2025-11-06 17:53:56,704 INFO mch.training: Training model for node: Haematological malignancy
2025-11-06 17:53:57,230 INFO mch.training: Training model for node: Haematological malignancy
2025-11-06 17:53:57,421 INFO mch.training: Training model for node: Haematological malignancy
2025-11-06 17:54:19,795 INFO mch.training: Training model for node: Vascular/lymphatic anomalies
2025-11-06 17:54:20,647 INFO mch.training: Prefilter start: input shape=(108,600118), candidates=600117, topk=200, scan_max=20000, chunk_size=5000
2025-11-06 17:54:20,828 INFO mch.training: Prefilter start: input shape=(108,600118), candidates=600117, topk=200, scan_max=20000, chunk_size=5000
2025-11-06 17:54:21,064 INFO mch.training: Prefilter start: input shape=(108,600118), candidates=600117, topk=200, scan_max=20000, chunk_size=5000
2025-11-06 17:54:21,345 INFO mch.training: Prefilter progress: scanned 5000/20000 columns
2025-11-06 17:54:21,448 INFO mch.training: Prefilter start: input shape=(108,600118), candidates=600117, topk=200, scan_max=20000, chunk_size=5000
2025-11-06 17:54:21,608 INFO mch.training: Prefilter progress: scanned 5000/20000 columns
2025-11-06 17:54:21,904 INFO mch.training: Prefilter progress: scanned 5000/20000 columns
2025-11-06 17:54:22,013 INFO mch.training: Prefilter progress: scanned 10000/20000 columns
2025-11-06 17:54:22,131 INFO mch.training: Prefilter progress: scanned 5000/20000 columns
2025-11-06 17:54:22,165 INFO mch.training: Prefilter progress: scanned 10000/20000 columns
2025-11-06 17:54:22,421 INFO mch.training: Prefilter progress: scanned 10000/20000 columns
2025-11-06 17:54:22,541 INFO mch.training: Prefilter progress: scanned 15000/20000 columns
2025-11-06 17:54:22,644 INFO mch.training: Prefilter progress: scanned 10000/20000 columns
2025-11-06 17:54:22,681 INFO mch.training: Prefilter progress: scanned 15000/20000 columns
2025-11-06 17:54:22,942 INFO mch.training: Prefilter progress: scanned 15000/20000 columns
2025-11-06 17:54:23,094 INFO mch.training: Prefilter progress: scanned 20000/20000 columns
2025-11-06 17:54:23,172 INFO mch.training: Prefilter progress: scanned 15000/20000 columns
2025-11-06 17:54:23,214 INFO mch.training: Prefilter progress: scanned 20000/20000 columns
2025-11-06 17:54:23,457 INFO mch.training: Prefilter progress: scanned 20000/20000 columns
2025-11-06 17:54:23,585 INFO mch.training: Prefilter done: kept 200 features
2025-11-06 17:54:23,607 WARNING mch.training: Drop rare classes (<2 samples): Histiocytosis
2025-11-06 17:54:23,613 INFO mch.training: Train/Test shapes: X_train=(85, 200), X_test=(22, 200)
2025-11-06 17:54:23,615 INFO mch.training: Using LogisticRegression as model.
2025-11-06 17:54:23,616 INFO mch.training: DM disabled
2025-11-06 17:54:23,617 INFO mch.training: Pipeline steps: ['modelGeneration']
2025-11-06 17:54:23,618 WARNING mch.training: parameter_grid is None/empty, fit pipeline without grid search
2025-11-06 17:54:23,650 INFO mch.training: Test accuracy: 0.8636, macro_f1: 0.3089, weighted_f1: 0.8004
2025-11-06 17:54:23,652 INFO mch.training: Model trained for Haematological malignancy, not saved
2025-11-06 17:54:23,653 INFO mch.training: Training model for node: Sarcoma
2025-11-06 17:54:23,695 INFO mch.training: Prefilter progress: scanned 20000/20000 columns
2025-11-06 17:54:23,712 INFO mch.training: Prefilter done: kept 200 features
2025-11-06 17:54:23,730 WARNING mch.training: Drop rare classes (<2 samples): Histiocytosis
2025-11-06 17:54:23,737 INFO mch.training: Train/Test shapes: X_train=(85, 200), X_test=(22, 200)
2025-11-06 17:54:23,738 INFO mch.training: Using LogisticRegression as model.
2025-11-06 17:54:23,739 INFO mch.training: DM disabled
2025-11-06 17:54:23,740 INFO mch.training: Pipeline steps: ['modelGeneration']
2025-11-06 17:54:23,741 WARNING mch.training: parameter_grid is None/empty, fit pipeline without grid search
2025-11-06 17:54:23,775 INFO mch.training: Test accuracy: 0.8636, macro_f1: 0.3089, weighted_f1: 0.8004
2025-11-06 17:54:23,777 INFO mch.training: Model trained for Haematological malignancy, not saved
2025-11-06 17:54:23,778 INFO mch.training: Training model for node: Sarcoma
2025-11-06 17:54:23,968 INFO mch.training: Prefilter done: kept 200 features
2025-11-06 17:54:23,986 WARNING mch.training: Drop rare classes (<2 samples): Histiocytosis
2025-11-06 17:54:23,992 INFO mch.training: Train/Test shapes: X_train=(85, 200), X_test=(22, 200)
2025-11-06 17:54:23,993 INFO mch.training: Using LogisticRegression as model.
2025-11-06 17:54:23,994 INFO mch.training: DM disabled
2025-11-06 17:54:23,996 INFO mch.training: Pipeline steps: ['modelGeneration']
2025-11-06 17:54:23,997 WARNING mch.training: parameter_grid is None/empty, fit pipeline without grid search
2025-11-06 17:54:24,030 INFO mch.training: Test accuracy: 0.8636, macro_f1: 0.3089, weighted_f1: 0.8004
2025-11-06 17:54:24,032 INFO mch.training: Model trained for Haematological malignancy, not saved
2025-11-06 17:54:24,033 INFO mch.training: Training model for node: Sarcoma
2025-11-06 17:54:24,255 INFO mch.training: Prefilter done: kept 200 features
2025-11-06 17:54:24,347 WARNING mch.training: Drop rare classes (<2 samples): Histiocytosis
2025-11-06 17:54:24,367 INFO mch.training: Train/Test shapes: X_train=(85, 200), X_test=(22, 200)
2025-11-06 17:54:24,370 INFO mch.training: Using LogisticRegression as model.
2025-11-06 17:54:24,373 INFO mch.training: DM disabled
2025-11-06 17:54:24,375 INFO mch.training: Pipeline steps: ['modelGeneration']
2025-11-06 17:54:24,378 WARNING mch.training: parameter_grid is None/empty, fit pipeline without grid search
2025-11-06 17:54:24,464 INFO mch.training: Test accuracy: 0.8636, macro_f1: 0.3089, weighted_f1: 0.8004
2025-11-06 17:54:24,482 INFO mch.training: Model trained for Haematological malignancy, not saved
2025-11-06 17:54:24,485 INFO mch.training: Training model for node: Sarcoma
2025-11-06 17:54:32,575 INFO mch.training: Training model for node: Haematological malignancy
2025-11-06 17:54:51,813 INFO mch.training: Prefilter start: input shape=(108,600118), candidates=600117, topk=200, scan_max=20000, chunk_size=5000
2025-11-06 17:54:52,334 INFO mch.training: Prefilter progress: scanned 5000/20000 columns
2025-11-06 17:54:52,802 INFO mch.training: Prefilter progress: scanned 10000/20000 columns
2025-11-06 17:54:53,283 INFO mch.training: Prefilter progress: scanned 15000/20000 columns
2025-11-06 17:54:53,770 INFO mch.training: Prefilter progress: scanned 20000/20000 columns
2025-11-06 17:54:53,857 INFO mch.training: Prefilter start: input shape=(80,600118), candidates=600117, topk=200, scan_max=20000, chunk_size=5000
2025-11-06 17:54:53,902 INFO mch.training: Prefilter start: input shape=(80,600118), candidates=600117, topk=200, scan_max=20000, chunk_size=5000
2025-11-06 17:54:54,065 INFO mch.training: Prefilter start: input shape=(80,600118), candidates=600117, topk=200, scan_max=20000, chunk_size=5000
2025-11-06 17:54:54,245 INFO mch.training: Prefilter done: kept 200 features
2025-11-06 17:54:54,265 WARNING mch.training: Drop rare classes (<2 samples): Histiocytosis
2025-11-06 17:54:54,280 INFO mch.training: Train/Test shapes: X_train=(85, 200), X_test=(22, 200)
2025-11-06 17:54:54,282 INFO mch.training: Using LogisticRegression as model.
2025-11-06 17:54:54,283 INFO mch.training: DM disabled
2025-11-06 17:54:54,284 INFO mch.training: Pipeline steps: ['modelGeneration']
2025-11-06 17:54:54,285 WARNING mch.training: parameter_grid is None/empty, fit pipeline without grid search
2025-11-06 17:54:54,316 INFO mch.training: Test accuracy: 0.8636, macro_f1: 0.3089, weighted_f1: 0.8004
2025-11-06 17:54:54,318 INFO mch.training: Model trained for Haematological malignancy, not saved
2025-11-06 17:54:54,319 INFO mch.training: Training model for node: Sarcoma
2025-11-06 17:54:54,366 INFO mch.training: Prefilter start: input shape=(80,600118), candidates=600117, topk=200, scan_max=20000, chunk_size=5000
2025-11-06 17:54:54,438 INFO mch.training: Prefilter progress: scanned 5000/20000 columns
2025-11-06 17:54:54,564 INFO mch.training: Prefilter progress: scanned 5000/20000 columns
2025-11-06 17:54:54,675 INFO mch.training: Prefilter progress: scanned 5000/20000 columns
2025-11-06 17:54:55,043 INFO mch.training: Prefilter progress: scanned 10000/20000 columns
2025-11-06 17:54:55,181 INFO mch.training: Prefilter progress: scanned 5000/20000 columns
2025-11-06 17:54:55,311 INFO mch.training: Prefilter progress: scanned 10000/20000 columns
2025-11-06 17:54:55,443 INFO mch.training: Prefilter progress: scanned 10000/20000 columns
2025-11-06 17:54:55,967 INFO mch.training: Prefilter progress: scanned 10000/20000 columns
2025-11-06 17:54:56,053 INFO mch.training: Prefilter progress: scanned 15000/20000 columns
2025-11-06 17:54:56,167 INFO mch.training: Prefilter progress: scanned 15000/20000 columns
2025-11-06 17:54:56,271 INFO mch.training: Prefilter progress: scanned 15000/20000 columns
2025-11-06 17:54:56,742 INFO mch.training: Prefilter progress: scanned 20000/20000 columns
2025-11-06 17:54:56,893 INFO mch.training: Prefilter progress: scanned 15000/20000 columns
2025-11-06 17:54:56,989 INFO mch.training: Prefilter progress: scanned 20000/20000 columns
2025-11-06 17:54:57,063 INFO mch.training: Prefilter progress: scanned 20000/20000 columns
2025-11-06 17:54:57,309 INFO mch.training: Prefilter done: kept 200 features
2025-11-06 17:54:57,353 WARNING mch.training: Drop rare classes (<2 samples): Liver tumour, Sarcoma
2025-11-06 17:54:57,360 INFO mch.training: Train/Test shapes: X_train=(63, 200), X_test=(16, 200)
2025-11-06 17:54:57,362 INFO mch.training: Using LogisticRegression as model.
2025-11-06 17:54:57,363 INFO mch.training: DM disabled
2025-11-06 17:54:57,364 INFO mch.training: Pipeline steps: ['modelGeneration']
2025-11-06 17:54:57,365 WARNING mch.training: parameter_grid is None/empty, fit pipeline without grid search
2025-11-06 17:54:57,403 INFO mch.training: Test accuracy: 0.1250, macro_f1: 0.0778, weighted_f1: 0.1111
2025-11-06 17:54:57,405 INFO mch.training: Model trained for Sarcoma, not saved
2025-11-06 17:54:57,406 INFO mch.training: Training model for node: Solid tumour
2025-11-06 17:54:57,457 INFO mch.training: Prefilter progress: scanned 20000/20000 columns
2025-11-06 17:54:57,570 INFO mch.training: Prefilter done: kept 200 features
2025-11-06 17:54:57,598 WARNING mch.training: Drop rare classes (<2 samples): Liver tumour, Sarcoma
2025-11-06 17:54:57,604 INFO mch.training: Train/Test shapes: X_train=(63, 200), X_test=(16, 200)
2025-11-06 17:54:57,605 INFO mch.training: Using LogisticRegression as model.
2025-11-06 17:54:57,606 INFO mch.training: DM disabled
2025-11-06 17:54:57,607 INFO mch.training: Pipeline steps: ['modelGeneration']
2025-11-06 17:54:57,608 WARNING mch.training: parameter_grid is None/empty, fit pipeline without grid search
2025-11-06 17:54:57,623 INFO mch.training: Prefilter done: kept 200 features
2025-11-06 17:54:57,639 INFO mch.training: Test accuracy: 0.1250, macro_f1: 0.0778, weighted_f1: 0.1111
2025-11-06 17:54:57,641 INFO mch.training: Model trained for Sarcoma, not saved
2025-11-06 17:54:57,642 INFO mch.training: Training model for node: Solid tumour
2025-11-06 17:54:57,654 WARNING mch.training: Drop rare classes (<2 samples): Liver tumour, Sarcoma
2025-11-06 17:54:57,660 INFO mch.training: Train/Test shapes: X_train=(63, 200), X_test=(16, 200)
2025-11-06 17:54:57,661 INFO mch.training: Using LogisticRegression as model.
2025-11-06 17:54:57,662 INFO mch.training: DM disabled
2025-11-06 17:54:57,663 INFO mch.training: Pipeline steps: ['modelGeneration']
2025-11-06 17:54:57,665 WARNING mch.training: parameter_grid is None/empty, fit pipeline without grid search
2025-11-06 17:54:57,699 INFO mch.training: Test accuracy: 0.1250, macro_f1: 0.0778, weighted_f1: 0.1111
2025-11-06 17:54:57,701 INFO mch.training: Model trained for Sarcoma, not saved
2025-11-06 17:54:57,703 INFO mch.training: Training model for node: Solid tumour
2025-11-06 17:54:58,028 INFO mch.training: Prefilter done: kept 200 features
2025-11-06 17:54:58,066 WARNING mch.training: Drop rare classes (<2 samples): Liver tumour, Sarcoma
2025-11-06 17:54:58,073 INFO mch.training: Train/Test shapes: X_train=(63, 200), X_test=(16, 200)
2025-11-06 17:54:58,076 INFO mch.training: Using LogisticRegression as model.
2025-11-06 17:54:58,078 INFO mch.training: DM disabled
2025-11-06 17:54:58,080 INFO mch.training: Pipeline steps: ['modelGeneration']
2025-11-06 17:54:58,082 WARNING mch.training: parameter_grid is None/empty, fit pipeline without grid search
2025-11-06 17:54:58,129 INFO mch.training: Test accuracy: 0.1250, macro_f1: 0.0778, weighted_f1: 0.1111
2025-11-06 17:54:58,132 INFO mch.training: Model trained for Sarcoma, not saved
2025-11-06 17:54:58,134 INFO mch.training: Training model for node: Solid tumour
2025-11-06 17:55:25,260 INFO mch.training: Prefilter start: input shape=(80,600118), candidates=600117, topk=200, scan_max=20000, chunk_size=5000
2025-11-06 17:55:25,875 INFO mch.training: Prefilter progress: scanned 5000/20000 columns
2025-11-06 17:55:26,018 INFO mch.training: Prefilter start: input shape=(48,600118), candidates=600117, topk=200, scan_max=20000, chunk_size=5000
2025-11-06 17:55:26,184 INFO mch.training: Prefilter start: input shape=(48,600118), candidates=600117, topk=200, scan_max=20000, chunk_size=5000
2025-11-06 17:55:26,408 INFO mch.training: Prefilter progress: scanned 10000/20000 columns
2025-11-06 17:55:26,490 INFO mch.training: Prefilter start: input shape=(48,600118), candidates=600117, topk=200, scan_max=20000, chunk_size=5000
2025-11-06 17:55:26,604 INFO mch.training: Prefilter progress: scanned 5000/20000 columns
2025-11-06 17:55:26,749 INFO mch.training: Prefilter progress: scanned 5000/20000 columns
2025-11-06 17:55:26,992 INFO mch.training: Prefilter progress: scanned 15000/20000 columns
2025-11-06 17:55:27,048 INFO mch.training: Prefilter start: input shape=(48,600118), candidates=600117, topk=200, scan_max=20000, chunk_size=5000
2025-11-06 17:55:27,070 INFO mch.training: Prefilter progress: scanned 5000/20000 columns
2025-11-06 17:55:27,123 INFO mch.training: Prefilter progress: scanned 10000/20000 columns
2025-11-06 17:55:27,333 INFO mch.training: Prefilter progress: scanned 10000/20000 columns
2025-11-06 17:55:27,537 INFO mch.training: Prefilter progress: scanned 20000/20000 columns
2025-11-06 17:55:27,602 INFO mch.training: Prefilter progress: scanned 10000/20000 columns
2025-11-06 17:55:27,652 INFO mch.training: Prefilter progress: scanned 15000/20000 columns
2025-11-06 17:55:27,689 INFO mch.training: Prefilter progress: scanned 5000/20000 columns
2025-11-06 17:55:27,878 INFO mch.training: Prefilter progress: scanned 15000/20000 columns
2025-11-06 17:55:28,091 INFO mch.training: Prefilter done: kept 200 features
2025-11-06 17:55:28,124 WARNING mch.training: Drop rare classes (<2 samples): Liver tumour, Sarcoma
2025-11-06 17:55:28,131 INFO mch.training: Train/Test shapes: X_train=(63, 200), X_test=(16, 200)
2025-11-06 17:55:28,132 INFO mch.training: Using LogisticRegression as model.
2025-11-06 17:55:28,133 INFO mch.training: DM disabled
2025-11-06 17:55:28,134 INFO mch.training: Pipeline steps: ['modelGeneration']
2025-11-06 17:55:28,135 WARNING mch.training: parameter_grid is None/empty, fit pipeline without grid search
2025-11-06 17:55:28,168 INFO mch.training: Test accuracy: 0.1250, macro_f1: 0.0778, weighted_f1: 0.1111
2025-11-06 17:55:28,169 INFO mch.training: Prefilter progress: scanned 15000/20000 columns
2025-11-06 17:55:28,170 INFO mch.training: Model trained for Sarcoma, not saved
2025-11-06 17:55:28,171 INFO mch.training: Training model for node: Solid tumour
2025-11-06 17:55:28,187 INFO mch.training: Prefilter progress: scanned 20000/20000 columns
2025-11-06 17:55:28,256 INFO mch.training: Prefilter progress: scanned 10000/20000 columns
2025-11-06 17:55:28,389 INFO mch.training: Prefilter progress: scanned 20000/20000 columns
2025-11-06 17:55:28,756 INFO mch.training: Prefilter progress: scanned 20000/20000 columns
2025-11-06 17:55:28,778 INFO mch.training: Prefilter done: kept 200 features
2025-11-06 17:55:28,859 INFO mch.training: Train/Test shapes: X_train=(38, 200), X_test=(10, 200)
2025-11-06 17:55:28,861 INFO mch.training: Using LogisticRegression as model.
2025-11-06 17:55:28,863 INFO mch.training: DM disabled
2025-11-06 17:55:28,864 INFO mch.training: Pipeline steps: ['modelGeneration']
2025-11-06 17:55:28,865 WARNING mch.training: parameter_grid is None/empty, fit pipeline without grid search
2025-11-06 17:55:28,859 INFO mch.training: Prefilter progress: scanned 15000/20000 columns
2025-11-06 17:55:28,939 INFO mch.training: Test accuracy: 0.1000, macro_f1: 0.0408, weighted_f1: 0.0571
2025-11-06 17:55:28,943 INFO mch.training: Model trained for Solid tumour, not saved
2025-11-06 17:55:28,945 INFO mch.training: Training model for node: Central nervous system
2025-11-06 17:55:28,996 INFO mch.training: Prefilter done: kept 200 features
2025-11-06 17:55:29,064 INFO mch.training: Train/Test shapes: X_train=(38, 200), X_test=(10, 200)
2025-11-06 17:55:29,066 INFO mch.training: Using LogisticRegression as model.
2025-11-06 17:55:29,067 INFO mch.training: DM disabled
2025-11-06 17:55:29,069 INFO mch.training: Pipeline steps: ['modelGeneration']
2025-11-06 17:55:29,070 WARNING mch.training: parameter_grid is None/empty, fit pipeline without grid search
2025-11-06 17:55:29,098 INFO mch.training: Test accuracy: 0.1000, macro_f1: 0.0408, weighted_f1: 0.0571
2025-11-06 17:55:29,100 INFO mch.training: Model trained for Solid tumour, not saved
2025-11-06 17:55:29,101 INFO mch.training: Training model for node: Central nervous system
2025-11-06 17:55:29,553 INFO mch.training: Prefilter done: kept 200 features
2025-11-06 17:55:29,668 INFO mch.training: Train/Test shapes: X_train=(38, 200), X_test=(10, 200)
2025-11-06 17:55:29,684 INFO mch.training: Using LogisticRegression as model.
2025-11-06 17:55:29,686 INFO mch.training: DM disabled
2025-11-06 17:55:29,688 INFO mch.training: Pipeline steps: ['modelGeneration']
2025-11-06 17:55:29,689 WARNING mch.training: parameter_grid is None/empty, fit pipeline without grid search
2025-11-06 17:55:29,759 INFO mch.training: Test accuracy: 0.1000, macro_f1: 0.0408, weighted_f1: 0.0571
2025-11-06 17:55:29,762 INFO mch.training: Model trained for Solid tumour, not saved
2025-11-06 17:55:29,764 INFO mch.training: Training model for node: Central nervous system
2025-11-06 17:55:29,778 INFO mch.training: Prefilter progress: scanned 20000/20000 columns
2025-11-06 17:55:31,249 INFO mch.training: Prefilter done: kept 200 features
2025-11-06 17:55:31,314 INFO mch.training: Train/Test shapes: X_train=(38, 200), X_test=(10, 200)
2025-11-06 17:55:31,317 INFO mch.training: Using LogisticRegression as model.
2025-11-06 17:55:31,319 INFO mch.training: DM disabled
2025-11-06 17:55:31,322 INFO mch.training: Pipeline steps: ['modelGeneration']
2025-11-06 17:55:31,324 WARNING mch.training: parameter_grid is None/empty, fit pipeline without grid search
2025-11-06 17:55:31,370 INFO mch.training: Test accuracy: 0.1000, macro_f1: 0.0408, weighted_f1: 0.0571
2025-11-06 17:55:31,374 INFO mch.training: Model trained for Solid tumour, not saved
2025-11-06 17:55:31,376 INFO mch.training: Training model for node: Central nervous system
2025-11-06 17:55:58,785 INFO mch.training: Prefilter start: input shape=(48,600118), candidates=600117, topk=200, scan_max=20000, chunk_size=5000
2025-11-06 17:55:59,281 INFO mch.training: Prefilter start: input shape=(129,600118), candidates=600117, topk=200, scan_max=20000, chunk_size=5000
2025-11-06 17:55:59,315 INFO mch.training: Prefilter progress: scanned 5000/20000 columns
2025-11-06 17:55:59,544 INFO mch.training: Prefilter start: input shape=(129,600118), candidates=600117, topk=200, scan_max=20000, chunk_size=5000
2025-11-06 17:55:59,843 INFO mch.training: Prefilter progress: scanned 10000/20000 columns
2025-11-06 17:55:59,937 INFO mch.training: Prefilter start: input shape=(129,600118), candidates=600117, topk=200, scan_max=20000, chunk_size=5000
2025-11-06 17:55:59,960 INFO mch.training: Prefilter progress: scanned 5000/20000 columns
2025-11-06 17:56:00,183 INFO mch.training: Prefilter start: input shape=(129,600118), candidates=600117, topk=200, scan_max=20000, chunk_size=5000
2025-11-06 17:56:00,232 INFO mch.training: Prefilter progress: scanned 5000/20000 columns
2025-11-06 17:56:00,345 INFO mch.training: Prefilter progress: scanned 15000/20000 columns
2025-11-06 17:56:00,594 INFO mch.training: Prefilter progress: scanned 5000/20000 columns
2025-11-06 17:56:00,595 INFO mch.training: Prefilter progress: scanned 10000/20000 columns
2025-11-06 17:56:00,831 INFO mch.training: Prefilter progress: scanned 5000/20000 columns
2025-11-06 17:56:00,859 INFO mch.training: Prefilter progress: scanned 20000/20000 columns
2025-11-06 17:56:00,897 INFO mch.training: Prefilter progress: scanned 10000/20000 columns
2025-11-06 17:56:01,187 INFO mch.training: Prefilter progress: scanned 10000/20000 columns
2025-11-06 17:56:01,250 INFO mch.training: Prefilter progress: scanned 15000/20000 columns
2025-11-06 17:56:01,359 INFO mch.training: Prefilter done: kept 200 features
2025-11-06 17:56:01,398 INFO mch.training: Train/Test shapes: X_train=(38, 200), X_test=(10, 200)
2025-11-06 17:56:01,400 INFO mch.training: Using LogisticRegression as model.
2025-11-06 17:56:01,401 INFO mch.training: DM disabled
2025-11-06 17:56:01,402 INFO mch.training: Pipeline steps: ['modelGeneration']
2025-11-06 17:56:01,403 WARNING mch.training: parameter_grid is None/empty, fit pipeline without grid search
2025-11-06 17:56:01,410 INFO mch.training: Prefilter progress: scanned 10000/20000 columns
2025-11-06 17:56:01,431 INFO mch.training: Test accuracy: 0.1000, macro_f1: 0.0408, weighted_f1: 0.0571
2025-11-06 17:56:01,433 INFO mch.training: Model trained for Solid tumour, not saved
2025-11-06 17:56:01,434 INFO mch.training: Training model for node: Central nervous system
2025-11-06 17:56:01,526 INFO mch.training: Prefilter progress: scanned 15000/20000 columns
2025-11-06 17:56:01,795 INFO mch.training: Prefilter progress: scanned 15000/20000 columns
2025-11-06 17:56:01,836 INFO mch.training: Prefilter progress: scanned 20000/20000 columns
2025-11-06 17:56:02,151 INFO mch.training: Prefilter progress: scanned 15000/20000 columns
2025-11-06 17:56:02,164 INFO mch.training: Prefilter progress: scanned 20000/20000 columns
2025-11-06 17:56:02,458 INFO mch.training: Prefilter progress: scanned 20000/20000 columns
2025-11-06 17:56:02,624 INFO mch.training: Prefilter done: kept 200 features
2025-11-06 17:56:02,657 WARNING mch.training: Drop rare classes (<2 samples): Germ cell tumour, CNS, Peripheral nerve sheath tumour, CNS
2025-11-06 17:56:02,686 INFO mch.training: Train/Test shapes: X_train=(101, 200), X_test=(26, 200)
2025-11-06 17:56:02,696 INFO mch.training: Using LogisticRegression as model.
2025-11-06 17:56:02,698 INFO mch.training: DM disabled
2025-11-06 17:56:02,700 INFO mch.training: Pipeline steps: ['modelGeneration']
2025-11-06 17:56:02,701 WARNING mch.training: parameter_grid is None/empty, fit pipeline without grid search
2025-11-06 17:56:02,862 INFO mch.training: Prefilter done: kept 200 features
2025-11-06 17:56:02,866 INFO mch.training: Test accuracy: 0.1923, macro_f1: 0.0782, weighted_f1: 0.1774
2025-11-06 17:56:02,881 INFO mch.training: Model trained for Central nervous system, not saved
2025-11-06 17:56:02,882 INFO mch.training: Training model for node: Overgrowth syndrome
2025-11-06 17:56:02,945 WARNING mch.training: Drop rare classes (<2 samples): Germ cell tumour, CNS, Peripheral nerve sheath tumour, CNS
2025-11-06 17:56:02,954 INFO mch.training: Train/Test shapes: X_train=(101, 200), X_test=(26, 200)
2025-11-06 17:56:02,958 INFO mch.training: Using LogisticRegression as model.
2025-11-06 17:56:02,960 INFO mch.training: DM disabled
2025-11-06 17:56:02,962 INFO mch.training: Pipeline steps: ['modelGeneration']
2025-11-06 17:56:02,964 WARNING mch.training: parameter_grid is None/empty, fit pipeline without grid search
2025-11-06 17:56:03,062 INFO mch.training: Test accuracy: 0.1923, macro_f1: 0.0782, weighted_f1: 0.1774
2025-11-06 17:56:03,065 INFO mch.training: Model trained for Central nervous system, not saved
2025-11-06 17:56:03,067 INFO mch.training: Training model for node: Overgrowth syndrome
2025-11-06 17:56:03,068 INFO mch.training: Prefilter progress: scanned 20000/20000 columns
2025-11-06 17:56:03,098 INFO mch.training: Prefilter done: kept 200 features
2025-11-06 17:56:03,162 WARNING mch.training: Drop rare classes (<2 samples): Germ cell tumour, CNS, Peripheral nerve sheath tumour, CNS
2025-11-06 17:56:03,172 INFO mch.training: Train/Test shapes: X_train=(101, 200), X_test=(26, 200)
2025-11-06 17:56:03,175 INFO mch.training: Using LogisticRegression as model.
2025-11-06 17:56:03,177 INFO mch.training: DM disabled
2025-11-06 17:56:03,179 INFO mch.training: Pipeline steps: ['modelGeneration']
2025-11-06 17:56:03,181 WARNING mch.training: parameter_grid is None/empty, fit pipeline without grid search
2025-11-06 17:56:03,302 INFO mch.training: Test accuracy: 0.1923, macro_f1: 0.0782, weighted_f1: 0.1774
2025-11-06 17:56:03,305 INFO mch.training: Model trained for Central nervous system, not saved
2025-11-06 17:56:03,307 INFO mch.training: Training model for node: Overgrowth syndrome
2025-11-06 17:56:04,550 INFO mch.training: Prefilter done: kept 200 features
2025-11-06 17:56:04,801 WARNING mch.training: Drop rare classes (<2 samples): Germ cell tumour, CNS, Peripheral nerve sheath tumour, CNS
2025-11-06 17:56:04,833 INFO mch.training: Train/Test shapes: X_train=(101, 200), X_test=(26, 200)
2025-11-06 17:56:04,844 INFO mch.training: Using LogisticRegression as model.
2025-11-06 17:56:04,846 INFO mch.training: DM disabled
2025-11-06 17:56:04,847 INFO mch.training: Pipeline steps: ['modelGeneration']
2025-11-06 17:56:04,849 WARNING mch.training: parameter_grid is None/empty, fit pipeline without grid search
2025-11-06 17:56:05,096 INFO mch.training: Test accuracy: 0.1923, macro_f1: 0.0782, weighted_f1: 0.1774
2025-11-06 17:56:05,099 INFO mch.training: Model trained for Central nervous system, not saved
2025-11-06 17:56:05,101 INFO mch.training: Training model for node: Overgrowth syndrome
2025-11-06 17:56:29,683 INFO mch.training: Prefilter start: input shape=(129,600118), candidates=600117, topk=200, scan_max=20000, chunk_size=5000
2025-11-06 17:56:30,285 INFO mch.training: Prefilter progress: scanned 5000/20000 columns
2025-11-06 17:56:30,836 INFO mch.training: Prefilter progress: scanned 10000/20000 columns
2025-11-06 17:56:31,416 INFO mch.training: Prefilter progress: scanned 15000/20000 columns
2025-11-06 17:56:31,978 INFO mch.training: Prefilter progress: scanned 20000/20000 columns
2025-11-06 17:56:32,554 INFO mch.training: Prefilter done: kept 200 features
2025-11-06 17:56:32,588 WARNING mch.training: Drop rare classes (<2 samples): Germ cell tumour, CNS, Peripheral nerve sheath tumour, CNS
2025-11-06 17:56:32,595 INFO mch.training: Train/Test shapes: X_train=(101, 200), X_test=(26, 200)
2025-11-06 17:56:32,596 INFO mch.training: Using LogisticRegression as model.
2025-11-06 17:56:32,597 INFO mch.training: DM disabled
2025-11-06 17:56:32,598 INFO mch.training: Pipeline steps: ['modelGeneration']
2025-11-06 17:56:32,599 WARNING mch.training: parameter_grid is None/empty, fit pipeline without grid search
2025-11-06 17:56:32,664 INFO mch.training: Test accuracy: 0.1923, macro_f1: 0.0782, weighted_f1: 0.1774
2025-11-06 17:56:32,666 INFO mch.training: Model trained for Central nervous system, not saved
2025-11-06 17:56:32,667 INFO mch.training: Training model for node: Overgrowth syndrome
2025-11-06 18:01:45,123 INFO mch.training: Only training specified node: Haematological malignancy
2025-11-06 18:01:45,124 INFO mch.training: Training model for node: Haematological malignancy
2025-11-06 18:01:45,841 INFO mch.training: Training model for node: Neuroblastoma
2025-11-06 18:01:46,568 INFO mch.training: Training model for node: Neuroblastoma
2025-11-06 18:01:46,653 INFO mch.training: Training model for node: Neuroblastoma
2025-11-06 18:02:06,762 INFO mch.training: Prefilter start: input shape=(108,600118), candidates=600117, topk=200, scan_max=20000, chunk_size=5000
2025-11-06 18:02:07,300 INFO mch.training: Prefilter progress: scanned 5000/20000 columns
2025-11-06 18:02:07,773 INFO mch.training: Prefilter progress: scanned 10000/20000 columns
2025-11-06 18:02:08,261 INFO mch.training: Prefilter progress: scanned 15000/20000 columns
2025-11-06 18:02:08,755 INFO mch.training: Prefilter progress: scanned 20000/20000 columns
2025-11-06 18:02:09,238 INFO mch.training: Prefilter done: kept 200 features
2025-11-06 18:02:09,261 WARNING mch.training: Drop rare classes (<2 samples): Histiocytosis
2025-11-06 18:02:09,269 INFO mch.training: Train/Test shapes: X_train=(85, 200), X_test=(22, 200)
2025-11-06 18:02:09,270 INFO mch.training: Using LogisticRegression as model.
2025-11-06 18:02:09,271 INFO mch.training: DM disabled
2025-11-06 18:02:09,272 INFO mch.training: Pipeline steps: ['modelGeneration']
2025-11-06 18:02:09,274 WARNING mch.training: parameter_grid is None/empty, fit pipeline without grid search
2025-11-06 18:02:09,315 INFO mch.training: Test accuracy: 0.8636, macro_f1: 0.3089, weighted_f1: 0.8004
2025-11-06 18:02:09,317 INFO mch.training: Model trained for Haematological malignancy, not saved
2025-11-06 18:02:10,566 INFO mch.training: Training model for node: Vascular/lymphatic anomalies
2025-11-06 18:02:10,646 INFO mch.training: Training model for node: Vascular/lymphatic anomalies
2025-11-06 18:02:10,775 INFO mch.training: Training model for node: Vascular/lymphatic anomalies
2025-11-06 18:02:20,065 INFO mch.training: Training model for node: Haematological malignancy
2025-11-06 18:02:20,379 INFO mch.training: Training model for node: Haematological malignancy
2025-11-06 18:02:20,829 INFO mch.training: Training model for node: Haematological malignancy
2025-11-06 18:02:40,839 INFO mch.training: Prefilter start: input shape=(108,600118), candidates=600117, topk=200, scan_max=20000, chunk_size=5000
2025-11-06 18:02:40,967 INFO mch.training: Prefilter start: input shape=(108,600118), candidates=600117, topk=200, scan_max=20000, chunk_size=5000
2025-11-06 18:02:41,006 INFO mch.training: Prefilter start: input shape=(108,600118), candidates=600117, topk=200, scan_max=20000, chunk_size=5000
2025-11-06 18:02:41,345 INFO mch.training: Prefilter progress: scanned 5000/20000 columns
2025-11-06 18:02:41,501 INFO mch.training: Prefilter progress: scanned 5000/20000 columns
2025-11-06 18:02:41,546 INFO mch.training: Prefilter progress: scanned 5000/20000 columns
2025-11-06 18:02:41,848 INFO mch.training: Prefilter progress: scanned 10000/20000 columns
2025-11-06 18:02:42,009 INFO mch.training: Prefilter progress: scanned 10000/20000 columns
2025-11-06 18:02:42,035 INFO mch.training: Prefilter progress: scanned 10000/20000 columns
2025-11-06 18:02:42,316 INFO mch.training: Prefilter progress: scanned 15000/20000 columns
2025-11-06 18:02:42,511 INFO mch.training: Prefilter progress: scanned 15000/20000 columns
2025-11-06 18:02:42,585 INFO mch.training: Prefilter progress: scanned 15000/20000 columns
2025-11-06 18:02:42,791 INFO mch.training: Prefilter progress: scanned 20000/20000 columns
2025-11-06 18:02:43,001 INFO mch.training: Prefilter progress: scanned 20000/20000 columns
2025-11-06 18:02:43,094 INFO mch.training: Prefilter progress: scanned 20000/20000 columns
2025-11-06 18:02:43,271 INFO mch.training: Prefilter done: kept 200 features
2025-11-06 18:02:43,289 WARNING mch.training: Drop rare classes (<2 samples): Histiocytosis
2025-11-06 18:02:43,295 INFO mch.training: Train/Test shapes: X_train=(85, 200), X_test=(22, 200)
2025-11-06 18:02:43,296 INFO mch.training: Using LogisticRegression as model.
2025-11-06 18:02:43,297 INFO mch.training: DM disabled
2025-11-06 18:02:43,298 INFO mch.training: Pipeline steps: ['modelGeneration']
2025-11-06 18:02:43,299 WARNING mch.training: parameter_grid is None/empty, fit pipeline without grid search
2025-11-06 18:02:43,335 INFO mch.training: Test accuracy: 0.8636, macro_f1: 0.3089, weighted_f1: 0.8004
2025-11-06 18:02:43,336 INFO mch.training: Model trained for Haematological malignancy, not saved
2025-11-06 18:02:43,337 INFO mch.training: Training model for node: Sarcoma
2025-11-06 18:02:43,493 INFO mch.training: Prefilter done: kept 200 features
2025-11-06 18:02:43,512 WARNING mch.training: Drop rare classes (<2 samples): Histiocytosis
2025-11-06 18:02:43,518 INFO mch.training: Train/Test shapes: X_train=(85, 200), X_test=(22, 200)
2025-11-06 18:02:43,519 INFO mch.training: Using LogisticRegression as model.
2025-11-06 18:02:43,520 INFO mch.training: DM disabled
2025-11-06 18:02:43,521 INFO mch.training: Pipeline steps: ['modelGeneration']
2025-11-06 18:02:43,522 WARNING mch.training: parameter_grid is None/empty, fit pipeline without grid search
2025-11-06 18:02:43,559 INFO mch.training: Test accuracy: 0.8636, macro_f1: 0.3089, weighted_f1: 0.8004
2025-11-06 18:02:43,561 INFO mch.training: Model trained for Haematological malignancy, not saved
2025-11-06 18:02:43,562 INFO mch.training: Training model for node: Sarcoma
2025-11-06 18:02:43,582 INFO mch.training: Prefilter done: kept 200 features
2025-11-06 18:02:43,602 WARNING mch.training: Drop rare classes (<2 samples): Histiocytosis
2025-11-06 18:02:43,611 INFO mch.training: Train/Test shapes: X_train=(85, 200), X_test=(22, 200)
2025-11-06 18:02:43,612 INFO mch.training: Using LogisticRegression as model.
2025-11-06 18:02:43,613 INFO mch.training: DM disabled
2025-11-06 18:02:43,614 INFO mch.training: Pipeline steps: ['modelGeneration']
2025-11-06 18:02:43,615 WARNING mch.training: parameter_grid is None/empty, fit pipeline without grid search
2025-11-06 18:02:43,650 INFO mch.training: Test accuracy: 0.8636, macro_f1: 0.3089, weighted_f1: 0.8004
2025-11-06 18:02:43,652 INFO mch.training: Model trained for Haematological malignancy, not saved
2025-11-06 18:02:43,653 INFO mch.training: Training model for node: Sarcoma
2025-11-06 18:03:10,220 INFO mch.training: Prefilter start: input shape=(80,600118), candidates=600117, topk=200, scan_max=20000, chunk_size=5000
2025-11-06 18:03:10,649 INFO mch.training: Prefilter start: input shape=(80,600118), candidates=600117, topk=200, scan_max=20000, chunk_size=5000
2025-11-06 18:03:10,815 INFO mch.training: Prefilter progress: scanned 5000/20000 columns
2025-11-06 18:03:10,847 INFO mch.training: Prefilter start: input shape=(80,600118), candidates=600117, topk=200, scan_max=20000, chunk_size=5000
2025-11-06 18:03:11,248 INFO mch.training: Prefilter progress: scanned 5000/20000 columns
2025-11-06 18:03:11,393 INFO mch.training: Prefilter progress: scanned 10000/20000 columns
2025-11-06 18:03:11,487 INFO mch.training: Prefilter progress: scanned 5000/20000 columns
2025-11-06 18:03:11,769 INFO mch.training: Prefilter progress: scanned 10000/20000 columns
2025-11-06 18:03:11,876 INFO mch.training: Prefilter progress: scanned 15000/20000 columns
2025-11-06 18:03:12,059 INFO mch.training: Prefilter progress: scanned 10000/20000 columns
2025-11-06 18:03:12,298 INFO mch.training: Prefilter progress: scanned 15000/20000 columns
2025-11-06 18:03:12,426 INFO mch.training: Prefilter progress: scanned 20000/20000 columns
2025-11-06 18:03:12,662 INFO mch.training: Prefilter progress: scanned 15000/20000 columns
2025-11-06 18:03:12,824 INFO mch.training: Prefilter progress: scanned 20000/20000 columns
2025-11-06 18:03:12,958 INFO mch.training: Prefilter done: kept 200 features
2025-11-06 18:03:12,987 WARNING mch.training: Drop rare classes (<2 samples): Liver tumour, Sarcoma
2025-11-06 18:03:12,992 INFO mch.training: Train/Test shapes: X_train=(63, 200), X_test=(16, 200)
2025-11-06 18:03:12,993 INFO mch.training: Using LogisticRegression as model.
2025-11-06 18:03:12,994 INFO mch.training: DM disabled
2025-11-06 18:03:12,995 INFO mch.training: Pipeline steps: ['modelGeneration']
2025-11-06 18:03:12,997 WARNING mch.training: parameter_grid is None/empty, fit pipeline without grid search
2025-11-06 18:03:13,031 INFO mch.training: Test accuracy: 0.1250, macro_f1: 0.0778, weighted_f1: 0.1111
2025-11-06 18:03:13,032 INFO mch.training: Model trained for Sarcoma, not saved
2025-11-06 18:03:13,033 INFO mch.training: Training model for node: Solid tumour
2025-11-06 18:03:13,208 INFO mch.training: Prefilter progress: scanned 20000/20000 columns
2025-11-06 18:03:13,351 INFO mch.training: Prefilter done: kept 200 features
2025-11-06 18:03:13,376 WARNING mch.training: Drop rare classes (<2 samples): Liver tumour, Sarcoma
2025-11-06 18:03:13,383 INFO mch.training: Train/Test shapes: X_train=(63, 200), X_test=(16, 200)
2025-11-06 18:03:13,384 INFO mch.training: Using LogisticRegression as model.
2025-11-06 18:03:13,385 INFO mch.training: DM disabled
2025-11-06 18:03:13,386 INFO mch.training: Pipeline steps: ['modelGeneration']
2025-11-06 18:03:13,387 WARNING mch.training: parameter_grid is None/empty, fit pipeline without grid search
2025-11-06 18:03:13,423 INFO mch.training: Test accuracy: 0.1250, macro_f1: 0.0778, weighted_f1: 0.1111
2025-11-06 18:03:13,425 INFO mch.training: Model trained for Sarcoma, not saved
2025-11-06 18:03:13,426 INFO mch.training: Training model for node: Solid tumour
2025-11-06 18:03:13,854 INFO mch.training: Prefilter done: kept 200 features
2025-11-06 18:03:13,897 WARNING mch.training: Drop rare classes (<2 samples): Liver tumour, Sarcoma
2025-11-06 18:03:13,903 INFO mch.training: Train/Test shapes: X_train=(63, 200), X_test=(16, 200)
2025-11-06 18:03:13,904 INFO mch.training: Using LogisticRegression as model.
2025-11-06 18:03:13,905 INFO mch.training: DM disabled
2025-11-06 18:03:13,906 INFO mch.training: Pipeline steps: ['modelGeneration']
2025-11-06 18:03:13,908 WARNING mch.training: parameter_grid is None/empty, fit pipeline without grid search
2025-11-06 18:03:13,949 INFO mch.training: Test accuracy: 0.1250, macro_f1: 0.0778, weighted_f1: 0.1111
2025-11-06 18:03:13,952 INFO mch.training: Model trained for Sarcoma, not saved
2025-11-06 18:03:13,953 INFO mch.training: Training model for node: Solid tumour
2025-11-06 18:03:39,006 INFO mch.training: Prefilter start: input shape=(48,600118), candidates=600117, topk=200, scan_max=20000, chunk_size=5000
2025-11-06 18:03:39,604 INFO mch.training: Prefilter start: input shape=(48,600118), candidates=600117, topk=200, scan_max=20000, chunk_size=5000
2025-11-06 18:03:39,618 INFO mch.training: Prefilter progress: scanned 5000/20000 columns
2025-11-06 18:03:39,961 INFO mch.training: Prefilter start: input shape=(48,600118), candidates=600117, topk=200, scan_max=20000, chunk_size=5000
2025-11-06 18:03:40,144 INFO mch.training: Prefilter progress: scanned 10000/20000 columns
2025-11-06 18:03:40,211 INFO mch.training: Prefilter progress: scanned 5000/20000 columns
2025-11-06 18:03:40,594 INFO mch.training: Prefilter progress: scanned 5000/20000 columns
2025-11-06 18:03:40,665 INFO mch.training: Prefilter progress: scanned 15000/20000 columns
2025-11-06 18:03:40,780 INFO mch.training: Prefilter progress: scanned 10000/20000 columns
2025-11-06 18:03:41,078 INFO mch.training: Prefilter progress: scanned 10000/20000 columns
2025-11-06 18:03:41,164 INFO mch.training: Prefilter progress: scanned 20000/20000 columns
2025-11-06 18:03:41,307 INFO mch.training: Prefilter progress: scanned 15000/20000 columns
2025-11-06 18:03:41,591 INFO mch.training: Prefilter progress: scanned 15000/20000 columns
2025-11-06 18:03:41,703 INFO mch.training: Prefilter done: kept 200 features
2025-11-06 18:03:41,736 INFO mch.training: Train/Test shapes: X_train=(38, 200), X_test=(10, 200)
2025-11-06 18:03:41,739 INFO mch.training: Using LogisticRegression as model.
2025-11-06 18:03:41,743 INFO mch.training: DM disabled
2025-11-06 18:03:41,745 INFO mch.training: Pipeline steps: ['modelGeneration']
2025-11-06 18:03:41,750 WARNING mch.training: parameter_grid is None/empty, fit pipeline without grid search
2025-11-06 18:03:41,783 INFO mch.training: Test accuracy: 0.1000, macro_f1: 0.0408, weighted_f1: 0.0571
2025-11-06 18:03:41,784 INFO mch.training: Model trained for Solid tumour, not saved
2025-11-06 18:03:41,786 INFO mch.training: Training model for node: Central nervous system
2025-11-06 18:03:41,832 INFO mch.training: Prefilter progress: scanned 20000/20000 columns
2025-11-06 18:03:42,103 INFO mch.training: Prefilter progress: scanned 20000/20000 columns
2025-11-06 18:03:42,352 INFO mch.training: Prefilter done: kept 200 features
2025-11-06 18:03:42,401 INFO mch.training: Train/Test shapes: X_train=(38, 200), X_test=(10, 200)
2025-11-06 18:03:42,404 INFO mch.training: Using LogisticRegression as model.
2025-11-06 18:03:42,406 INFO mch.training: DM disabled
2025-11-06 18:03:42,409 INFO mch.training: Pipeline steps: ['modelGeneration']
2025-11-06 18:03:42,411 WARNING mch.training: parameter_grid is None/empty, fit pipeline without grid search
2025-11-06 18:03:42,472 INFO mch.training: Test accuracy: 0.1000, macro_f1: 0.0408, weighted_f1: 0.0571
2025-11-06 18:03:42,474 INFO mch.training: Model trained for Solid tumour, not saved
2025-11-06 18:03:42,476 INFO mch.training: Training model for node: Central nervous system
2025-11-06 18:03:42,705 INFO mch.training: Prefilter done: kept 200 features
2025-11-06 18:03:42,741 INFO mch.training: Train/Test shapes: X_train=(38, 200), X_test=(10, 200)
2025-11-06 18:03:42,743 INFO mch.training: Using LogisticRegression as model.
2025-11-06 18:03:42,744 INFO mch.training: DM disabled
2025-11-06 18:03:42,745 INFO mch.training: Pipeline steps: ['modelGeneration']
2025-11-06 18:03:42,746 WARNING mch.training: parameter_grid is None/empty, fit pipeline without grid search
2025-11-06 18:03:42,778 INFO mch.training: Test accuracy: 0.1000, macro_f1: 0.0408, weighted_f1: 0.0571
2025-11-06 18:03:42,780 INFO mch.training: Model trained for Solid tumour, not saved
2025-11-06 18:03:42,788 INFO mch.training: Training model for node: Central nervous system
2025-11-06 18:04:09,095 INFO mch.training: Prefilter start: input shape=(129,600118), candidates=600117, topk=200, scan_max=20000, chunk_size=5000
2025-11-06 18:04:09,719 INFO mch.training: Prefilter progress: scanned 5000/20000 columns
2025-11-06 18:04:09,796 INFO mch.training: Prefilter start: input shape=(129,600118), candidates=600117, topk=200, scan_max=20000, chunk_size=5000
2025-11-06 18:04:09,930 INFO mch.training: Prefilter start: input shape=(129,600118), candidates=600117, topk=200, scan_max=20000, chunk_size=5000
2025-11-06 18:04:10,264 INFO mch.training: Prefilter progress: scanned 10000/20000 columns
2025-11-06 18:04:10,390 INFO mch.training: Prefilter progress: scanned 5000/20000 columns
2025-11-06 18:04:10,494 INFO mch.training: Prefilter progress: scanned 5000/20000 columns
2025-11-06 18:04:10,805 INFO mch.training: Prefilter progress: scanned 15000/20000 columns
2025-11-06 18:04:10,906 INFO mch.training: Prefilter progress: scanned 10000/20000 columns
2025-11-06 18:04:11,061 INFO mch.training: Prefilter progress: scanned 10000/20000 columns
2025-11-06 18:04:11,314 INFO mch.training: Prefilter progress: scanned 20000/20000 columns
2025-11-06 18:04:11,445 INFO mch.training: Prefilter progress: scanned 15000/20000 columns
2025-11-06 18:04:11,602 INFO mch.training: Prefilter progress: scanned 15000/20000 columns
2025-11-06 18:04:11,864 INFO mch.training: Prefilter done: kept 200 features
2025-11-06 18:04:11,887 WARNING mch.training: Drop rare classes (<2 samples): Germ cell tumour, CNS, Peripheral nerve sheath tumour, CNS
2025-11-06 18:04:11,892 INFO mch.training: Train/Test shapes: X_train=(101, 200), X_test=(26, 200)
2025-11-06 18:04:11,893 INFO mch.training: Using LogisticRegression as model.
2025-11-06 18:04:11,894 INFO mch.training: DM disabled
2025-11-06 18:04:11,895 INFO mch.training: Pipeline steps: ['modelGeneration']
2025-11-06 18:04:11,897 WARNING mch.training: parameter_grid is None/empty, fit pipeline without grid search
2025-11-06 18:04:11,961 INFO mch.training: Prefilter progress: scanned 20000/20000 columns
2025-11-06 18:04:11,963 INFO mch.training: Test accuracy: 0.1923, macro_f1: 0.0782, weighted_f1: 0.1774
2025-11-06 18:04:11,965 INFO mch.training: Model trained for Central nervous system, not saved
2025-11-06 18:04:11,966 INFO mch.training: Training model for node: Overgrowth syndrome
2025-11-06 18:04:12,136 INFO mch.training: Prefilter progress: scanned 20000/20000 columns
2025-11-06 18:04:12,513 INFO mch.training: Prefilter done: kept 200 features
2025-11-06 18:04:12,562 WARNING mch.training: Drop rare classes (<2 samples): Germ cell tumour, CNS, Peripheral nerve sheath tumour, CNS
2025-11-06 18:04:12,572 INFO mch.training: Train/Test shapes: X_train=(101, 200), X_test=(26, 200)
2025-11-06 18:04:12,574 INFO mch.training: Using LogisticRegression as model.
2025-11-06 18:04:12,576 INFO mch.training: DM disabled
2025-11-06 18:04:12,578 INFO mch.training: Pipeline steps: ['modelGeneration']
2025-11-06 18:04:12,580 WARNING mch.training: parameter_grid is None/empty, fit pipeline without grid search
2025-11-06 18:04:12,678 INFO mch.training: Test accuracy: 0.1923, macro_f1: 0.0782, weighted_f1: 0.1774
2025-11-06 18:04:12,681 INFO mch.training: Model trained for Central nervous system, not saved
2025-11-06 18:04:12,683 INFO mch.training: Training model for node: Overgrowth syndrome
2025-11-06 18:04:12,857 INFO mch.training: Prefilter done: kept 200 features
2025-11-06 18:04:12,883 WARNING mch.training: Drop rare classes (<2 samples): Germ cell tumour, CNS, Peripheral nerve sheath tumour, CNS
2025-11-06 18:04:12,888 INFO mch.training: Train/Test shapes: X_train=(101, 200), X_test=(26, 200)
2025-11-06 18:04:12,889 INFO mch.training: Using LogisticRegression as model.
2025-11-06 18:04:12,890 INFO mch.training: DM disabled
2025-11-06 18:04:12,891 INFO mch.training: Pipeline steps: ['modelGeneration']
2025-11-06 18:04:12,892 WARNING mch.training: parameter_grid is None/empty, fit pipeline without grid search
2025-11-06 18:04:12,977 INFO mch.training: Test accuracy: 0.1923, macro_f1: 0.0782, weighted_f1: 0.1774
2025-11-06 18:04:12,981 INFO mch.training: Model trained for Central nervous system, not saved
2025-11-06 18:04:12,983 INFO mch.training: Training model for node: Overgrowth syndrome
2025-11-07 02:20:34,352 INFO mch.training: Only training specified node: Haematological malignancy
2025-11-07 02:20:34,353 INFO mch.training: Training model for node: Haematological malignancy
2025-11-07 02:20:34,674 INFO mch.training: Only training specified node: Central nervous system
2025-11-07 02:20:34,675 INFO mch.training: Training model for node: Central nervous system
2025-11-07 02:20:35,157 INFO mch.training: Only training specified node: Central nervous system
2025-11-07 02:20:35,159 INFO mch.training: Training model for node: Central nervous system
2025-11-07 02:20:35,790 INFO mch.training: Only training specified node: Solid tumour
2025-11-07 02:20:35,792 INFO mch.training: Training model for node: Solid tumour
2025-11-07 02:20:36,163 INFO mch.training: Only training specified node: Sarcoma
2025-11-07 02:20:36,168 INFO mch.training: Training model for node: Sarcoma
2025-11-07 02:20:36,228 INFO mch.training: Only training specified node: Overgrowth syndrome
2025-11-07 02:20:36,230 INFO mch.training: Training model for node: Overgrowth syndrome
2025-11-07 02:21:00,428 INFO mch.training: Prefilter start: input shape=(108,600118), candidates=600117, topk=200, scan_max=20000, chunk_size=5000
2025-11-07 02:21:00,879 INFO mch.training: Prefilter start: input shape=(129,600118), candidates=600117, topk=200, scan_max=20000, chunk_size=5000
2025-11-07 02:21:00,936 INFO mch.training: Prefilter start: input shape=(48,600118), candidates=600117, topk=200, scan_max=20000, chunk_size=5000
2025-11-07 02:21:00,950 INFO mch.training: Prefilter progress: scanned 5000/20000 columns
2025-11-07 02:21:01,309 INFO mch.training: Prefilter start: input shape=(129,600118), candidates=600117, topk=200, scan_max=20000, chunk_size=5000
2025-11-07 02:21:01,338 INFO mch.training: Prefilter progress: scanned 5000/20000 columns
2025-11-07 02:21:01,398 INFO mch.training: Prefilter start: input shape=(80,600118), candidates=600117, topk=200, scan_max=20000, chunk_size=5000
2025-11-07 02:21:01,424 INFO mch.training: Prefilter progress: scanned 5000/20000 columns
2025-11-07 02:21:01,434 INFO mch.training: Prefilter progress: scanned 10000/20000 columns
2025-11-07 02:21:01,764 INFO mch.training: Prefilter progress: scanned 10000/20000 columns
2025-11-07 02:21:01,777 INFO mch.training: Prefilter progress: scanned 5000/20000 columns
2025-11-07 02:21:01,867 INFO mch.training: Prefilter progress: scanned 10000/20000 columns
2025-11-07 02:21:01,871 INFO mch.training: Prefilter progress: scanned 15000/20000 columns
2025-11-07 02:21:01,889 INFO mch.training: Prefilter progress: scanned 5000/20000 columns
2025-11-07 02:21:02,224 INFO mch.training: Prefilter progress: scanned 10000/20000 columns
2025-11-07 02:21:02,229 INFO mch.training: Prefilter progress: scanned 15000/20000 columns
2025-11-07 02:21:02,352 INFO mch.training: Prefilter progress: scanned 10000/20000 columns
2025-11-07 02:21:02,355 INFO mch.training: Prefilter progress: scanned 15000/20000 columns
2025-11-07 02:21:02,362 INFO mch.training: Prefilter progress: scanned 20000/20000 columns
2025-11-07 02:21:02,666 INFO mch.training: Prefilter progress: scanned 15000/20000 columns
2025-11-07 02:21:02,675 INFO mch.training: Prefilter progress: scanned 20000/20000 columns
2025-11-07 02:21:02,805 INFO mch.training: Prefilter progress: scanned 15000/20000 columns
2025-11-07 02:21:02,833 INFO mch.training: Prefilter done: kept 200 features
2025-11-07 02:21:02,837 INFO mch.training: Prefilter progress: scanned 20000/20000 columns
2025-11-07 02:21:02,852 WARNING mch.training: Drop rare classes (<2 samples): Histiocytosis
2025-11-07 02:21:02,856 INFO mch.training: Train/Test shapes: X_train=(85, 200), X_test=(22, 200)
2025-11-07 02:21:02,858 INFO mch.training: Using LogisticRegression as model.
2025-11-07 02:21:02,858 INFO mch.training: DM disabled
2025-11-07 02:21:02,859 INFO mch.training: Pipeline steps: ['modelGeneration']
2025-11-07 02:21:02,860 WARNING mch.training: parameter_grid is None/empty, fit pipeline without grid search
2025-11-07 02:21:02,891 INFO mch.training: Test accuracy: 0.8636, macro_f1: 0.3089, weighted_f1: 0.8004
2025-11-07 02:21:02,893 INFO mch.training: Model trained for Haematological malignancy, not saved
2025-11-07 02:21:03,086 INFO mch.training: Prefilter progress: scanned 20000/20000 columns
2025-11-07 02:21:03,107 INFO mch.training: Prefilter done: kept 200 features
2025-11-07 02:21:03,126 WARNING mch.training: Drop rare classes (<2 samples): Germ cell tumour, CNS, Peripheral nerve sheath tumour, CNS
2025-11-07 02:21:03,131 INFO mch.training: Train/Test shapes: X_train=(101, 200), X_test=(26, 200)
2025-11-07 02:21:03,132 INFO mch.training: Using LogisticRegression as model.
2025-11-07 02:21:03,133 INFO mch.training: DM disabled
2025-11-07 02:21:03,134 INFO mch.training: Pipeline steps: ['modelGeneration']
2025-11-07 02:21:03,135 WARNING mch.training: parameter_grid is None/empty, fit pipeline without grid search
2025-11-07 02:21:03,203 INFO mch.training: Test accuracy: 0.1923, macro_f1: 0.0782, weighted_f1: 0.1774
2025-11-07 02:21:03,204 INFO mch.training: Model trained for Central nervous system, not saved
2025-11-07 02:21:03,243 INFO mch.training: Prefilter progress: scanned 20000/20000 columns
2025-11-07 02:21:03,286 INFO mch.training: Prefilter done: kept 200 features
2025-11-07 02:21:03,305 INFO mch.training: Train/Test shapes: X_train=(38, 200), X_test=(10, 200)
2025-11-07 02:21:03,306 INFO mch.training: Using LogisticRegression as model.
2025-11-07 02:21:03,307 INFO mch.training: DM disabled
2025-11-07 02:21:03,308 INFO mch.training: Pipeline steps: ['modelGeneration']
2025-11-07 02:21:03,309 WARNING mch.training: parameter_grid is None/empty, fit pipeline without grid search
2025-11-07 02:21:03,343 INFO mch.training: Test accuracy: 0.1000, macro_f1: 0.0408, weighted_f1: 0.0571
2025-11-07 02:21:03,345 INFO mch.training: Model trained for Solid tumour, not saved
2025-11-07 02:21:03,516 INFO mch.training: Prefilter done: kept 200 features
2025-11-07 02:21:03,532 WARNING mch.training: Drop rare classes (<2 samples): Germ cell tumour, CNS, Peripheral nerve sheath tumour, CNS
2025-11-07 02:21:03,537 INFO mch.training: Train/Test shapes: X_train=(101, 200), X_test=(26, 200)
2025-11-07 02:21:03,538 INFO mch.training: Using LogisticRegression as model.
2025-11-07 02:21:03,539 INFO mch.training: DM disabled
2025-11-07 02:21:03,540 INFO mch.training: Pipeline steps: ['modelGeneration']
2025-11-07 02:21:03,541 WARNING mch.training: parameter_grid is None/empty, fit pipeline without grid search
2025-11-07 02:21:03,603 INFO mch.training: Test accuracy: 0.1923, macro_f1: 0.0782, weighted_f1: 0.1774
2025-11-07 02:21:03,605 INFO mch.training: Model trained for Central nervous system, not saved
2025-11-07 02:21:03,682 INFO mch.training: Prefilter done: kept 200 features
2025-11-07 02:21:03,697 WARNING mch.training: Drop rare classes (<2 samples): Liver tumour, Sarcoma
2025-11-07 02:21:03,703 INFO mch.training: Train/Test shapes: X_train=(63, 200), X_test=(16, 200)
2025-11-07 02:21:03,703 INFO mch.training: Using LogisticRegression as model.
2025-11-07 02:21:03,704 INFO mch.training: DM disabled
2025-11-07 02:21:03,705 INFO mch.training: Pipeline steps: ['modelGeneration']
2025-11-07 02:21:03,706 WARNING mch.training: parameter_grid is None/empty, fit pipeline without grid search
2025-11-07 02:21:03,739 INFO mch.training: Test accuracy: 0.1250, macro_f1: 0.0778, weighted_f1: 0.1111
2025-11-07 02:21:03,740 INFO mch.training: Model trained for Sarcoma, not saved
2025-11-07 02:46:15,446 INFO mch.training: Only training specified node: Solid tumour
2025-11-07 02:46:15,447 INFO mch.training: Training model for node: Solid tumour
2025-11-07 02:46:15,530 INFO mch.training: Only training specified node: Sarcoma
2025-11-07 02:46:15,532 INFO mch.training: Training model for node: Sarcoma
2025-11-07 02:46:15,795 INFO mch.training: Only training specified node: Overgrowth syndrome
2025-11-07 02:46:15,797 INFO mch.training: Training model for node: Overgrowth syndrome
2025-11-07 02:46:15,821 INFO mch.training: Only training specified node: ZERO2
2025-11-07 02:46:16,060 INFO mch.training: Only training specified node: Central nervous system
2025-11-07 02:46:16,062 INFO mch.training: Training model for node: Central nervous system
2025-11-07 02:46:16,092 INFO mch.training: Only training specified node: Haematological malignancy
2025-11-07 02:46:16,094 INFO mch.training: Training model for node: Haematological malignancy
2025-11-07 02:46:36,715 INFO mch.training: Prefilter start: input shape=(48,600118), candidates=600117, topk=200, scan_max=20000, chunk_size=5000
2025-11-07 02:46:36,873 INFO mch.training: Prefilter start: input shape=(80,600118), candidates=600117, topk=200, scan_max=20000, chunk_size=5000
2025-11-07 02:46:37,171 INFO mch.training: Prefilter progress: scanned 5000/20000 columns
2025-11-07 02:46:37,331 INFO mch.training: Prefilter progress: scanned 5000/20000 columns
2025-11-07 02:46:37,453 INFO mch.training: Prefilter start: input shape=(129,600118), candidates=600117, topk=200, scan_max=20000, chunk_size=5000
2025-11-07 02:46:37,569 INFO mch.training: Prefilter progress: scanned 10000/20000 columns
2025-11-07 02:46:37,745 INFO mch.training: Prefilter progress: scanned 10000/20000 columns
2025-11-07 02:46:37,908 INFO mch.training: Prefilter progress: scanned 5000/20000 columns
2025-11-07 02:46:37,978 INFO mch.training: Prefilter progress: scanned 15000/20000 columns
2025-11-07 02:46:38,059 INFO mch.training: Prefilter start: input shape=(108,600118), candidates=600117, topk=200, scan_max=20000, chunk_size=5000
2025-11-07 02:46:38,169 INFO mch.training: Prefilter progress: scanned 15000/20000 columns
2025-11-07 02:46:38,339 INFO mch.training: Prefilter progress: scanned 10000/20000 columns
2025-11-07 02:46:38,412 INFO mch.training: Prefilter progress: scanned 20000/20000 columns
2025-11-07 02:46:38,518 INFO mch.training: Prefilter progress: scanned 5000/20000 columns
2025-11-07 02:46:38,592 INFO mch.training: Prefilter progress: scanned 20000/20000 columns
2025-11-07 02:46:38,755 INFO mch.training: Prefilter progress: scanned 15000/20000 columns
2025-11-07 02:46:38,838 INFO mch.training: Prefilter done: kept 200 features
2025-11-07 02:46:38,860 INFO mch.training: Train/Test shapes: X_train=(38, 200), X_test=(10, 200)
2025-11-07 02:46:38,862 INFO mch.training: Using LogisticRegression as model.
2025-11-07 02:46:38,863 INFO mch.training: DM disabled
2025-11-07 02:46:38,864 INFO mch.training: Pipeline steps: ['modelGeneration']
2025-11-07 02:46:38,865 WARNING mch.training: parameter_grid is None/empty, fit pipeline without grid search
2025-11-07 02:46:38,896 INFO mch.training: Test accuracy: 0.1000, macro_f1: 0.0408, weighted_f1: 0.0571
2025-11-07 02:46:38,899 INFO mch.training: Model trained for Solid tumour, not saved
2025-11-07 02:46:38,947 INFO mch.training: Prefilter progress: scanned 10000/20000 columns
2025-11-07 02:46:39,017 INFO mch.training: Prefilter done: kept 200 features
2025-11-07 02:46:39,032 WARNING mch.training: Drop rare classes (<2 samples): Liver tumour, Sarcoma
2025-11-07 02:46:39,038 INFO mch.training: Train/Test shapes: X_train=(63, 200), X_test=(16, 200)
2025-11-07 02:46:39,039 INFO mch.training: Using LogisticRegression as model.
2025-11-07 02:46:39,041 INFO mch.training: DM disabled
2025-11-07 02:46:39,042 INFO mch.training: Pipeline steps: ['modelGeneration']
2025-11-07 02:46:39,043 WARNING mch.training: parameter_grid is None/empty, fit pipeline without grid search
2025-11-07 02:46:39,077 INFO mch.training: Test accuracy: 0.1250, macro_f1: 0.0778, weighted_f1: 0.1111
2025-11-07 02:46:39,079 INFO mch.training: Model trained for Sarcoma, not saved
2025-11-07 02:46:39,175 INFO mch.training: Prefilter progress: scanned 20000/20000 columns
2025-11-07 02:46:39,364 INFO mch.training: Prefilter progress: scanned 15000/20000 columns
2025-11-07 02:46:39,584 INFO mch.training: Prefilter done: kept 200 features
2025-11-07 02:46:39,599 WARNING mch.training: Drop rare classes (<2 samples): Germ cell tumour, CNS, Peripheral nerve sheath tumour, CNS
2025-11-07 02:46:39,605 INFO mch.training: Train/Test shapes: X_train=(101, 200), X_test=(26, 200)
2025-11-07 02:46:39,606 INFO mch.training: Using LogisticRegression as model.
2025-11-07 02:46:39,607 INFO mch.training: DM disabled
2025-11-07 02:46:39,608 INFO mch.training: Pipeline steps: ['modelGeneration']
2025-11-07 02:46:39,609 WARNING mch.training: parameter_grid is None/empty, fit pipeline without grid search
2025-11-07 02:46:39,671 INFO mch.training: Test accuracy: 0.1923, macro_f1: 0.0782, weighted_f1: 0.1774
2025-11-07 02:46:39,673 INFO mch.training: Model trained for Central nervous system, not saved
2025-11-07 02:46:39,769 INFO mch.training: Prefilter progress: scanned 20000/20000 columns
2025-11-07 02:46:40,176 INFO mch.training: Prefilter done: kept 200 features
2025-11-07 02:46:40,193 WARNING mch.training: Drop rare classes (<2 samples): Histiocytosis
2025-11-07 02:46:40,199 INFO mch.training: Train/Test shapes: X_train=(85, 200), X_test=(22, 200)
2025-11-07 02:46:40,200 INFO mch.training: Using LogisticRegression as model.
2025-11-07 02:46:40,201 INFO mch.training: DM disabled
2025-11-07 02:46:40,202 INFO mch.training: Pipeline steps: ['modelGeneration']
2025-11-07 02:46:40,203 WARNING mch.training: parameter_grid is None/empty, fit pipeline without grid search
2025-11-07 02:46:40,234 INFO mch.training: Test accuracy: 0.8636, macro_f1: 0.3089, weighted_f1: 0.8004
2025-11-07 02:46:40,235 INFO mch.training: Model trained for Haematological malignancy, not saved
2025-11-07 06:45:16,489 INFO mch.training: Training model for node: Neuroblastoma
2025-11-07 06:45:29,498 INFO mch.training: Training model for node: Vascular/lymphatic anomalies
2025-11-07 06:45:34,585 INFO mch.training: Training model for node: Haematological malignancy
2025-11-07 06:45:45,766 INFO mch.training: Prefilter start: input shape=(108,600118), candidates=600117, topk=200, scan_max=20000, chunk_size=5000
2025-11-07 06:45:46,122 INFO mch.training: Prefilter progress: scanned 5000/20000 columns
2025-11-07 06:45:46,436 INFO mch.training: Prefilter progress: scanned 10000/20000 columns
2025-11-07 06:45:46,751 INFO mch.training: Prefilter progress: scanned 15000/20000 columns
2025-11-07 06:45:47,060 INFO mch.training: Prefilter progress: scanned 20000/20000 columns
2025-11-07 06:45:47,365 INFO mch.training: Prefilter done: kept 200 features
2025-11-07 06:45:47,380 WARNING mch.training: Drop rare classes (<2 samples): Histiocytosis
2025-11-07 06:45:47,384 INFO mch.training: Train/Test shapes: X_train=(85, 200), X_test=(22, 200)
2025-11-07 06:45:47,385 INFO mch.training: Using LogisticRegression as model.
2025-11-07 06:45:47,385 INFO mch.training: DM disabled
2025-11-07 06:45:47,386 INFO mch.training: Pipeline steps: ['modelGeneration']
2025-11-07 06:45:47,387 WARNING mch.training: parameter_grid is None/empty, fit pipeline without grid search
2025-11-07 06:45:47,412 INFO mch.training: Test accuracy: 0.8636, macro_f1: 0.3089, weighted_f1: 0.8004
2025-11-07 06:45:47,414 INFO mch.training: Model trained for Haematological malignancy, not saved
2025-11-07 06:45:47,414 INFO mch.training: Training model for node: Sarcoma
2025-11-07 06:46:02,543 INFO mch.training: Prefilter start: input shape=(80,600118), candidates=600117, topk=200, scan_max=20000, chunk_size=5000
2025-11-07 06:46:02,957 INFO mch.training: Prefilter progress: scanned 5000/20000 columns
2025-11-07 06:46:03,287 INFO mch.training: Prefilter progress: scanned 10000/20000 columns
2025-11-07 06:46:03,624 INFO mch.training: Prefilter progress: scanned 15000/20000 columns
2025-11-07 06:46:03,951 INFO mch.training: Prefilter progress: scanned 20000/20000 columns
2025-11-07 06:46:04,267 INFO mch.training: Prefilter done: kept 200 features
2025-11-07 06:46:04,291 WARNING mch.training: Drop rare classes (<2 samples): Liver tumour, Sarcoma
2025-11-07 06:46:04,295 INFO mch.training: Train/Test shapes: X_train=(63, 200), X_test=(16, 200)
2025-11-07 06:46:04,296 INFO mch.training: Using LogisticRegression as model.
2025-11-07 06:46:04,296 INFO mch.training: DM disabled
2025-11-07 06:46:04,297 INFO mch.training: Pipeline steps: ['modelGeneration']
2025-11-07 06:46:04,298 WARNING mch.training: parameter_grid is None/empty, fit pipeline without grid search
2025-11-07 06:46:04,324 INFO mch.training: Test accuracy: 0.1250, macro_f1: 0.0778, weighted_f1: 0.1111
2025-11-07 06:46:04,325 INFO mch.training: Model trained for Sarcoma, not saved
2025-11-07 06:46:04,326 INFO mch.training: Training model for node: Solid tumour
2025-11-07 06:46:20,222 INFO mch.training: Prefilter start: input shape=(48,600118), candidates=600117, topk=200, scan_max=20000, chunk_size=5000
2025-11-07 06:46:20,621 INFO mch.training: Prefilter progress: scanned 5000/20000 columns
2025-11-07 06:46:21,006 INFO mch.training: Prefilter progress: scanned 10000/20000 columns
2025-11-07 06:46:21,395 INFO mch.training: Prefilter progress: scanned 15000/20000 columns
2025-11-07 06:46:21,773 INFO mch.training: Prefilter progress: scanned 20000/20000 columns
2025-11-07 06:46:22,129 INFO mch.training: Prefilter done: kept 200 features
2025-11-07 06:46:22,162 INFO mch.training: Train/Test shapes: X_train=(38, 200), X_test=(10, 200)
2025-11-07 06:46:22,163 INFO mch.training: Using LogisticRegression as model.
2025-11-07 06:46:22,163 INFO mch.training: DM disabled
2025-11-07 06:46:22,164 INFO mch.training: Pipeline steps: ['modelGeneration']
2025-11-07 06:46:22,165 WARNING mch.training: parameter_grid is None/empty, fit pipeline without grid search
2025-11-07 06:46:22,191 INFO mch.training: Test accuracy: 0.1000, macro_f1: 0.0408, weighted_f1: 0.0571
2025-11-07 06:46:22,192 INFO mch.training: Model trained for Solid tumour, not saved
2025-11-07 06:46:22,193 INFO mch.training: Training model for node: Central nervous system
2025-11-07 06:46:37,838 INFO mch.training: Prefilter start: input shape=(129,600118), candidates=600117, topk=200, scan_max=20000, chunk_size=5000
2025-11-07 06:46:38,225 INFO mch.training: Prefilter progress: scanned 5000/20000 columns
2025-11-07 06:46:38,564 INFO mch.training: Prefilter progress: scanned 10000/20000 columns
2025-11-07 06:46:38,941 INFO mch.training: Prefilter progress: scanned 15000/20000 columns
2025-11-07 06:46:39,283 INFO mch.training: Prefilter progress: scanned 20000/20000 columns
2025-11-07 06:46:39,610 INFO mch.training: Prefilter done: kept 200 features
2025-11-07 06:46:39,657 WARNING mch.training: Drop rare classes (<2 samples): Germ cell tumour, CNS, Peripheral nerve sheath tumour, CNS
2025-11-07 06:46:39,661 INFO mch.training: Train/Test shapes: X_train=(101, 200), X_test=(26, 200)
2025-11-07 06:46:39,662 INFO mch.training: Using LogisticRegression as model.
2025-11-07 06:46:39,663 INFO mch.training: DM disabled
2025-11-07 06:46:39,664 INFO mch.training: Pipeline steps: ['modelGeneration']
2025-11-07 06:46:39,664 WARNING mch.training: parameter_grid is None/empty, fit pipeline without grid search
2025-11-07 06:46:39,715 INFO mch.training: Test accuracy: 0.1923, macro_f1: 0.0782, weighted_f1: 0.1774
2025-11-07 06:46:39,717 INFO mch.training: Model trained for Central nervous system, not saved
2025-11-07 06:46:39,717 INFO mch.training: Training model for node: Overgrowth syndrome
2025-11-07 06:52:49,649 INFO mch.training: Only training specified node: Solid tumour
2025-11-07 06:52:49,651 INFO mch.training: Training model for node: Solid tumour
2025-11-07 06:52:49,656 INFO mch.training: Only training specified node: Sarcoma
2025-11-07 06:52:49,657 INFO mch.training: Training model for node: Sarcoma
2025-11-07 06:52:49,812 INFO mch.training: Only training specified node: Overgrowth syndrome
2025-11-07 06:52:49,813 INFO mch.training: Training model for node: Overgrowth syndrome
2025-11-07 06:52:49,831 INFO mch.training: Only training specified node: Haematological malignancy
2025-11-07 06:52:49,832 INFO mch.training: Training model for node: Haematological malignancy
2025-11-07 06:52:49,843 INFO mch.training: Only training specified node: Central nervous system
2025-11-07 06:52:49,845 INFO mch.training: Training model for node: Central nervous system
2025-11-07 06:52:49,940 INFO mch.training: Only training specified node: ZERO2
2025-11-07 06:53:06,718 INFO mch.training: Prefilter start: input shape=(80,600118), candidates=600117, topk=200, scan_max=20000, chunk_size=5000
2025-11-07 06:53:06,725 INFO mch.training: Prefilter start: input shape=(48,600118), candidates=600117, topk=200, scan_max=20000, chunk_size=5000
2025-11-07 06:53:07,047 INFO mch.training: Prefilter start: input shape=(108,600118), candidates=600117, topk=200, scan_max=20000, chunk_size=5000
2025-11-07 06:53:07,072 INFO mch.training: Prefilter start: input shape=(129,600118), candidates=600117, topk=200, scan_max=20000, chunk_size=5000
2025-11-07 06:53:07,078 INFO mch.training: Prefilter progress: scanned 5000/20000 columns
2025-11-07 06:53:07,100 INFO mch.training: Prefilter progress: scanned 5000/20000 columns
2025-11-07 06:53:07,407 INFO mch.training: Prefilter progress: scanned 10000/20000 columns
2025-11-07 06:53:07,425 INFO mch.training: Prefilter progress: scanned 5000/20000 columns
2025-11-07 06:53:07,440 INFO mch.training: Prefilter progress: scanned 10000/20000 columns
2025-11-07 06:53:07,458 INFO mch.training: Prefilter progress: scanned 5000/20000 columns
2025-11-07 06:53:07,745 INFO mch.training: Prefilter progress: scanned 15000/20000 columns
2025-11-07 06:53:07,772 INFO mch.training: Prefilter progress: scanned 10000/20000 columns
2025-11-07 06:53:07,775 INFO mch.training: Prefilter progress: scanned 15000/20000 columns
2025-11-07 06:53:07,792 INFO mch.training: Prefilter progress: scanned 10000/20000 columns
2025-11-07 06:53:08,077 INFO mch.training: Prefilter progress: scanned 20000/20000 columns
2025-11-07 06:53:08,104 INFO mch.training: Prefilter progress: scanned 15000/20000 columns
2025-11-07 06:53:08,109 INFO mch.training: Prefilter progress: scanned 20000/20000 columns
2025-11-07 06:53:08,116 INFO mch.training: Prefilter progress: scanned 15000/20000 columns
2025-11-07 06:53:08,419 INFO mch.training: Prefilter done: kept 200 features
2025-11-07 06:53:08,436 WARNING mch.training: Drop rare classes (<2 samples): Liver tumour, Sarcoma
2025-11-07 06:53:08,440 INFO mch.training: Prefilter progress: scanned 20000/20000 columns
2025-11-07 06:53:08,441 INFO mch.training: Train/Test shapes: X_train=(63, 200), X_test=(16, 200)
2025-11-07 06:53:08,442 INFO mch.training: Using LogisticRegression as model.
2025-11-07 06:53:08,443 INFO mch.training: DM disabled
2025-11-07 06:53:08,443 INFO mch.training: Pipeline steps: ['modelGeneration']
2025-11-07 06:53:08,444 WARNING mch.training: parameter_grid is None/empty, fit pipeline without grid search
2025-11-07 06:53:08,447 INFO mch.training: Prefilter progress: scanned 20000/20000 columns
2025-11-07 06:53:08,457 INFO mch.training: Prefilter done: kept 200 features
2025-11-07 06:53:08,472 INFO mch.training: Train/Test shapes: X_train=(38, 200), X_test=(10, 200)
2025-11-07 06:53:08,473 INFO mch.training: Test accuracy: 0.1250, macro_f1: 0.0778, weighted_f1: 0.1111
2025-11-07 06:53:08,473 INFO mch.training: Using LogisticRegression as model.
2025-11-07 06:53:08,474 INFO mch.training: Model trained for Sarcoma, not saved
2025-11-07 06:53:08,475 INFO mch.training: DM disabled
2025-11-07 06:53:08,476 INFO mch.training: Pipeline steps: ['modelGeneration']
2025-11-07 06:53:08,477 WARNING mch.training: parameter_grid is None/empty, fit pipeline without grid search
2025-11-07 06:53:08,503 INFO mch.training: Test accuracy: 0.1000, macro_f1: 0.0408, weighted_f1: 0.0571
2025-11-07 06:53:08,504 INFO mch.training: Model trained for Solid tumour, not saved
2025-11-07 06:53:08,766 INFO mch.training: Prefilter done: kept 200 features
2025-11-07 06:53:08,775 INFO mch.training: Prefilter done: kept 200 features
2025-11-07 06:53:08,779 WARNING mch.training: Drop rare classes (<2 samples): Histiocytosis
2025-11-07 06:53:08,783 INFO mch.training: Train/Test shapes: X_train=(85, 200), X_test=(22, 200)
2025-11-07 06:53:08,784 INFO mch.training: Using LogisticRegression as model.
2025-11-07 06:53:08,785 INFO mch.training: DM disabled
2025-11-07 06:53:08,786 INFO mch.training: Pipeline steps: ['modelGeneration']
2025-11-07 06:53:08,787 WARNING mch.training: parameter_grid is None/empty, fit pipeline without grid search
2025-11-07 06:53:08,789 WARNING mch.training: Drop rare classes (<2 samples): Germ cell tumour, CNS, Peripheral nerve sheath tumour, CNS
2025-11-07 06:53:08,793 INFO mch.training: Train/Test shapes: X_train=(101, 200), X_test=(26, 200)
2025-11-07 06:53:08,794 INFO mch.training: Using LogisticRegression as model.
2025-11-07 06:53:08,795 INFO mch.training: DM disabled
2025-11-07 06:53:08,796 INFO mch.training: Pipeline steps: ['modelGeneration']
2025-11-07 06:53:08,797 WARNING mch.training: parameter_grid is None/empty, fit pipeline without grid search
2025-11-07 06:53:08,813 INFO mch.training: Test accuracy: 0.8636, macro_f1: 0.3089, weighted_f1: 0.8004
2025-11-07 06:53:08,815 INFO mch.training: Model trained for Haematological malignancy, not saved
2025-11-07 06:53:08,848 INFO mch.training: Test accuracy: 0.1923, macro_f1: 0.0782, weighted_f1: 0.1774
2025-11-07 06:53:08,849 INFO mch.training: Model trained for Central nervous system, not saved
2025-11-07 07:34:58,352 INFO mch.training: Only training specified node: Central nervous system
2025-11-07 07:34:58,353 INFO mch.training: Only training specified node: Solid tumour
2025-11-07 07:34:58,354 INFO mch.training: Training model for node: Central nervous system
2025-11-07 07:34:58,354 INFO mch.training: Training model for node: Solid tumour
2025-11-07 07:34:58,415 INFO mch.training: Only training specified node: Overgrowth syndrome
2025-11-07 07:34:58,417 INFO mch.training: Training model for node: Overgrowth syndrome
2025-11-07 07:34:58,514 INFO mch.training: Only training specified node: ZERO2
2025-11-07 07:34:58,515 INFO mch.training: Only training specified node: Sarcoma
2025-11-07 07:34:58,516 INFO mch.training: Training model for node: Sarcoma
2025-11-07 07:34:58,613 INFO mch.training: Only training specified node: Haematological malignancy
2025-11-07 07:34:58,615 INFO mch.training: Training model for node: Haematological malignancy
2025-11-07 07:35:15,720 INFO mch.training: Prefilter start: input shape=(80,600118), candidates=600117, topk=200, scan_max=20000, chunk_size=5000
2025-11-07 07:35:15,721 INFO mch.training: Prefilter start: input shape=(48,600118), candidates=600117, topk=200, scan_max=20000, chunk_size=5000
2025-11-07 07:35:15,955 INFO mch.training: Prefilter start: input shape=(129,600118), candidates=600117, topk=200, scan_max=20000, chunk_size=5000
2025-11-07 07:35:16,096 INFO mch.training: Prefilter progress: scanned 5000/20000 columns
2025-11-07 07:35:16,106 INFO mch.training: Prefilter progress: scanned 5000/20000 columns
2025-11-07 07:35:16,220 INFO mch.training: Prefilter start: input shape=(108,600118), candidates=600117, topk=200, scan_max=20000, chunk_size=5000
2025-11-07 07:35:16,316 INFO mch.training: Prefilter progress: scanned 5000/20000 columns
2025-11-07 07:35:16,434 INFO mch.training: Prefilter progress: scanned 10000/20000 columns
2025-11-07 07:35:16,439 INFO mch.training: Prefilter progress: scanned 10000/20000 columns
2025-11-07 07:35:16,601 INFO mch.training: Prefilter progress: scanned 5000/20000 columns
2025-11-07 07:35:16,644 INFO mch.training: Prefilter progress: scanned 10000/20000 columns
2025-11-07 07:35:16,774 INFO mch.training: Prefilter progress: scanned 15000/20000 columns
2025-11-07 07:35:16,780 INFO mch.training: Prefilter progress: scanned 15000/20000 columns
2025-11-07 07:35:16,948 INFO mch.training: Prefilter progress: scanned 10000/20000 columns
2025-11-07 07:35:16,975 INFO mch.training: Prefilter progress: scanned 15000/20000 columns
2025-11-07 07:35:17,110 INFO mch.training: Prefilter progress: scanned 20000/20000 columns
2025-11-07 07:35:17,119 INFO mch.training: Prefilter progress: scanned 20000/20000 columns
2025-11-07 07:35:17,282 INFO mch.training: Prefilter progress: scanned 15000/20000 columns
2025-11-07 07:35:17,296 INFO mch.training: Prefilter progress: scanned 20000/20000 columns
2025-11-07 07:35:17,449 INFO mch.training: Prefilter done: kept 200 features
2025-11-07 07:35:17,466 INFO mch.training: Train/Test shapes: X_train=(38, 200), X_test=(10, 200)
2025-11-07 07:35:17,466 INFO mch.training: Prefilter done: kept 200 features
2025-11-07 07:35:17,468 INFO mch.training: Using LogisticRegression as model.
2025-11-07 07:35:17,468 INFO mch.training: DM disabled
2025-11-07 07:35:17,469 INFO mch.training: Pipeline steps: ['modelGeneration']
2025-11-07 07:35:17,470 WARNING mch.training: parameter_grid is None/empty, fit pipeline without grid search
2025-11-07 07:35:17,480 WARNING mch.training: Drop rare classes (<2 samples): Liver tumour, Sarcoma
2025-11-07 07:35:17,484 INFO mch.training: Train/Test shapes: X_train=(63, 200), X_test=(16, 200)
2025-11-07 07:35:17,485 INFO mch.training: Using LogisticRegression as model.
2025-11-07 07:35:17,486 INFO mch.training: DM disabled
2025-11-07 07:35:17,487 INFO mch.training: Pipeline steps: ['modelGeneration']
2025-11-07 07:35:17,487 WARNING mch.training: parameter_grid is None/empty, fit pipeline without grid search
2025-11-07 07:35:17,502 INFO mch.training: Test accuracy: 0.1000, macro_f1: 0.0408, weighted_f1: 0.0571
2025-11-07 07:35:17,504 INFO mch.training: Model trained for Solid tumour, not saved
2025-11-07 07:35:17,516 INFO mch.training: Test accuracy: 0.1250, macro_f1: 0.0778, weighted_f1: 0.1111
2025-11-07 07:35:17,518 INFO mch.training: Model trained for Sarcoma, not saved
2025-11-07 07:35:17,618 INFO mch.training: Prefilter progress: scanned 20000/20000 columns
2025-11-07 07:35:17,635 INFO mch.training: Prefilter done: kept 200 features
2025-11-07 07:35:17,648 WARNING mch.training: Drop rare classes (<2 samples): Germ cell tumour, CNS, Peripheral nerve sheath tumour, CNS
2025-11-07 07:35:17,653 INFO mch.training: Train/Test shapes: X_train=(101, 200), X_test=(26, 200)
2025-11-07 07:35:17,654 INFO mch.training: Using LogisticRegression as model.
2025-11-07 07:35:17,655 INFO mch.training: DM disabled
2025-11-07 07:35:17,655 INFO mch.training: Pipeline steps: ['modelGeneration']
2025-11-07 07:35:17,656 WARNING mch.training: parameter_grid is None/empty, fit pipeline without grid search
2025-11-07 07:35:17,707 INFO mch.training: Test accuracy: 0.1923, macro_f1: 0.0782, weighted_f1: 0.1774
2025-11-07 07:35:17,709 INFO mch.training: Model trained for Central nervous system, not saved
2025-11-07 07:35:17,940 INFO mch.training: Prefilter done: kept 200 features
2025-11-07 07:35:17,953 WARNING mch.training: Drop rare classes (<2 samples): Histiocytosis
2025-11-07 07:35:17,958 INFO mch.training: Train/Test shapes: X_train=(85, 200), X_test=(22, 200)
2025-11-07 07:35:17,959 INFO mch.training: Using LogisticRegression as model.
2025-11-07 07:35:17,959 INFO mch.training: DM disabled
2025-11-07 07:35:17,960 INFO mch.training: Pipeline steps: ['modelGeneration']
2025-11-07 07:35:17,961 WARNING mch.training: parameter_grid is None/empty, fit pipeline without grid search
2025-11-07 07:35:17,989 INFO mch.training: Test accuracy: 0.8636, macro_f1: 0.3089, weighted_f1: 0.8004
2025-11-07 07:35:17,990 INFO mch.training: Model trained for Haematological malignancy, not saved
2025-11-14 13:04:28,161 INFO mch.training: Only training specified node: Haematological malignancy
2025-11-14 13:04:28,163 INFO mch.training: Training model for node: Haematological malignancy
2025-11-14 13:04:43,008 INFO mch.training: Prefilter start: input shape=(108,600118), candidates=600117, topk=200, scan_max=5000, chunk_size=1000
2025-11-14 13:04:43,381 INFO mch.training: Prefilter progress: scanned 1000/5000 columns
2025-11-14 13:04:43,736 INFO mch.training: Prefilter progress: scanned 2000/5000 columns
2025-11-14 13:04:44,066 INFO mch.training: Prefilter progress: scanned 3000/5000 columns
2025-11-14 13:04:44,415 INFO mch.training: Prefilter progress: scanned 4000/5000 columns
2025-11-14 13:04:44,760 INFO mch.training: Prefilter progress: scanned 5000/5000 columns
2025-11-14 13:04:45,167 INFO mch.training: Prefilter done: kept 200 features
2025-11-14 13:04:45,188 WARNING mch.training: Drop rare classes (<2 samples): Histiocytosis
2025-11-14 13:04:45,194 INFO mch.training: Train/Test shapes: X_train=(85, 200), X_test=(22, 200)
2025-11-14 13:04:45,195 INFO mch.training: Using LogisticRegression as model.
2025-11-14 13:04:45,196 INFO mch.training: DM disabled
2025-11-14 13:04:45,197 INFO mch.training: Pipeline steps: ['modelGeneration']
2025-11-14 13:04:45,198 WARNING mch.training: parameter_grid is None/empty, fit pipeline without grid search
2025-11-14 13:04:57,452 INFO mch.training: Test accuracy: 0.7273, macro_f1: 0.2807, weighted_f1: 0.7273
2025-11-14 13:04:57,454 INFO mch.training: Model trained for Haematological malignancy, not saved
2025-11-14 13:09:05,981 INFO mch.training: Only training specified node: Haematological malignancy
2025-11-14 13:09:05,982 INFO mch.training: Training model for node: Haematological malignancy
2025-11-14 13:09:22,012 INFO mch.training: Prefilter start: input shape=(108,600118), candidates=600117, topk=200, scan_max=5000, chunk_size=1000
2025-11-14 13:09:22,394 INFO mch.training: Prefilter progress: scanned 1000/5000 columns
2025-11-14 13:09:22,734 INFO mch.training: Prefilter progress: scanned 2000/5000 columns
2025-11-14 13:09:23,099 INFO mch.training: Prefilter progress: scanned 3000/5000 columns
2025-11-14 13:09:23,429 INFO mch.training: Prefilter progress: scanned 4000/5000 columns
2025-11-14 13:09:23,774 INFO mch.training: Prefilter progress: scanned 5000/5000 columns
2025-11-14 13:09:24,193 INFO mch.training: Prefilter done: kept 200 features
2025-11-14 13:09:24,212 WARNING mch.training: Drop rare classes (<2 samples): Histiocytosis
2025-11-14 13:09:24,219 INFO mch.training: Train/Test shapes: X_train=(85, 200), X_test=(22, 200)
2025-11-14 13:09:24,220 INFO mch.training: Using LogisticRegression as model.
2025-11-14 13:09:24,221 INFO mch.training: DM disabled
2025-11-14 13:09:24,222 INFO mch.training: Pipeline steps: ['modelGeneration']
2025-11-14 13:09:24,223 WARNING mch.training: parameter_grid is None/empty, fit pipeline without grid search
2025-11-14 13:10:36,065 INFO mch.training: Test accuracy: 0.7273, macro_f1: 0.2807, weighted_f1: 0.7273
2025-11-14 13:10:36,068 INFO mch.training: Model trained for Haematological malignancy, not saved
2025-11-16 04:56:02,655 INFO mch.training: Training model for node: Neuroblastoma
2025-11-16 04:56:20,878 INFO mch.training: Training model for node: Vascular/lymphatic anomalies
2025-11-16 04:56:27,675 INFO mch.training: Training model for node: Haematological malignancy
2025-11-16 04:56:43,257 INFO mch.training: Prefilter start: input shape=(108,600118), candidates=600117, topk=200, scan_max=20000, chunk_size=5000
2025-11-16 04:56:43,727 INFO mch.training: Prefilter progress: scanned 5000/20000 columns
2025-11-16 04:56:44,142 INFO mch.training: Prefilter progress: scanned 10000/20000 columns
2025-11-16 04:56:44,583 INFO mch.training: Prefilter progress: scanned 15000/20000 columns
2025-11-16 04:56:45,007 INFO mch.training: Prefilter progress: scanned 20000/20000 columns
2025-11-16 04:56:45,438 INFO mch.training: Prefilter done: kept 200 features
2025-11-16 04:56:45,457 WARNING mch.training: Drop rare classes (<2 samples): Histiocytosis
2025-11-16 04:56:45,463 INFO mch.training: Train/Test shapes: X_train=(85, 200), X_test=(22, 200)
2025-11-16 04:56:45,464 INFO mch.training: Using LogisticRegression as model.
2025-11-16 04:56:45,466 INFO mch.training: DM disabled
2025-11-16 04:56:45,468 INFO mch.training: Pipeline steps: ['modelGeneration']
2025-11-16 04:56:45,469 WARNING mch.training: parameter_grid is None/empty, fit pipeline without grid search
2025-11-16 04:56:45,519 INFO mch.training: Test accuracy: 0.8636, macro_f1: 0.3089, weighted_f1: 0.8004
2025-11-16 04:56:45,521 INFO mch.training: Model trained for Haematological malignancy, not saved
2025-11-16 04:56:45,522 INFO mch.training: Training model for node: Sarcoma
2025-11-16 04:57:07,149 INFO mch.training: Prefilter start: input shape=(80,600118), candidates=600117, topk=200, scan_max=20000, chunk_size=5000
2025-11-16 04:57:07,710 INFO mch.training: Prefilter progress: scanned 5000/20000 columns
2025-11-16 04:57:08,206 INFO mch.training: Prefilter progress: scanned 10000/20000 columns
2025-11-16 04:57:08,679 INFO mch.training: Prefilter progress: scanned 15000/20000 columns
2025-11-16 04:57:09,159 INFO mch.training: Prefilter progress: scanned 20000/20000 columns
2025-11-16 04:57:09,665 INFO mch.training: Prefilter done: kept 200 features
2025-11-16 04:57:09,702 WARNING mch.training: Drop rare classes (<2 samples): Liver tumour, Sarcoma
2025-11-16 04:57:09,712 INFO mch.training: Train/Test shapes: X_train=(63, 200), X_test=(16, 200)
2025-11-16 04:57:09,713 INFO mch.training: Using LogisticRegression as model.
2025-11-16 04:57:09,714 INFO mch.training: DM disabled
2025-11-16 04:57:09,715 INFO mch.training: Pipeline steps: ['modelGeneration']
2025-11-16 04:57:09,716 WARNING mch.training: parameter_grid is None/empty, fit pipeline without grid search
2025-11-16 04:57:09,763 INFO mch.training: Test accuracy: 0.1250, macro_f1: 0.0778, weighted_f1: 0.1111
2025-11-16 04:57:09,765 INFO mch.training: Model trained for Sarcoma, not saved
2025-11-16 04:57:09,766 INFO mch.training: Training model for node: Solid tumour
2025-11-16 04:57:30,662 INFO mch.training: Prefilter start: input shape=(48,600118), candidates=600117, topk=200, scan_max=20000, chunk_size=5000
2025-11-16 04:57:31,187 INFO mch.training: Prefilter progress: scanned 5000/20000 columns
2025-11-16 04:57:31,657 INFO mch.training: Prefilter progress: scanned 10000/20000 columns
2025-11-16 04:57:32,114 INFO mch.training: Prefilter progress: scanned 15000/20000 columns
2025-11-16 04:57:32,601 INFO mch.training: Prefilter progress: scanned 20000/20000 columns
2025-11-16 04:57:33,056 INFO mch.training: Prefilter done: kept 200 features
2025-11-16 04:57:33,091 INFO mch.training: Train/Test shapes: X_train=(38, 200), X_test=(10, 200)
2025-11-16 04:57:33,092 INFO mch.training: Using LogisticRegression as model.
2025-11-16 04:57:33,093 INFO mch.training: DM disabled
2025-11-16 04:57:33,094 INFO mch.training: Pipeline steps: ['modelGeneration']
2025-11-16 04:57:33,095 WARNING mch.training: parameter_grid is None/empty, fit pipeline without grid search
2025-11-16 04:57:33,128 INFO mch.training: Test accuracy: 0.1000, macro_f1: 0.0408, weighted_f1: 0.0571
2025-11-16 04:57:33,130 INFO mch.training: Model trained for Solid tumour, not saved
2025-11-16 04:57:33,131 INFO mch.training: Training model for node: Central nervous system
2025-11-16 04:57:54,570 INFO mch.training: Prefilter start: input shape=(129,600118), candidates=600117, topk=200, scan_max=20000, chunk_size=5000
2025-11-16 04:57:55,112 INFO mch.training: Prefilter progress: scanned 5000/20000 columns
2025-11-16 04:57:55,630 INFO mch.training: Prefilter progress: scanned 10000/20000 columns
2025-11-16 04:57:56,165 INFO mch.training: Prefilter progress: scanned 15000/20000 columns
2025-11-16 04:57:56,692 INFO mch.training: Prefilter progress: scanned 20000/20000 columns
2025-11-16 04:57:57,226 INFO mch.training: Prefilter done: kept 200 features
2025-11-16 04:57:57,263 WARNING mch.training: Drop rare classes (<2 samples): Germ cell tumour, CNS, Peripheral nerve sheath tumour, CNS
2025-11-16 04:57:57,269 INFO mch.training: Train/Test shapes: X_train=(101, 200), X_test=(26, 200)
2025-11-16 04:57:57,270 INFO mch.training: Using LogisticRegression as model.
2025-11-16 04:57:57,271 INFO mch.training: DM disabled
2025-11-16 04:57:57,272 INFO mch.training: Pipeline steps: ['modelGeneration']
2025-11-16 04:57:57,273 WARNING mch.training: parameter_grid is None/empty, fit pipeline without grid search
2025-11-16 04:57:57,356 INFO mch.training: Test accuracy: 0.1923, macro_f1: 0.0782, weighted_f1: 0.1774
2025-11-16 04:57:57,360 INFO mch.training: Model trained for Central nervous system, not saved
2025-11-16 04:57:57,363 INFO mch.training: Training model for node: Overgrowth syndrome
2025-11-16 05:16:18,017 INFO mch.training: Training model for node: Neuroblastoma
2025-11-16 05:16:37,146 INFO mch.training: Training model for node: Vascular/lymphatic anomalies
2025-11-16 07:23:03,983 INFO mch.training: Training model for node: Neuroblastoma
2025-11-16 07:23:20,969 INFO mch.training: Training model for node: Vascular/lymphatic anomalies
2025-11-16 07:23:27,653 INFO mch.training: Training model for node: Haematological malignancy
2025-11-16 07:23:42,791 INFO mch.training: Prefilter start: input shape=(108,600118), candidates=600117, topk=200, scan_max=20000, chunk_size=5000
2025-11-16 07:23:43,215 INFO mch.training: Prefilter progress: scanned 5000/20000 columns
2025-11-16 07:23:43,607 INFO mch.training: Prefilter progress: scanned 10000/20000 columns
2025-11-16 07:23:44,005 INFO mch.training: Prefilter progress: scanned 15000/20000 columns
2025-11-16 07:23:44,408 INFO mch.training: Prefilter progress: scanned 20000/20000 columns
2025-11-16 07:23:44,791 INFO mch.training: Prefilter done: kept 200 features
2025-11-16 07:23:44,809 WARNING mch.training: Drop rare classes (<2 samples): Histiocytosis
2025-11-16 07:23:44,814 INFO mch.training: Train/Test shapes: X_train=(85, 200), X_test=(22, 200)
2025-11-16 07:23:44,815 INFO mch.training: Using LogisticRegression as model.
2025-11-16 07:23:44,816 INFO mch.training: DM disabled
2025-11-16 07:23:44,818 INFO mch.training: Pipeline steps: ['modelGeneration']
2025-11-16 07:23:44,819 WARNING mch.training: parameter_grid is None/empty, fit pipeline without grid search
2025-11-16 07:23:44,854 INFO mch.training: Test accuracy: 0.8636, macro_f1: 0.3089, weighted_f1: 0.8004
2025-11-16 07:23:44,855 INFO mch.training: Model trained for Haematological malignancy, save_dir=/dbfs/FileStore/mt_method2_models/ZERO2
2025-11-16 07:23:44,857 INFO mch.training: Training model for node: Sarcoma
2025-11-16 07:24:05,077 INFO mch.training: Prefilter start: input shape=(80,600118), candidates=600117, topk=200, scan_max=20000, chunk_size=5000
2025-11-16 07:24:05,600 INFO mch.training: Prefilter progress: scanned 5000/20000 columns
2025-11-16 07:24:06,062 INFO mch.training: Prefilter progress: scanned 10000/20000 columns
2025-11-16 07:24:06,536 INFO mch.training: Prefilter progress: scanned 15000/20000 columns
2025-11-16 07:24:06,985 INFO mch.training: Prefilter progress: scanned 20000/20000 columns
2025-11-16 07:24:07,448 INFO mch.training: Prefilter done: kept 200 features
2025-11-16 07:24:07,471 WARNING mch.training: Drop rare classes (<2 samples): Liver tumour, Sarcoma
2025-11-16 07:24:07,475 INFO mch.training: Train/Test shapes: X_train=(63, 200), X_test=(16, 200)
2025-11-16 07:24:07,477 INFO mch.training: Using LogisticRegression as model.
2025-11-16 07:24:07,478 INFO mch.training: DM disabled
2025-11-16 07:24:07,480 INFO mch.training: Pipeline steps: ['modelGeneration']
2025-11-16 07:24:07,481 WARNING mch.training: parameter_grid is None/empty, fit pipeline without grid search
2025-11-16 07:24:07,517 INFO mch.training: Test accuracy: 0.1250, macro_f1: 0.0778, weighted_f1: 0.1111
2025-11-16 07:24:07,519 INFO mch.training: Model trained for Sarcoma, save_dir=/dbfs/FileStore/mt_method2_models/ZERO2
2025-11-16 07:24:07,520 INFO mch.training: Training model for node: Solid tumour
2025-11-16 07:24:27,406 INFO mch.training: Prefilter start: input shape=(48,600118), candidates=600117, topk=200, scan_max=20000, chunk_size=5000
2025-11-16 07:24:27,883 INFO mch.training: Prefilter progress: scanned 5000/20000 columns
2025-11-16 07:24:28,342 INFO mch.training: Prefilter progress: scanned 10000/20000 columns
2025-11-16 07:24:28,775 INFO mch.training: Prefilter progress: scanned 15000/20000 columns
2025-11-16 07:24:29,188 INFO mch.training: Prefilter progress: scanned 20000/20000 columns
2025-11-16 07:24:29,608 INFO mch.training: Prefilter done: kept 200 features
2025-11-16 07:24:29,632 INFO mch.training: Train/Test shapes: X_train=(38, 200), X_test=(10, 200)
2025-11-16 07:24:29,633 INFO mch.training: Using LogisticRegression as model.
2025-11-16 07:24:29,635 INFO mch.training: DM disabled
2025-11-16 07:24:29,641 INFO mch.training: Pipeline steps: ['modelGeneration']
2025-11-16 07:24:29,643 WARNING mch.training: parameter_grid is None/empty, fit pipeline without grid search
2025-11-16 07:24:29,673 INFO mch.training: Test accuracy: 0.1000, macro_f1: 0.0408, weighted_f1: 0.0571
2025-11-16 07:24:29,675 INFO mch.training: Model trained for Solid tumour, save_dir=/dbfs/FileStore/mt_method2_models/ZERO2
2025-11-16 07:24:29,676 INFO mch.training: Training model for node: Central nervous system
2025-11-16 07:24:50,102 INFO mch.training: Prefilter start: input shape=(129,600118), candidates=600117, topk=200, scan_max=20000, chunk_size=5000
2025-11-16 07:24:50,633 INFO mch.training: Prefilter progress: scanned 5000/20000 columns
2025-11-16 07:24:51,120 INFO mch.training: Prefilter progress: scanned 10000/20000 columns
2025-11-16 07:24:51,602 INFO mch.training: Prefilter progress: scanned 15000/20000 columns
2025-11-16 07:24:52,118 INFO mch.training: Prefilter progress: scanned 20000/20000 columns
2025-11-16 07:24:52,605 INFO mch.training: Prefilter done: kept 200 features
2025-11-16 07:24:52,633 WARNING mch.training: Drop rare classes (<2 samples): Germ cell tumour, CNS, Peripheral nerve sheath tumour, CNS
2025-11-16 07:24:52,638 INFO mch.training: Train/Test shapes: X_train=(101, 200), X_test=(26, 200)
2025-11-16 07:24:52,639 INFO mch.training: Using LogisticRegression as model.
2025-11-16 07:24:52,640 INFO mch.training: DM disabled
2025-11-16 07:24:52,641 INFO mch.training: Pipeline steps: ['modelGeneration']
2025-11-16 07:24:52,642 WARNING mch.training: parameter_grid is None/empty, fit pipeline without grid search
2025-11-16 07:24:52,715 INFO mch.training: Test accuracy: 0.1923, macro_f1: 0.0782, weighted_f1: 0.1774
2025-11-16 07:24:52,717 INFO mch.training: Model trained for Central nervous system, save_dir=/dbfs/FileStore/mt_method2_models/ZERO2
2025-11-16 07:24:52,718 INFO mch.training: Training model for node: Overgrowth syndrome
2025-11-16 07:28:07,375 INFO mch.training: Training model for node: Neuroblastoma
2025-11-16 07:28:25,785 INFO mch.training: Training model for node: Vascular/lymphatic anomalies
2025-11-16 07:28:32,498 INFO mch.training: Training model for node: Haematological malignancy
2025-11-16 07:28:48,477 INFO mch.training: Prefilter start: input shape=(108,600118), candidates=600117, topk=200, scan_max=20000, chunk_size=5000
2025-11-16 07:28:48,947 INFO mch.training: Prefilter progress: scanned 5000/20000 columns
2025-11-16 07:28:49,370 INFO mch.training: Prefilter progress: scanned 10000/20000 columns
2025-11-16 07:28:49,781 INFO mch.training: Prefilter progress: scanned 15000/20000 columns
2025-11-16 07:28:50,201 INFO mch.training: Prefilter progress: scanned 20000/20000 columns
2025-11-16 07:28:50,607 INFO mch.training: Prefilter done: kept 200 features
2025-11-16 07:28:50,620 WARNING mch.training: Drop rare classes (<2 samples): Histiocytosis
2025-11-16 07:28:50,625 INFO mch.training: Train/Test shapes: X_train=(85, 200), X_test=(22, 200)
2025-11-16 07:28:50,626 INFO mch.training: Using LogisticRegression as model.
2025-11-16 07:28:50,627 INFO mch.training: DM disabled
2025-11-16 07:28:50,628 INFO mch.training: Pipeline steps: ['modelGeneration']
2025-11-16 07:28:50,629 WARNING mch.training: parameter_grid is None/empty, fit pipeline without grid search
2025-11-16 07:28:50,663 INFO mch.training: Test accuracy: 0.8636, macro_f1: 0.3089, weighted_f1: 0.8004
2025-11-16 07:28:50,665 INFO mch.training: Model trained for Haematological malignancy, save_dir=/dbfs/mnt/cb_prod/comp9300-9900-f18a-cake/mt_method2_models/ZERO2
2025-11-16 07:28:50,666 INFO mch.training: Training model for node: Sarcoma
2025-11-16 07:29:11,731 INFO mch.training: Prefilter start: input shape=(80,600118), candidates=600117, topk=200, scan_max=20000, chunk_size=5000
2025-11-16 07:29:12,235 INFO mch.training: Prefilter progress: scanned 5000/20000 columns
2025-11-16 07:29:12,752 INFO mch.training: Prefilter progress: scanned 10000/20000 columns
2025-11-16 07:29:13,245 INFO mch.training: Prefilter progress: scanned 15000/20000 columns
2025-11-16 07:29:13,712 INFO mch.training: Prefilter progress: scanned 20000/20000 columns
2025-11-16 07:29:14,176 INFO mch.training: Prefilter done: kept 200 features
2025-11-16 07:29:14,198 WARNING mch.training: Drop rare classes (<2 samples): Liver tumour, Sarcoma
2025-11-16 07:29:14,203 INFO mch.training: Train/Test shapes: X_train=(63, 200), X_test=(16, 200)
2025-11-16 07:29:14,204 INFO mch.training: Using LogisticRegression as model.
2025-11-16 07:29:14,205 INFO mch.training: DM disabled
2025-11-16 07:29:14,206 INFO mch.training: Pipeline steps: ['modelGeneration']
2025-11-16 07:29:14,207 WARNING mch.training: parameter_grid is None/empty, fit pipeline without grid search
2025-11-16 07:29:14,240 INFO mch.training: Test accuracy: 0.1250, macro_f1: 0.0778, weighted_f1: 0.1111
2025-11-16 07:29:14,241 INFO mch.training: Model trained for Sarcoma, save_dir=/dbfs/mnt/cb_prod/comp9300-9900-f18a-cake/mt_method2_models/ZERO2
2025-11-16 07:29:14,242 INFO mch.training: Training model for node: Solid tumour
2025-11-16 07:29:35,180 INFO mch.training: Prefilter start: input shape=(48,600118), candidates=600117, topk=200, scan_max=20000, chunk_size=5000
2025-11-16 07:29:35,661 INFO mch.training: Prefilter progress: scanned 5000/20000 columns
2025-11-16 07:29:36,084 INFO mch.training: Prefilter progress: scanned 10000/20000 columns
2025-11-16 07:29:36,512 INFO mch.training: Prefilter progress: scanned 15000/20000 columns
2025-11-16 07:29:36,930 INFO mch.training: Prefilter progress: scanned 20000/20000 columns
2025-11-16 07:29:37,344 INFO mch.training: Prefilter done: kept 200 features
2025-11-16 07:29:37,375 INFO mch.training: Train/Test shapes: X_train=(38, 200), X_test=(10, 200)
2025-11-16 07:29:37,377 INFO mch.training: Using LogisticRegression as model.
2025-11-16 07:29:37,378 INFO mch.training: DM disabled
2025-11-16 07:29:37,379 INFO mch.training: Pipeline steps: ['modelGeneration']
2025-11-16 07:29:37,381 WARNING mch.training: parameter_grid is None/empty, fit pipeline without grid search
2025-11-16 07:29:37,411 INFO mch.training: Test accuracy: 0.1000, macro_f1: 0.0408, weighted_f1: 0.0571
2025-11-16 07:29:37,413 INFO mch.training: Model trained for Solid tumour, save_dir=/dbfs/mnt/cb_prod/comp9300-9900-f18a-cake/mt_method2_models/ZERO2
2025-11-16 07:29:37,414 INFO mch.training: Training model for node: Central nervous system
2025-11-16 07:29:58,439 INFO mch.training: Prefilter start: input shape=(129,600118), candidates=600117, topk=200, scan_max=20000, chunk_size=5000
2025-11-16 07:29:59,015 INFO mch.training: Prefilter progress: scanned 5000/20000 columns
2025-11-16 07:29:59,541 INFO mch.training: Prefilter progress: scanned 10000/20000 columns
2025-11-16 07:30:00,038 INFO mch.training: Prefilter progress: scanned 15000/20000 columns
2025-11-16 07:30:00,544 INFO mch.training: Prefilter progress: scanned 20000/20000 columns
2025-11-16 07:30:01,001 INFO mch.training: Prefilter done: kept 200 features
2025-11-16 07:30:01,030 WARNING mch.training: Drop rare classes (<2 samples): Germ cell tumour, CNS, Peripheral nerve sheath tumour, CNS
2025-11-16 07:30:01,035 INFO mch.training: Train/Test shapes: X_train=(101, 200), X_test=(26, 200)
2025-11-16 07:30:01,036 INFO mch.training: Using LogisticRegression as model.
2025-11-16 07:30:01,037 INFO mch.training: DM disabled
2025-11-16 07:30:01,038 INFO mch.training: Pipeline steps: ['modelGeneration']
2025-11-16 07:30:01,039 WARNING mch.training: parameter_grid is None/empty, fit pipeline without grid search
2025-11-16 07:30:01,105 INFO mch.training: Test accuracy: 0.1923, macro_f1: 0.0782, weighted_f1: 0.1774
2025-11-16 07:30:01,107 INFO mch.training: Model trained for Central nervous system, save_dir=/dbfs/mnt/cb_prod/comp9300-9900-f18a-cake/mt_method2_models/ZERO2
2025-11-16 07:30:01,108 INFO mch.training: Training model for node: Overgrowth syndrome
2025-11-16 08:28:55,631 INFO mch.training: Only training specified node: ZERO2
2025-11-16 08:30:21,421 INFO mch.training: Only training specified node: Haematological_malignancy
2025-11-16 08:31:53,866 INFO mch.training: Only training specified node: Haematological malignancy
2025-11-16 08:31:53,867 INFO mch.training: Training model for node: Haematological malignancy
2025-11-16 08:32:08,622 INFO mch.training: Prefilter start: input shape=(108,600118), candidates=600117, topk=0, scan_max=20000, chunk_size=5000
2025-11-16 08:32:08,623 INFO mch.training: Prefilter bypass: kept=600117
2025-11-16 08:32:34,870 WARNING mch.training: Drop rare classes (<2 samples): Histiocytosis
2025-11-16 08:32:35,599 INFO mch.training: Train/Test shapes: X_train=(85, 600117), X_test=(22, 600117)
2025-11-16 08:32:35,600 INFO mch.training: Using LogisticRegression as model.
2025-11-16 08:32:35,601 INFO mch.training: DM enabled
2025-11-16 08:32:35,602 INFO mch.training: Pipeline steps: ['replace_inf', 'differentialMethylation', 'modelGeneration']
2025-11-16 08:32:35,604 WARNING mch.training: parameter_grid is None/empty, fit pipeline without grid search
2025-11-16 08:32:36,489 ERROR mch.training: Error training model for Haematological malignancy
Traceback (most recent call last):
  File "/Workspace/9900-f18a-cake/mt-method2/src/mch/models/training.py", line 186, in train_all_models
    pipeline.fit(X_train, y_train)
  File "/databricks/python/lib/python3.12/site-packages/mlflow/utils/autologging_utils/safety.py", line 402, in safe_patch_function
    return original(*args, **kwargs)
           ^^^^^^^^^^^^^^^^^^^^^^^^^
  File "/databricks/python_shell/lib/dbruntime/MLWorkloadsInstrumentation/_sklearn.py", line 29, in patch_function
    original_result = original(self, *args, **kwargs)
                      ^^^^^^^^^^^^^^^^^^^^^^^^^^^^^^^
  File "/local_disk0/.ephemeral_nfs/cluster_libraries/python/lib/python3.12/site-packages/sklearn/base.py", line 1473, in wrapper
    return fit_method(estimator, *args, **kwargs)
           ^^^^^^^^^^^^^^^^^^^^^^^^^^^^^^^^^^^^^^
  File "/local_disk0/.ephemeral_nfs/cluster_libraries/python/lib/python3.12/site-packages/sklearn/pipeline.py", line 469, in fit
    Xt = self._fit(X, y, routed_params)
         ^^^^^^^^^^^^^^^^^^^^^^^^^^^^^^
  File "/local_disk0/.ephemeral_nfs/cluster_libraries/python/lib/python3.12/site-packages/sklearn/pipeline.py", line 406, in _fit
    X, fitted_transformer = fit_transform_one_cached(
                            ^^^^^^^^^^^^^^^^^^^^^^^^^
  File "/databricks/python/lib/python3.12/site-packages/joblib/memory.py", line 312, in __call__
    return self.func(*args, **kwargs)
           ^^^^^^^^^^^^^^^^^^^^^^^^^^
  File "/local_disk0/.ephemeral_nfs/cluster_libraries/python/lib/python3.12/site-packages/sklearn/pipeline.py", line 1310, in _fit_transform_one
    res = transformer.fit_transform(X, y, **params.get("fit_transform", {}))
          ^^^^^^^^^^^^^^^^^^^^^^^^^^^^^^^^^^^^^^^^^^^^^^^^^^^^^^^^^^^^^^^^^^
  File "/local_disk0/.ephemeral_nfs/cluster_libraries/python/lib/python3.12/site-packages/sklearn/utils/_set_output.py", line 316, in wrapped
    data_to_wrap = f(self, X, *args, **kwargs)
                   ^^^^^^^^^^^^^^^^^^^^^^^^^^^
  File "/local_disk0/.ephemeral_nfs/cluster_libraries/python/lib/python3.12/site-packages/sklearn/base.py", line 1101, in fit_transform
    return self.fit(X, y, **fit_params).transform(X)
           ^^^^^^^^^^^^^^^^^^^^^^^^^^^^
  File "/Workspace/9900-f18a-cake/mt-method2/src/mch/models/differentialMethylationClassifier.py", line 46, in fit
    results = self.runDifferentialMethylation(X,condition)
              ^^^^^^^^^^^^^^^^^^^^^^^^^^^^^^^^^^^^^^^^^^^^
  File "/Workspace/9900-f18a-cake/mt-method2/src/mch/models/differentialMethylationClassifier.py", line 72, in runDifferentialMethylation
    X = X.apply(pd.to_numeric, errors='coerce')
        ^^^^^^^
AttributeError: 'numpy.ndarray' object has no attribute 'apply'
2025-11-16 08:48:47,594 INFO mch.training: Only training specified node: Haematological malignancy
2025-11-16 08:48:47,595 INFO mch.training: Training model for node: Haematological malignancy
2025-11-16 08:49:02,879 INFO mch.training: Prefilter start: input shape=(108,600118), candidates=600117, topk=0, scan_max=20000, chunk_size=5000
2025-11-16 08:49:02,882 INFO mch.training: Prefilter bypass: kept=600117
2025-11-16 08:49:27,714 WARNING mch.training: Drop rare classes (<2 samples): Histiocytosis
2025-11-16 08:49:28,536 INFO mch.training: Train/Test shapes: X_train=(85, 600117), X_test=(22, 600117)
2025-11-16 08:49:28,538 INFO mch.training: Using LogisticRegression as model.
2025-11-16 08:49:28,539 INFO mch.training: DM enabled
2025-11-16 08:49:28,540 INFO mch.training: Pipeline steps: ['replace_inf', 'differentialMethylation', 'modelGeneration']
2025-11-16 08:49:28,541 WARNING mch.training: parameter_grid is None/empty, fit pipeline without grid search
2025-11-16 08:49:29,422 ERROR mch.training: Error training model for Haematological malignancy
Traceback (most recent call last):
  File "/Workspace/9900-f18a-cake/mt-method2/src/mch/models/training.py", line 186, in train_all_models
    pipeline.fit(X_train, y_train)
  File "/databricks/python/lib/python3.12/site-packages/mlflow/utils/autologging_utils/safety.py", line 402, in safe_patch_function
    return original(*args, **kwargs)
           ^^^^^^^^^^^^^^^^^^^^^^^^^
  File "/databricks/python_shell/lib/dbruntime/MLWorkloadsInstrumentation/_sklearn.py", line 29, in patch_function
    original_result = original(self, *args, **kwargs)
                      ^^^^^^^^^^^^^^^^^^^^^^^^^^^^^^^
  File "/local_disk0/.ephemeral_nfs/cluster_libraries/python/lib/python3.12/site-packages/sklearn/base.py", line 1473, in wrapper
    return fit_method(estimator, *args, **kwargs)
           ^^^^^^^^^^^^^^^^^^^^^^^^^^^^^^^^^^^^^^
  File "/local_disk0/.ephemeral_nfs/cluster_libraries/python/lib/python3.12/site-packages/sklearn/pipeline.py", line 469, in fit
    Xt = self._fit(X, y, routed_params)
         ^^^^^^^^^^^^^^^^^^^^^^^^^^^^^^
  File "/local_disk0/.ephemeral_nfs/cluster_libraries/python/lib/python3.12/site-packages/sklearn/pipeline.py", line 406, in _fit
    X, fitted_transformer = fit_transform_one_cached(
                            ^^^^^^^^^^^^^^^^^^^^^^^^^
  File "/databricks/python/lib/python3.12/site-packages/joblib/memory.py", line 312, in __call__
    return self.func(*args, **kwargs)
           ^^^^^^^^^^^^^^^^^^^^^^^^^^
  File "/local_disk0/.ephemeral_nfs/cluster_libraries/python/lib/python3.12/site-packages/sklearn/pipeline.py", line 1310, in _fit_transform_one
    res = transformer.fit_transform(X, y, **params.get("fit_transform", {}))
          ^^^^^^^^^^^^^^^^^^^^^^^^^^^^^^^^^^^^^^^^^^^^^^^^^^^^^^^^^^^^^^^^^^
  File "/local_disk0/.ephemeral_nfs/cluster_libraries/python/lib/python3.12/site-packages/sklearn/utils/_set_output.py", line 316, in wrapped
    data_to_wrap = f(self, X, *args, **kwargs)
                   ^^^^^^^^^^^^^^^^^^^^^^^^^^^
  File "/local_disk0/.ephemeral_nfs/cluster_libraries/python/lib/python3.12/site-packages/sklearn/base.py", line 1101, in fit_transform
    return self.fit(X, y, **fit_params).transform(X)
           ^^^^^^^^^^^^^^^^^^^^^^^^^^^^
  File "/Workspace/9900-f18a-cake/mt-method2/src/mch/models/differentialMethylationClassifier.py", line 46, in fit
    results = self.runDifferentialMethylation(X,condition)
              ^^^^^^^^^^^^^^^^^^^^^^^^^^^^^^^^^^^^^^^^^^^^
  File "/Workspace/9900-f18a-cake/mt-method2/src/mch/models/differentialMethylationClassifier.py", line 72, in runDifferentialMethylation
    X = X.apply(pd.to_numeric, errors='coerce')
        ^^^^^^^
AttributeError: 'numpy.ndarray' object has no attribute 'apply'
2025-11-16 08:58:02,524 INFO mch.training: Only training specified node: Haematological malignancy
2025-11-16 08:58:02,526 INFO mch.training: Training model for node: Haematological malignancy
2025-11-16 08:58:18,230 INFO mch.training: Prefilter start: input shape=(108,600118), candidates=600117, topk=0, scan_max=20000, chunk_size=5000
2025-11-16 08:58:18,232 INFO mch.training: Prefilter bypass: kept=600117
2025-11-16 08:58:43,417 WARNING mch.training: Drop rare classes (<2 samples): Histiocytosis
2025-11-16 08:58:44,191 INFO mch.training: Train/Test shapes: X_train=(85, 600117), X_test=(22, 600117)
2025-11-16 08:58:44,192 INFO mch.training: Using LogisticRegression as model.
2025-11-16 08:58:44,194 INFO mch.training: DM enabled
2025-11-16 08:58:44,195 INFO mch.training: Pipeline steps: ['replace_inf', 'differentialMethylation', 'modelGeneration']
2025-11-16 08:58:44,196 WARNING mch.training: parameter_grid is None/empty, fit pipeline without grid search
2025-11-16 08:58:45,000 ERROR mch.training: Error training model for Haematological malignancy
Traceback (most recent call last):
  File "/Workspace/9900-f18a-cake/mt-method2/src/mch/models/training.py", line 186, in train_all_models
    pipeline.fit(X_train, y_train)
  File "/databricks/python/lib/python3.12/site-packages/mlflow/utils/autologging_utils/safety.py", line 402, in safe_patch_function
    return original(*args, **kwargs)
           ^^^^^^^^^^^^^^^^^^^^^^^^^
  File "/databricks/python_shell/lib/dbruntime/MLWorkloadsInstrumentation/_sklearn.py", line 29, in patch_function
    original_result = original(self, *args, **kwargs)
                      ^^^^^^^^^^^^^^^^^^^^^^^^^^^^^^^
  File "/local_disk0/.ephemeral_nfs/cluster_libraries/python/lib/python3.12/site-packages/sklearn/base.py", line 1473, in wrapper
    return fit_method(estimator, *args, **kwargs)
           ^^^^^^^^^^^^^^^^^^^^^^^^^^^^^^^^^^^^^^
  File "/local_disk0/.ephemeral_nfs/cluster_libraries/python/lib/python3.12/site-packages/sklearn/pipeline.py", line 469, in fit
    Xt = self._fit(X, y, routed_params)
         ^^^^^^^^^^^^^^^^^^^^^^^^^^^^^^
  File "/local_disk0/.ephemeral_nfs/cluster_libraries/python/lib/python3.12/site-packages/sklearn/pipeline.py", line 406, in _fit
    X, fitted_transformer = fit_transform_one_cached(
                            ^^^^^^^^^^^^^^^^^^^^^^^^^
  File "/databricks/python/lib/python3.12/site-packages/joblib/memory.py", line 312, in __call__
    return self.func(*args, **kwargs)
           ^^^^^^^^^^^^^^^^^^^^^^^^^^
  File "/local_disk0/.ephemeral_nfs/cluster_libraries/python/lib/python3.12/site-packages/sklearn/pipeline.py", line 1310, in _fit_transform_one
    res = transformer.fit_transform(X, y, **params.get("fit_transform", {}))
          ^^^^^^^^^^^^^^^^^^^^^^^^^^^^^^^^^^^^^^^^^^^^^^^^^^^^^^^^^^^^^^^^^^
  File "/local_disk0/.ephemeral_nfs/cluster_libraries/python/lib/python3.12/site-packages/sklearn/utils/_set_output.py", line 316, in wrapped
    data_to_wrap = f(self, X, *args, **kwargs)
                   ^^^^^^^^^^^^^^^^^^^^^^^^^^^
  File "/local_disk0/.ephemeral_nfs/cluster_libraries/python/lib/python3.12/site-packages/sklearn/base.py", line 1101, in fit_transform
    return self.fit(X, y, **fit_params).transform(X)
           ^^^^^^^^^^^^^^^^^^^^^^^^^^^^
  File "/Workspace/9900-f18a-cake/mt-method2/src/mch/models/differentialMethylationClassifier.py", line 46, in fit
    if isinstance(y, pd.Series):
                  ^^^^^^^^^^^^^^^
  File "/Workspace/9900-f18a-cake/mt-method2/src/mch/models/differentialMethylationClassifier.py", line 72, in runDifferentialMethylation
    # Keep only the selected probes that actually exist in X
        ^^^^^^^
AttributeError: 'numpy.ndarray' object has no attribute 'apply'
2025-11-16 09:26:32,504 INFO mch.training: Only training specified node: Haematological malignancy
2025-11-16 09:26:32,505 INFO mch.training: Training model for node: Haematological malignancy
2025-11-16 09:26:47,996 INFO mch.training: Prefilter start: input shape=(108,600118), candidates=600117, topk=0, scan_max=20000, chunk_size=5000
2025-11-16 09:26:47,999 INFO mch.training: Prefilter bypass: kept=600117
2025-11-16 09:27:12,341 WARNING mch.training: Drop rare classes (<2 samples): Histiocytosis
2025-11-16 09:27:13,083 INFO mch.training: Train/Test shapes: X_train=(85, 600117), X_test=(22, 600117)
2025-11-16 09:27:13,085 INFO mch.training: Using LogisticRegression as model.
2025-11-16 09:27:13,086 INFO mch.training: DM enabled
2025-11-16 09:27:13,088 INFO mch.training: Pipeline steps: ['replace_inf', 'differentialMethylation', 'modelGeneration']
2025-11-16 09:27:13,089 WARNING mch.training: parameter_grid is None/empty, fit pipeline without grid search
2025-11-16 09:27:13,898 ERROR mch.training: Error training model for Haematological malignancy
Traceback (most recent call last):
  File "/Workspace/9900-f18a-cake/mt-method2/src/mch/models/training.py", line 186, in train_all_models
    logger.info("Pipeline steps: %s", list(pipeline.named_steps.keys()))
        ^^^^^^^^^^^^^^^^^^^^^^^^^^^^^^
  File "/databricks/python/lib/python3.12/site-packages/mlflow/utils/autologging_utils/safety.py", line 402, in safe_patch_function
    return original(*args, **kwargs)
           ^^^^^^^^^^^^^^^^^^^^^^^^^
  File "/databricks/python_shell/lib/dbruntime/MLWorkloadsInstrumentation/_sklearn.py", line 29, in patch_function
    original_result = original(self, *args, **kwargs)
                      ^^^^^^^^^^^^^^^^^^^^^^^^^^^^^^^
  File "/local_disk0/.ephemeral_nfs/cluster_libraries/python/lib/python3.12/site-packages/sklearn/base.py", line 1473, in wrapper
    return fit_method(estimator, *args, **kwargs)
           ^^^^^^^^^^^^^^^^^^^^^^^^^^^^^^^^^^^^^^
  File "/local_disk0/.ephemeral_nfs/cluster_libraries/python/lib/python3.12/site-packages/sklearn/pipeline.py", line 469, in fit
    Xt = self._fit(X, y, routed_params)
         ^^^^^^^^^^^^^^^^^^^^^^^^^^^^^^
  File "/local_disk0/.ephemeral_nfs/cluster_libraries/python/lib/python3.12/site-packages/sklearn/pipeline.py", line 406, in _fit
    X, fitted_transformer = fit_transform_one_cached(
                            ^^^^^^^^^^^^^^^^^^^^^^^^^
  File "/databricks/python/lib/python3.12/site-packages/joblib/memory.py", line 312, in __call__
    return self.func(*args, **kwargs)
           ^^^^^^^^^^^^^^^^^^^^^^^^^^
  File "/local_disk0/.ephemeral_nfs/cluster_libraries/python/lib/python3.12/site-packages/sklearn/pipeline.py", line 1310, in _fit_transform_one
    res = transformer.fit_transform(X, y, **params.get("fit_transform", {}))
          ^^^^^^^^^^^^^^^^^^^^^^^^^^^^^^^^^^^^^^^^^^^^^^^^^^^^^^^^^^^^^^^^^^
  File "/local_disk0/.ephemeral_nfs/cluster_libraries/python/lib/python3.12/site-packages/sklearn/utils/_set_output.py", line 316, in wrapped
    data_to_wrap = f(self, X, *args, **kwargs)
                   ^^^^^^^^^^^^^^^^^^^^^^^^^^^
  File "/local_disk0/.ephemeral_nfs/cluster_libraries/python/lib/python3.12/site-packages/sklearn/base.py", line 1101, in fit_transform
    return self.fit(X, y, **fit_params).transform(X)
           ^^^^^^^^^^^^^^^^^^^^^^^^^^^^
  File "/Workspace/9900-f18a-cake/mt-method2/src/mch/models/differentialMethylationClassifier.py", line 46, in fit
    else:
          
  File "/Workspace/9900-f18a-cake/mt-method2/src/mch/models/differentialMethylationClassifier.py", line 72, in runDifferentialMethylation
    combined.update(probes)
    ^^^^^^^
AttributeError: 'numpy.ndarray' object has no attribute 'apply'
2025-11-16 09:32:27,301 INFO mch.training: Only training specified node: Haematological malignancy
2025-11-16 09:32:27,302 INFO mch.training: Training model for node: Haematological malignancy
2025-11-16 09:32:44,072 INFO mch.training: Prefilter start: input shape=(108,600118), candidates=600117, topk=200, scan_max=20000, chunk_size=5000
2025-11-16 09:32:44,601 INFO mch.training: Prefilter progress: scanned 5000/20000 columns
2025-11-16 09:32:45,091 INFO mch.training: Prefilter progress: scanned 10000/20000 columns
2025-11-16 09:32:45,604 INFO mch.training: Prefilter progress: scanned 15000/20000 columns
2025-11-16 09:32:46,076 INFO mch.training: Prefilter progress: scanned 20000/20000 columns
2025-11-16 09:32:46,537 INFO mch.training: Prefilter done: kept 200 features
2025-11-16 09:32:46,557 WARNING mch.training: Drop rare classes (<2 samples): Histiocytosis
2025-11-16 09:32:46,563 INFO mch.training: Train/Test shapes: X_train=(85, 200), X_test=(22, 200)
2025-11-16 09:32:46,564 INFO mch.training: Using LogisticRegression as model.
2025-11-16 09:32:46,565 INFO mch.training: DM disabled
2025-11-16 09:32:46,567 INFO mch.training: Pipeline steps: ['modelGeneration']
2025-11-16 09:32:46,568 WARNING mch.training: parameter_grid is None/empty, fit pipeline without grid search
2025-11-16 09:32:46,600 INFO mch.training: Test accuracy: 0.8636, macro_f1: 0.3089, weighted_f1: 0.8004
2025-11-16 09:32:46,602 INFO mch.training: Model trained for Haematological malignancy, not saved
2025-11-16 09:52:12,190 INFO mch.training: Only training specified node: Haematological malignancy
2025-11-16 09:52:12,191 INFO mch.training: Training model for node: Haematological malignancy
2025-11-16 09:52:27,869 INFO mch.training: Prefilter start: input shape=(108,600118), candidates=600117, topk=200, scan_max=20000, chunk_size=5000
2025-11-16 09:52:28,312 INFO mch.training: Prefilter progress: scanned 5000/20000 columns
2025-11-16 09:52:28,726 INFO mch.training: Prefilter progress: scanned 10000/20000 columns
2025-11-16 09:52:29,151 INFO mch.training: Prefilter progress: scanned 15000/20000 columns
2025-11-16 09:52:29,573 INFO mch.training: Prefilter progress: scanned 20000/20000 columns
2025-11-16 09:52:29,985 INFO mch.training: Prefilter done: kept 200 features
2025-11-16 09:52:29,999 WARNING mch.training: Drop rare classes (<2 samples): Histiocytosis
2025-11-16 09:52:30,004 INFO mch.training: Train/Test shapes: X_train=(85, 200), X_test=(22, 200)
2025-11-16 09:52:30,006 INFO mch.training: Using LogisticRegression as model.
2025-11-16 09:52:30,007 INFO mch.training: DM disabled
2025-11-16 09:52:30,008 INFO mch.training: Pipeline steps: ['modelGeneration']
2025-11-16 09:52:30,010 WARNING mch.training: parameter_grid is None/empty, fit pipeline without grid search
2025-11-16 09:52:30,040 INFO mch.training: Test accuracy: 0.8636, macro_f1: 0.3089, weighted_f1: 0.8004
2025-11-16 09:52:30,041 INFO mch.training: Model trained for Haematological malignancy, not saved
2025-11-16 10:03:46,923 INFO mch.training: Only training specified node: Haematological malignancy
2025-11-16 10:03:46,925 INFO mch.training: Training model for node: Haematological malignancy
2025-11-16 10:04:02,984 INFO mch.training: Prefilter start: input shape=(108,600118), candidates=600117, topk=200, scan_max=20000, chunk_size=5000
2025-11-16 10:04:03,443 INFO mch.training: Prefilter progress: scanned 5000/20000 columns
2025-11-16 10:04:03,891 INFO mch.training: Prefilter progress: scanned 10000/20000 columns
2025-11-16 10:04:04,361 INFO mch.training: Prefilter progress: scanned 15000/20000 columns
2025-11-16 10:04:04,832 INFO mch.training: Prefilter progress: scanned 20000/20000 columns
2025-11-16 10:04:05,268 INFO mch.training: Prefilter done: kept 200 features
2025-11-16 10:04:05,282 WARNING mch.training: Drop rare classes (<2 samples): Histiocytosis
2025-11-16 10:04:05,287 INFO mch.training: Train/Test shapes: X_train=(85, 200), X_test=(22, 200)
2025-11-16 10:04:05,288 INFO mch.training: Using LogisticRegression as model.
2025-11-16 10:04:05,289 INFO mch.training: DM disabled
2025-11-16 10:04:05,290 INFO mch.training: Pipeline steps: ['modelGeneration']
2025-11-16 10:04:05,291 WARNING mch.training: parameter_grid is None/empty, fit pipeline without grid search
2025-11-16 10:04:05,321 INFO mch.training: Test accuracy: 0.8636, macro_f1: 0.3089, weighted_f1: 0.8004
2025-11-16 10:04:05,322 INFO mch.training: Model trained for Haematological malignancy, not saved
2025-11-16 10:06:56,784 INFO mch.training: Only training specified node: Haematological malignancy
2025-11-16 10:06:56,785 INFO mch.training: Training model for node: Haematological malignancy
2025-11-16 10:07:12,976 INFO mch.training: Prefilter start: input shape=(108,600118), candidates=600117, topk=200, scan_max=20000, chunk_size=5000
2025-11-16 10:07:13,502 INFO mch.training: Prefilter progress: scanned 5000/20000 columns
2025-11-16 10:07:14,542 INFO mch.training: Prefilter progress: scanned 10000/20000 columns
2025-11-16 10:07:15,023 INFO mch.training: Prefilter progress: scanned 15000/20000 columns
2025-11-16 10:07:15,492 INFO mch.training: Prefilter progress: scanned 20000/20000 columns
2025-11-16 10:07:15,930 INFO mch.training: Prefilter done: kept 200 features
2025-11-16 10:07:15,945 WARNING mch.training: Drop rare classes (<2 samples): Histiocytosis
2025-11-16 10:07:15,949 INFO mch.training: Train/Test shapes: X_train=(85, 200), X_test=(22, 200)
2025-11-16 10:07:15,951 INFO mch.training: Using LogisticRegression as model.
2025-11-16 10:07:15,951 INFO mch.training: DM disabled
2025-11-16 10:07:15,952 INFO mch.training: Pipeline steps: ['modelGeneration']
2025-11-16 10:07:15,953 WARNING mch.training: parameter_grid is None/empty, fit pipeline without grid search
2025-11-16 10:07:15,984 INFO mch.training: Test accuracy: 0.8636, macro_f1: 0.3089, weighted_f1: 0.8004
2025-11-16 10:07:15,986 INFO mch.training: Model trained for Haematological malignancy, not saved
2025-11-16 10:54:13,559 INFO mch.training: Only training specified node: Haematological malignancy
2025-11-16 10:54:13,560 INFO mch.training: Training model for node: Haematological malignancy
2025-11-16 10:54:28,658 INFO mch.training: Prefilter start: input shape=(108,600118), candidates=600117, topk=200, scan_max=5000, chunk_size=1000
2025-11-16 10:54:29,097 INFO mch.training: Prefilter progress: scanned 1000/5000 columns
2025-11-16 10:54:29,465 INFO mch.training: Prefilter progress: scanned 2000/5000 columns
2025-11-16 10:54:29,840 INFO mch.training: Prefilter progress: scanned 3000/5000 columns
2025-11-16 10:54:30,217 INFO mch.training: Prefilter progress: scanned 4000/5000 columns
2025-11-16 10:54:30,583 INFO mch.training: Prefilter progress: scanned 5000/5000 columns
2025-11-16 10:54:31,041 INFO mch.training: Prefilter done: kept 200 features
2025-11-16 10:54:31,055 WARNING mch.training: Drop rare classes (<2 samples): Histiocytosis
2025-11-16 10:54:31,061 INFO mch.training: Train/Test shapes: X_train=(85, 200), X_test=(22, 200)
2025-11-16 10:54:31,062 INFO mch.training: Using LogisticRegression as model.
2025-11-16 10:54:31,063 INFO mch.training: DM disabled
2025-11-16 10:54:31,064 INFO mch.training: Pipeline steps: ['modelGeneration']
2025-11-16 10:54:31,066 WARNING mch.training: parameter_grid is None/empty, fit pipeline without grid search
2025-11-16 10:54:42,415 INFO mch.training: Test accuracy: 0.7273, macro_f1: 0.2807, weighted_f1: 0.7273
2025-11-16 10:54:42,417 INFO mch.training: Model trained for Haematological malignancy, not saved
2025-11-16 11:38:52,441 INFO mch.training: Only training specified node: Haematological malignancy
2025-11-16 11:38:52,442 INFO mch.training: Training model for node: Haematological malignancy
2025-11-16 11:39:07,877 INFO mch.training: Prefilter start: input shape=(108,600118), candidates=600117, topk=200, scan_max=20000, chunk_size=5000
2025-11-16 11:39:08,351 INFO mch.training: Prefilter progress: scanned 5000/20000 columns
2025-11-16 11:39:08,759 INFO mch.training: Prefilter progress: scanned 10000/20000 columns
2025-11-16 11:39:09,184 INFO mch.training: Prefilter progress: scanned 15000/20000 columns
2025-11-16 11:39:09,600 INFO mch.training: Prefilter progress: scanned 20000/20000 columns
2025-11-16 11:39:09,993 INFO mch.training: Prefilter done: kept 200 features
2025-11-16 11:39:10,006 WARNING mch.training: Drop rare classes (<2 samples): Histiocytosis
2025-11-16 11:39:10,011 INFO mch.training: Train/Test shapes: X_train=(85, 200), X_test=(22, 200)
2025-11-16 11:39:10,013 INFO mch.training: Using LogisticRegression as model.
2025-11-16 11:39:10,014 INFO mch.training: DM disabled
2025-11-16 11:39:10,015 INFO mch.training: Pipeline steps: ['modelGeneration']
2025-11-16 11:39:10,016 WARNING mch.training: parameter_grid is None/empty, fit pipeline without grid search
2025-11-16 11:39:10,045 INFO mch.training: Test accuracy: 0.8636, macro_f1: 0.3089, weighted_f1: 0.8004
2025-11-16 11:39:10,046 INFO mch.training: Model trained for Haematological malignancy, not saved
2025-11-16 11:42:21,811 INFO mch.training: Only training specified node: Haematological malignancy
2025-11-16 11:42:21,813 INFO mch.training: Training model for node: Haematological malignancy
2025-11-16 11:42:37,564 INFO mch.training: Prefilter start: input shape=(108,600118), candidates=600117, topk=200, scan_max=20000, chunk_size=5000
2025-11-16 11:42:38,013 INFO mch.training: Prefilter progress: scanned 5000/20000 columns
2025-11-16 11:42:38,435 INFO mch.training: Prefilter progress: scanned 10000/20000 columns
2025-11-16 11:42:38,846 INFO mch.training: Prefilter progress: scanned 15000/20000 columns
2025-11-16 11:42:39,264 INFO mch.training: Prefilter progress: scanned 20000/20000 columns
2025-11-16 11:42:39,723 INFO mch.training: Prefilter done: kept 200 features
2025-11-16 11:42:39,736 WARNING mch.training: Drop rare classes (<2 samples): Histiocytosis
2025-11-16 11:42:39,741 INFO mch.training: Train/Test shapes: X_train=(85, 200), X_test=(22, 200)
2025-11-16 11:42:39,742 INFO mch.training: Using LogisticRegression as model.
2025-11-16 11:42:39,743 INFO mch.training: DM disabled
2025-11-16 11:42:39,744 INFO mch.training: Pipeline steps: ['modelGeneration']
2025-11-16 11:42:39,745 WARNING mch.training: parameter_grid is None/empty, fit pipeline without grid search
2025-11-16 11:42:39,774 INFO mch.training: Test accuracy: 0.8636, macro_f1: 0.3089, weighted_f1: 0.8004
2025-11-16 11:42:39,775 INFO mch.training: Model trained for Haematological malignancy, not saved
2025-11-16 11:44:40,328 INFO mch.training: Only training specified node: Haematological malignancy
2025-11-16 11:44:40,329 INFO mch.training: Training model for node: Haematological malignancy
2025-11-16 11:44:55,594 INFO mch.training: Prefilter start: input shape=(108,600118), candidates=600117, topk=200, scan_max=20000, chunk_size=5000
2025-11-16 11:44:56,038 INFO mch.training: Prefilter progress: scanned 5000/20000 columns
2025-11-16 11:44:56,460 INFO mch.training: Prefilter progress: scanned 10000/20000 columns
2025-11-16 11:44:56,888 INFO mch.training: Prefilter progress: scanned 15000/20000 columns
2025-11-16 11:44:57,325 INFO mch.training: Prefilter progress: scanned 20000/20000 columns
2025-11-16 11:44:57,726 INFO mch.training: Prefilter done: kept 200 features
2025-11-16 11:44:57,743 WARNING mch.training: Drop rare classes (<2 samples): Histiocytosis
2025-11-16 11:44:57,747 INFO mch.training: Train/Test shapes: X_train=(85, 200), X_test=(22, 200)
2025-11-16 11:44:57,749 INFO mch.training: Using LogisticRegression as model.
2025-11-16 11:44:57,750 INFO mch.training: DM disabled
2025-11-16 11:44:57,751 INFO mch.training: Pipeline steps: ['modelGeneration']
2025-11-16 11:44:57,752 WARNING mch.training: parameter_grid is None/empty, fit pipeline without grid search
2025-11-16 11:44:57,786 INFO mch.training: Test accuracy: 0.8636, macro_f1: 0.3089, weighted_f1: 0.8004
2025-11-16 11:44:57,787 INFO mch.training: Model trained for Haematological malignancy, not saved
2025-11-16 11:54:22,763 INFO mch.training: Only training specified node: Haematological malignancy
2025-11-16 11:54:22,766 INFO mch.training: Training model for node: Haematological malignancy
2025-11-16 11:54:38,551 INFO mch.training: Prefilter start: input shape=(108,600118), candidates=600117, topk=200, scan_max=20000, chunk_size=5000
2025-11-16 11:54:39,009 INFO mch.training: Prefilter progress: scanned 5000/20000 columns
2025-11-16 11:54:39,447 INFO mch.training: Prefilter progress: scanned 10000/20000 columns
2025-11-16 11:54:39,863 INFO mch.training: Prefilter progress: scanned 15000/20000 columns
2025-11-16 11:54:40,300 INFO mch.training: Prefilter progress: scanned 20000/20000 columns
2025-11-16 11:54:40,699 INFO mch.training: Prefilter done: kept 200 features
2025-11-16 11:54:40,712 WARNING mch.training: Drop rare classes (<2 samples): Histiocytosis
2025-11-16 11:54:40,718 INFO mch.training: Train/Test shapes: X_train=(85, 200), X_test=(22, 200)
2025-11-16 11:54:40,719 INFO mch.training: Using LogisticRegression as model.
2025-11-16 11:54:40,720 INFO mch.training: DM disabled
2025-11-16 11:54:40,721 INFO mch.training: Pipeline steps: ['modelGeneration']
2025-11-16 11:54:40,721 WARNING mch.training: parameter_grid is None/empty, fit pipeline without grid search
2025-11-16 11:54:40,751 INFO mch.training: Test accuracy: 0.8636, macro_f1: 0.3089, weighted_f1: 0.8004
2025-11-16 11:54:40,752 INFO mch.training: Model trained for Haematological malignancy, not saved
2025-11-16 12:01:48,247 INFO mch.training: Only training specified node: Haematological malignancy
2025-11-16 12:01:48,248 INFO mch.training: Training model for node: Haematological malignancy
2025-11-16 12:02:04,174 INFO mch.training: Prefilter start: input shape=(108,600118), candidates=600117, topk=200, scan_max=20000, chunk_size=5000
2025-11-16 12:02:04,654 INFO mch.training: Prefilter progress: scanned 5000/20000 columns
2025-11-16 12:02:05,091 INFO mch.training: Prefilter progress: scanned 10000/20000 columns
2025-11-16 12:02:05,493 INFO mch.training: Prefilter progress: scanned 15000/20000 columns
2025-11-16 12:02:05,912 INFO mch.training: Prefilter progress: scanned 20000/20000 columns
2025-11-16 12:02:06,311 INFO mch.training: Prefilter done: kept 200 features
2025-11-16 12:02:06,324 WARNING mch.training: Drop rare classes (<2 samples): Histiocytosis
2025-11-16 12:02:06,329 INFO mch.training: Train/Test shapes: X_train=(85, 200), X_test=(22, 200)
2025-11-16 12:02:06,330 INFO mch.training: Using LogisticRegression as model.
2025-11-16 12:02:06,331 INFO mch.training: DM disabled
2025-11-16 12:02:06,332 INFO mch.training: Pipeline steps: ['modelGeneration']
2025-11-16 12:02:06,333 WARNING mch.training: parameter_grid is None/empty, fit pipeline without grid search
2025-11-16 12:02:06,361 INFO mch.training: Test accuracy: 0.8636, macro_f1: 0.3089, weighted_f1: 0.8004
2025-11-16 12:02:06,362 INFO mch.training: Model trained for Haematological malignancy, not saved
2025-11-16 12:05:59,780 INFO mch.training: Only training specified node: Haematological malignancy
2025-11-16 12:05:59,781 INFO mch.training: Training model for node: Haematological malignancy
2025-11-16 12:06:15,819 INFO mch.training: Prefilter start: input shape=(108,600118), candidates=600117, topk=200, scan_max=20000, chunk_size=5000
2025-11-16 12:06:16,306 INFO mch.training: Prefilter progress: scanned 5000/20000 columns
2025-11-16 12:06:16,745 INFO mch.training: Prefilter progress: scanned 10000/20000 columns
2025-11-16 12:06:17,189 INFO mch.training: Prefilter progress: scanned 15000/20000 columns
2025-11-16 12:06:17,612 INFO mch.training: Prefilter progress: scanned 20000/20000 columns
2025-11-16 12:06:18,009 INFO mch.training: Prefilter done: kept 200 features
2025-11-16 12:06:18,026 WARNING mch.training: Drop rare classes (<2 samples): Histiocytosis
2025-11-16 12:06:18,032 INFO mch.training: Train/Test shapes: X_train=(85, 200), X_test=(22, 200)
2025-11-16 12:06:18,033 INFO mch.training: Using LogisticRegression as model.
2025-11-16 12:06:18,035 INFO mch.training: DM disabled
2025-11-16 12:06:18,036 INFO mch.training: Pipeline steps: ['modelGeneration']
2025-11-16 12:06:18,037 WARNING mch.training: parameter_grid is None/empty, fit pipeline without grid search
2025-11-16 12:06:18,068 INFO mch.training: Test accuracy: 0.8636, macro_f1: 0.3089, weighted_f1: 0.8004
2025-11-16 12:06:18,070 INFO mch.training: Model trained for Haematological malignancy, not saved
2025-11-16 12:10:45,127 INFO mch.training: Only training specified node: Haematological malignancy
2025-11-16 12:10:45,129 INFO mch.training: Training model for node: Haematological malignancy
2025-11-16 12:11:01,333 INFO mch.training: Prefilter start: input shape=(108,600118), candidates=600117, topk=200, scan_max=20000, chunk_size=5000
2025-11-16 12:11:01,808 INFO mch.training: Prefilter progress: scanned 5000/20000 columns
2025-11-16 12:11:02,244 INFO mch.training: Prefilter progress: scanned 10000/20000 columns
2025-11-16 12:11:02,714 INFO mch.training: Prefilter progress: scanned 15000/20000 columns
2025-11-16 12:11:03,168 INFO mch.training: Prefilter progress: scanned 20000/20000 columns
2025-11-16 12:11:03,602 INFO mch.training: Prefilter done: kept 200 features
2025-11-16 12:11:03,616 WARNING mch.training: Drop rare classes (<2 samples): Histiocytosis
2025-11-16 12:11:03,621 INFO mch.training: Train/Test shapes: X_train=(85, 200), X_test=(22, 200)
2025-11-16 12:11:03,622 INFO mch.training: Using LogisticRegression as model.
2025-11-16 12:11:03,623 INFO mch.training: DM disabled
2025-11-16 12:11:03,624 INFO mch.training: Pipeline steps: ['modelGeneration']
2025-11-16 12:11:03,625 WARNING mch.training: parameter_grid is None/empty, fit pipeline without grid search
2025-11-16 12:11:03,652 INFO mch.training: Test accuracy: 0.8636, macro_f1: 0.3089, weighted_f1: 0.8004
2025-11-16 12:11:03,653 INFO mch.training: Model trained for Haematological malignancy, not saved
2025-11-16 12:11:40,527 INFO mch.training: Only training specified node: Haematological malignancy
2025-11-16 12:11:40,528 INFO mch.training: Training model for node: Haematological malignancy
2025-11-16 12:11:56,645 INFO mch.training: Prefilter start: input shape=(108,600118), candidates=600117, topk=200, scan_max=20000, chunk_size=5000
2025-11-16 12:11:57,134 INFO mch.training: Prefilter progress: scanned 5000/20000 columns
2025-11-16 12:11:57,578 INFO mch.training: Prefilter progress: scanned 10000/20000 columns
2025-11-16 12:11:58,000 INFO mch.training: Prefilter progress: scanned 15000/20000 columns
2025-11-16 12:11:58,426 INFO mch.training: Prefilter progress: scanned 20000/20000 columns
2025-11-16 12:11:58,832 INFO mch.training: Prefilter done: kept 200 features
2025-11-16 12:11:58,846 WARNING mch.training: Drop rare classes (<2 samples): Histiocytosis
2025-11-16 12:11:58,852 INFO mch.training: Train/Test shapes: X_train=(85, 200), X_test=(22, 200)
2025-11-16 12:11:58,853 INFO mch.training: Using LogisticRegression as model.
2025-11-16 12:11:58,854 INFO mch.training: DM disabled
2025-11-16 12:11:58,856 INFO mch.training: Pipeline steps: ['modelGeneration']
2025-11-16 12:11:58,857 WARNING mch.training: parameter_grid is None/empty, fit pipeline without grid search
2025-11-16 12:11:58,884 INFO mch.training: Test accuracy: 0.8636, macro_f1: 0.3089, weighted_f1: 0.8004
2025-11-16 12:11:58,886 INFO mch.training: Model trained for Haematological malignancy, not saved
2025-11-16 12:14:13,706 INFO mch.training: Only training specified node: Haematological malignancy
2025-11-16 12:14:13,708 INFO mch.training: Training model for node: Haematological malignancy
2025-11-16 12:14:29,700 INFO mch.training: Prefilter start: input shape=(108,600118), candidates=600117, topk=200, scan_max=20000, chunk_size=5000
2025-11-16 12:14:30,176 INFO mch.training: Prefilter progress: scanned 5000/20000 columns
2025-11-16 12:14:30,609 INFO mch.training: Prefilter progress: scanned 10000/20000 columns
2025-11-16 12:14:31,029 INFO mch.training: Prefilter progress: scanned 15000/20000 columns
2025-11-16 12:14:31,462 INFO mch.training: Prefilter progress: scanned 20000/20000 columns
2025-11-16 12:14:31,877 INFO mch.training: Prefilter done: kept 200 features
2025-11-16 12:14:31,891 WARNING mch.training: Drop rare classes (<2 samples): Histiocytosis
2025-11-16 12:14:31,896 INFO mch.training: Train/Test shapes: X_train=(85, 200), X_test=(22, 200)
2025-11-16 12:14:31,897 INFO mch.training: Using LogisticRegression as model.
2025-11-16 12:14:31,898 INFO mch.training: DM disabled
2025-11-16 12:14:31,899 INFO mch.training: Pipeline steps: ['modelGeneration']
2025-11-16 12:14:31,900 WARNING mch.training: parameter_grid is None/empty, fit pipeline without grid search
2025-11-16 12:14:31,930 INFO mch.training: Test accuracy: 0.8636, macro_f1: 0.3089, weighted_f1: 0.8004
2025-11-16 12:14:31,931 INFO mch.training: Model trained for Haematological malignancy, not saved
2025-11-16 12:15:10,790 INFO mch.training: Only training specified node: Haematological malignancy
2025-11-16 12:15:10,791 INFO mch.training: Training model for node: Haematological malignancy
2025-11-16 12:15:26,760 INFO mch.training: Prefilter start: input shape=(108,600118), candidates=600117, topk=200, scan_max=20000, chunk_size=5000
2025-11-16 12:15:27,226 INFO mch.training: Prefilter progress: scanned 5000/20000 columns
2025-11-16 12:15:27,660 INFO mch.training: Prefilter progress: scanned 10000/20000 columns
2025-11-16 12:15:28,073 INFO mch.training: Prefilter progress: scanned 15000/20000 columns
2025-11-16 12:15:28,506 INFO mch.training: Prefilter progress: scanned 20000/20000 columns
2025-11-16 12:15:28,910 INFO mch.training: Prefilter done: kept 200 features
2025-11-16 12:15:28,926 WARNING mch.training: Drop rare classes (<2 samples): Histiocytosis
2025-11-16 12:15:28,930 INFO mch.training: Train/Test shapes: X_train=(85, 200), X_test=(22, 200)
2025-11-16 12:15:28,933 INFO mch.training: Using LogisticRegression as model.
2025-11-16 12:15:28,934 INFO mch.training: DM disabled
2025-11-16 12:15:28,936 INFO mch.training: Pipeline steps: ['modelGeneration']
2025-11-16 12:15:28,937 WARNING mch.training: parameter_grid is None/empty, fit pipeline without grid search
2025-11-16 12:15:28,965 INFO mch.training: Test accuracy: 0.8636, macro_f1: 0.3089, weighted_f1: 0.8004
2025-11-16 12:15:28,966 INFO mch.training: Model trained for Haematological malignancy, not saved
2025-11-16 12:24:37,936 INFO mch.training: Only training specified node: Haematological malignancy
2025-11-16 12:24:37,937 INFO mch.training: Training model for node: Haematological malignancy
2025-11-16 12:24:53,795 INFO mch.training: Prefilter start: input shape=(108,600118), candidates=600117, topk=200, scan_max=20000, chunk_size=5000
2025-11-16 12:24:54,228 INFO mch.training: Prefilter progress: scanned 5000/20000 columns
2025-11-16 12:24:54,628 INFO mch.training: Prefilter progress: scanned 10000/20000 columns
2025-11-16 12:24:55,023 INFO mch.training: Prefilter progress: scanned 15000/20000 columns
2025-11-16 12:24:55,417 INFO mch.training: Prefilter progress: scanned 20000/20000 columns
2025-11-16 12:24:55,826 INFO mch.training: Prefilter done: kept 200 features
2025-11-16 12:24:55,840 WARNING mch.training: Drop rare classes (<2 samples): Histiocytosis
2025-11-16 12:24:55,845 INFO mch.training: Train/Test shapes: X_train=(85, 200), X_test=(22, 200)
2025-11-16 12:24:55,846 INFO mch.training: Using LogisticRegression as model.
2025-11-16 12:24:55,847 INFO mch.training: DM disabled
2025-11-16 12:24:55,848 INFO mch.training: Pipeline steps: ['modelGeneration']
2025-11-16 12:24:55,849 WARNING mch.training: parameter_grid is None/empty, fit pipeline without grid search
2025-11-16 12:24:55,876 INFO mch.training: Test accuracy: 0.8636, macro_f1: 0.3089, weighted_f1: 0.8004
2025-11-16 12:24:55,878 INFO mch.training: Model trained for Haematological malignancy, not saved
2025-11-16 13:30:28,775 INFO mch.training: Only training specified node: Haematological malignancy
2025-11-16 13:30:28,776 INFO mch.training: Training model for node: Haematological malignancy
2025-11-16 13:30:44,466 INFO mch.training: Prefilter start: input shape=(108,600118), candidates=600117, topk=200, scan_max=5000, chunk_size=1000
2025-11-16 13:30:44,944 INFO mch.training: Prefilter progress: scanned 1000/5000 columns
2025-11-16 13:30:45,355 INFO mch.training: Prefilter progress: scanned 2000/5000 columns
2025-11-16 13:30:45,764 INFO mch.training: Prefilter progress: scanned 3000/5000 columns
2025-11-16 13:30:46,199 INFO mch.training: Prefilter progress: scanned 4000/5000 columns
2025-11-16 13:30:46,600 INFO mch.training: Prefilter progress: scanned 5000/5000 columns
2025-11-16 13:30:47,093 INFO mch.training: Prefilter done: kept 200 features
2025-11-16 13:30:47,105 WARNING mch.training: Drop rare classes (<2 samples): Histiocytosis
2025-11-16 13:30:47,110 INFO mch.training: Train/Test shapes: X_train=(85, 200), X_test=(22, 200)
2025-11-16 13:30:47,111 INFO mch.training: Using LogisticRegression as model.
2025-11-16 13:30:47,112 INFO mch.training: DM disabled
2025-11-16 13:30:47,113 INFO mch.training: Pipeline steps: ['modelGeneration']
2025-11-16 13:30:47,113 WARNING mch.training: parameter_grid is None/empty, fit pipeline without grid search
2025-11-16 13:30:54,974 INFO mch.training: Test accuracy: 0.7273, macro_f1: 0.2807, weighted_f1: 0.7273
2025-11-16 13:30:54,977 INFO mch.training: Model trained for Haematological malignancy, not saved
2025-11-16 13:46:25,325 INFO mch.training: Only training specified node: Overgrowth syndrome
2025-11-16 13:46:25,327 INFO mch.training: Training model for node: Overgrowth syndrome
2025-11-16 13:46:25,346 INFO mch.training: Only training specified node: ZERO2
2025-11-16 13:46:25,449 INFO mch.training: Only training specified node: Central nervous system
2025-11-16 13:46:25,451 INFO mch.training: Training model for node: Central nervous system
2025-11-16 13:46:25,523 INFO mch.training: Only training specified node: Sarcoma
2025-11-16 13:46:25,525 INFO mch.training: Training model for node: Sarcoma
2025-11-16 13:46:43,549 INFO mch.training: Prefilter start: input shape=(80,600118), candidates=600117, topk=200, scan_max=20000, chunk_size=5000
2025-11-16 13:46:44,055 INFO mch.training: Prefilter progress: scanned 5000/20000 columns
2025-11-16 13:46:44,137 INFO mch.training: Prefilter start: input shape=(129,600118), candidates=600117, topk=200, scan_max=20000, chunk_size=5000
2025-11-16 13:46:44,536 INFO mch.training: Prefilter progress: scanned 10000/20000 columns
2025-11-16 13:46:44,660 INFO mch.training: Prefilter progress: scanned 5000/20000 columns
2025-11-16 13:46:45,005 INFO mch.training: Prefilter progress: scanned 15000/20000 columns
2025-11-16 13:46:45,137 INFO mch.training: Prefilter progress: scanned 10000/20000 columns
2025-11-16 13:46:45,484 INFO mch.training: Prefilter progress: scanned 20000/20000 columns
2025-11-16 13:46:45,591 INFO mch.training: Prefilter progress: scanned 15000/20000 columns
2025-11-16 13:46:45,962 INFO mch.training: Prefilter done: kept 200 features
2025-11-16 13:46:45,980 WARNING mch.training: Drop rare classes (<2 samples): Liver tumour, Sarcoma
2025-11-16 13:46:45,986 INFO mch.training: Train/Test shapes: X_train=(63, 200), X_test=(16, 200)
2025-11-16 13:46:45,988 INFO mch.training: DM disabled
2025-11-16 13:46:45,989 INFO mch.training: Pipeline steps: ['modelGeneration']
2025-11-16 13:46:45,989 WARNING mch.training: parameter_grid is None/empty, fit pipeline without grid search
2025-11-16 13:46:46,066 INFO mch.training: Prefilter progress: scanned 20000/20000 columns
2025-11-16 13:46:46,186 INFO mch.training: Test accuracy: 0.3125, macro_f1: 0.2390, weighted_f1: 0.3026
2025-11-16 13:46:46,194 INFO mch.training: Model trained for Sarcoma; saved via MLflow if estimator present.
2025-11-16 13:46:46,526 INFO mch.training: Prefilter done: kept 200 features
2025-11-16 13:46:46,544 WARNING mch.training: Drop rare classes (<2 samples): Germ cell tumour, CNS, Peripheral nerve sheath tumour, CNS
2025-11-16 13:46:46,551 INFO mch.training: Train/Test shapes: X_train=(101, 200), X_test=(26, 200)
2025-11-16 13:46:46,552 INFO mch.training: DM disabled
2025-11-16 13:46:46,553 INFO mch.training: Pipeline steps: ['modelGeneration']
2025-11-16 13:46:46,554 WARNING mch.training: parameter_grid is None/empty, fit pipeline without grid search
2025-11-16 13:46:46,776 INFO mch.training: Test accuracy: 0.1154, macro_f1: 0.0417, weighted_f1: 0.0897
2025-11-16 13:46:46,785 INFO mch.training: Model trained for Central nervous system; saved via MLflow if estimator present.
2025-11-16 14:06:14,717 INFO mch.training: Only training specified node: Haematological malignancy
2025-11-16 14:06:14,719 INFO mch.training: Training model for node: Haematological malignancy
2025-11-16 14:06:30,892 INFO mch.training: Prefilter start: input shape=(108,600118), candidates=600117, topk=200, scan_max=5000, chunk_size=1000
2025-11-16 14:06:31,367 INFO mch.training: Prefilter progress: scanned 1000/5000 columns
2025-11-16 14:06:31,768 INFO mch.training: Prefilter progress: scanned 2000/5000 columns
2025-11-16 14:06:32,184 INFO mch.training: Prefilter progress: scanned 3000/5000 columns
2025-11-16 14:06:32,572 INFO mch.training: Prefilter progress: scanned 4000/5000 columns
2025-11-16 14:06:32,978 INFO mch.training: Prefilter progress: scanned 5000/5000 columns
2025-11-16 14:06:33,470 INFO mch.training: Prefilter done: kept 200 features
2025-11-16 14:06:33,485 WARNING mch.training: Drop rare classes (<2 samples): Histiocytosis
2025-11-16 14:06:33,490 INFO mch.training: Train/Test shapes: X_train=(85, 200), X_test=(22, 200)
2025-11-16 14:06:33,492 INFO mch.training: Using LogisticRegression as model.
2025-11-16 14:06:33,492 INFO mch.training: DM disabled
2025-11-16 14:06:33,493 INFO mch.training: Pipeline steps: ['modelGeneration']
2025-11-16 14:06:33,494 WARNING mch.training: parameter_grid is None/empty, fit pipeline without grid search
2025-11-16 14:06:41,750 INFO mch.training: Test accuracy: 0.7273, macro_f1: 0.2807, weighted_f1: 0.7273
2025-11-16 14:06:41,752 INFO mch.training: Model trained for Haematological malignancy, not saved
2025-11-16 14:11:58,522 INFO mch.training: Only training specified node: Haematological malignancy
2025-11-16 14:11:58,524 INFO mch.training: Training model for node: Haematological malignancy
2025-11-16 14:12:34,736 ERROR mch.training: Error training model for Haematological malignancy
Traceback (most recent call last):
  File "/Workspace/9900-f18a-cake/mt-method2/src/mch/models/training_rf_method2.py", line 114, in train_all_models
    X_train, X_test, y_train, y_test = train_test_split(
                                       ^^^^^^^^^^^^^^^^^
  File "/local_disk0/.ephemeral_nfs/cluster_libraries/python/lib/python3.12/site-packages/sklearn/utils/_param_validation.py", line 213, in wrapper
    return func(*args, **kwargs)
           ^^^^^^^^^^^^^^^^^^^^^
  File "/local_disk0/.ephemeral_nfs/cluster_libraries/python/lib/python3.12/site-packages/sklearn/model_selection/_split.py", line 2806, in train_test_split
    train, test = next(cv.split(X=arrays[0], y=stratify))
                  ^^^^^^^^^^^^^^^^^^^^^^^^^^^^^^^^^^^^^^^
  File "/local_disk0/.ephemeral_nfs/cluster_libraries/python/lib/python3.12/site-packages/sklearn/model_selection/_split.py", line 1843, in split
    for train, test in self._iter_indices(X, y, groups):
  File "/local_disk0/.ephemeral_nfs/cluster_libraries/python/lib/python3.12/site-packages/sklearn/model_selection/_split.py", line 2252, in _iter_indices
    raise ValueError(
ValueError: The least populated class in y has only 1 member, which is too few. The minimum number of groups for any class cannot be less than 2.
2025-11-16 14:18:35,090 INFO mch.training: Only training specified node: Haematological malignancy
2025-11-16 14:18:35,092 INFO mch.training: Training model for node: Haematological malignancy
2025-11-16 14:19:11,371 ERROR mch.training: Error training model for Haematological malignancy
Traceback (most recent call last):
  File "/Workspace/9900-f18a-cake/mt-method2/src/mch/models/training_rf_method2.py", line 114, in train_all_models
    X_train, X_test, y_train, y_test = train_test_split(
                                       ^^^^^^^^^^^^^^^^^
  File "/local_disk0/.ephemeral_nfs/cluster_libraries/python/lib/python3.12/site-packages/sklearn/utils/_param_validation.py", line 213, in wrapper
    return func(*args, **kwargs)
           ^^^^^^^^^^^^^^^^^^^^^
  File "/local_disk0/.ephemeral_nfs/cluster_libraries/python/lib/python3.12/site-packages/sklearn/model_selection/_split.py", line 2806, in train_test_split
    train, test = next(cv.split(X=arrays[0], y=stratify))
                  ^^^^^^^^^^^^^^^^^^^^^^^^^^^^^^^^^^^^^^^
  File "/local_disk0/.ephemeral_nfs/cluster_libraries/python/lib/python3.12/site-packages/sklearn/model_selection/_split.py", line 1843, in split
    for train, test in self._iter_indices(X, y, groups):
  File "/local_disk0/.ephemeral_nfs/cluster_libraries/python/lib/python3.12/site-packages/sklearn/model_selection/_split.py", line 2252, in _iter_indices
    raise ValueError(
ValueError: The least populated class in y has only 1 member, which is too few. The minimum number of groups for any class cannot be less than 2.
2025-11-16 14:44:55,100 INFO mch.training: Only training specified node: Haematological malignancy
2025-11-16 14:44:55,102 INFO mch.training: Training model for node: Haematological malignancy
2025-11-16 14:45:24,820 INFO mch.training: Train/Test shapes: X_train=(86, 600117), X_test=(22, 600117)
2025-11-16 14:45:24,822 INFO mch.training: Using RandomForestClassifier(n_estimators=50, max_depth=10)
2025-11-16 14:45:24,823 INFO mch.training: DM disabled (legacy RF)
2025-11-16 14:45:24,824 INFO mch.training: Pipeline steps: ['modelGeneration']
2025-11-16 14:45:24,827 WARNING mch.training: parameter_grid is None/empty, fit pipeline without grid search (legacy RF)
2025-11-16 14:49:25,155 ERROR mch.training: Error training model for Haematological malignancy
Traceback (most recent call last):
  File "/Workspace/9900-f18a-cake/mt-method2/src/mch/models/training_rf_method2.py", line 173, in train_all_models
    pipeline.fit(X_train, y_train)
  File "/databricks/python/lib/python3.12/site-packages/mlflow/utils/autologging_utils/safety.py", line 483, in safe_patch_function
    patch_function(call_original, *args, **kwargs)
  File "/databricks/python/lib/python3.12/site-packages/mlflow/utils/autologging_utils/safety.py", line 182, in patch_with_managed_run
    result = patch_function(original, *args, **kwargs)
             ^^^^^^^^^^^^^^^^^^^^^^^^^^^^^^^^^^^^^^^^^
  File "/databricks/python/lib/python3.12/site-packages/mlflow/sklearn/__init__.py", line 1655, in patched_fit
    result = fit_impl(original, self, *args, **kwargs)
             ^^^^^^^^^^^^^^^^^^^^^^^^^^^^^^^^^^^^^^^^^
  File "/databricks/python/lib/python3.12/site-packages/mlflow/sklearn/__init__.py", line 1430, in fit_mlflow
    fit_output = original(self, *args, **kwargs)
                 ^^^^^^^^^^^^^^^^^^^^^^^^^^^^^^^
  File "/databricks/python/lib/python3.12/site-packages/mlflow/utils/autologging_utils/safety.py", line 474, in call_original
    return call_original_fn_with_event_logging(_original_fn, og_args, og_kwargs)
           ^^^^^^^^^^^^^^^^^^^^^^^^^^^^^^^^^^^^^^^^^^^^^^^^^^^^^^^^^^^^^^^^^^^^^
  File "/databricks/python/lib/python3.12/site-packages/mlflow/utils/autologging_utils/safety.py", line 425, in call_original_fn_with_event_logging
    original_fn_result = original_fn(*og_args, **og_kwargs)
                         ^^^^^^^^^^^^^^^^^^^^^^^^^^^^^^^^^^
  File "/databricks/python/lib/python3.12/site-packages/mlflow/utils/autologging_utils/safety.py", line 471, in _original_fn
    original_result = original(*_og_args, **_og_kwargs)
                      ^^^^^^^^^^^^^^^^^^^^^^^^^^^^^^^^^
  File "/databricks/python_shell/lib/dbruntime/MLWorkloadsInstrumentation/_sklearn.py", line 29, in patch_function
    original_result = original(self, *args, **kwargs)
                      ^^^^^^^^^^^^^^^^^^^^^^^^^^^^^^^
  File "/local_disk0/.ephemeral_nfs/cluster_libraries/python/lib/python3.12/site-packages/sklearn/base.py", line 1473, in wrapper
    return fit_method(estimator, *args, **kwargs)
           ^^^^^^^^^^^^^^^^^^^^^^^^^^^^^^^^^^^^^^
  File "/local_disk0/.ephemeral_nfs/cluster_libraries/python/lib/python3.12/site-packages/sklearn/pipeline.py", line 473, in fit
    self._final_estimator.fit(Xt, y, **last_step_params["fit"])
  File "/databricks/python/lib/python3.12/site-packages/mlflow/utils/autologging_utils/safety.py", line 483, in safe_patch_function
    patch_function(call_original, *args, **kwargs)
  File "/databricks/python/lib/python3.12/site-packages/mlflow/utils/autologging_utils/safety.py", line 182, in patch_with_managed_run
    result = patch_function(original, *args, **kwargs)
             ^^^^^^^^^^^^^^^^^^^^^^^^^^^^^^^^^^^^^^^^^
  File "/databricks/python/lib/python3.12/site-packages/mlflow/sklearn/__init__.py", line 1662, in patched_fit
    return original(self, *args, **kwargs)
           ^^^^^^^^^^^^^^^^^^^^^^^^^^^^^^^
  File "/databricks/python/lib/python3.12/site-packages/mlflow/utils/autologging_utils/safety.py", line 474, in call_original
    return call_original_fn_with_event_logging(_original_fn, og_args, og_kwargs)
           ^^^^^^^^^^^^^^^^^^^^^^^^^^^^^^^^^^^^^^^^^^^^^^^^^^^^^^^^^^^^^^^^^^^^^
  File "/databricks/python/lib/python3.12/site-packages/mlflow/utils/autologging_utils/safety.py", line 425, in call_original_fn_with_event_logging
    original_fn_result = original_fn(*og_args, **og_kwargs)
                         ^^^^^^^^^^^^^^^^^^^^^^^^^^^^^^^^^^
  File "/databricks/python/lib/python3.12/site-packages/mlflow/utils/autologging_utils/safety.py", line 471, in _original_fn
    original_result = original(*_og_args, **_og_kwargs)
                      ^^^^^^^^^^^^^^^^^^^^^^^^^^^^^^^^^
  File "/databricks/python_shell/lib/dbruntime/MLWorkloadsInstrumentation/_sklearn.py", line 29, in patch_function
    original_result = original(self, *args, **kwargs)
                      ^^^^^^^^^^^^^^^^^^^^^^^^^^^^^^^
  File "/local_disk0/.ephemeral_nfs/cluster_libraries/python/lib/python3.12/site-packages/sklearn/base.py", line 1473, in wrapper
    return fit_method(estimator, *args, **kwargs)
           ^^^^^^^^^^^^^^^^^^^^^^^^^^^^^^^^^^^^^^
  File "/local_disk0/.ephemeral_nfs/cluster_libraries/python/lib/python3.12/site-packages/sklearn/ensemble/_forest.py", line 377, in fit
    estimator._compute_missing_values_in_feature_mask(
  File "/local_disk0/.ephemeral_nfs/cluster_libraries/python/lib/python3.12/site-packages/sklearn/tree/_classes.py", line 222, in _compute_missing_values_in_feature_mask
    _assert_all_finite_element_wise(X, xp=np, allow_nan=True, **common_kwargs)
  File "/local_disk0/.ephemeral_nfs/cluster_libraries/python/lib/python3.12/site-packages/sklearn/utils/validation.py", line 172, in _assert_all_finite_element_wise
    raise ValueError(msg_err)
ValueError: Input X contains infinity or a value too large for dtype('float32').
2025-11-16 14:57:24,366 INFO mch.training: Only training specified node: Haematological malignancy
2025-11-16 14:57:24,367 INFO mch.training: Training model for node: Haematological malignancy
2025-11-16 14:57:59,819 ERROR mch.training: Error training model for Haematological malignancy
Traceback (most recent call last):
  File "/Workspace/9900-f18a-cake/mt-method2/src/mch/models/training_rf_method2.py", line 121, in train_all_models
    prepared = self._prepare_node_data(node)
               ^^^^^^^^^^^^^^^^^^^^^^^^^^^^^
  File "/Workspace/9900-f18a-cake/mt-method2/src/mch/models/training_rf_method2.py", line 386, in _prepare_node_data
    nodeData_pd = _sanitize_features_df(nodeData_pd)
                  ^^^^^^^^^^^^^^^^^^^^^^^^^^^^^^^^^^
  File "/Workspace/9900-f18a-cake/mt-method2/src/mch/models/training_rf_method2.py", line 54, in _sanitize_features_df
    arr = np.asarray(df, dtype=np.float64)
          ^^^^^^^^^^^^^^^^^^^^^^^^^^^^^^^^
  File "/local_disk0/.ephemeral_nfs/cluster_libraries/python/lib/python3.12/site-packages/pandas/core/generic.py", line 2153, in __array__
    arr = np.asarray(values, dtype=dtype)
          ^^^^^^^^^^^^^^^^^^^^^^^^^^^^^^^
ValueError: could not convert string to float: '2EQDQ4XT_T_LAEHLQTT_M'
2025-11-16 15:12:11,741 INFO mch.training: Only training specified node: Haematological malignancy
2025-11-16 15:12:11,742 INFO mch.training: Training model for node: Haematological malignancy
2025-11-16 15:12:27,511 INFO mch.training: Prefilter start: input shape=(108,600118), candidates=600117, topk=200, scan_max=5000, chunk_size=1000
2025-11-16 15:12:27,966 INFO mch.training: Prefilter progress: scanned 1000/5000 columns
2025-11-16 15:12:28,358 INFO mch.training: Prefilter progress: scanned 2000/5000 columns
2025-11-16 15:12:28,751 INFO mch.training: Prefilter progress: scanned 3000/5000 columns
2025-11-16 15:12:29,143 INFO mch.training: Prefilter progress: scanned 4000/5000 columns
2025-11-16 15:12:29,530 INFO mch.training: Prefilter progress: scanned 5000/5000 columns
2025-11-16 15:12:30,019 INFO mch.training: Prefilter done: kept 200 features
2025-11-16 15:12:30,031 WARNING mch.training: Drop rare classes (<2 samples): Histiocytosis
2025-11-16 15:12:30,036 INFO mch.training: Train/Test shapes: X_train=(85, 200), X_test=(22, 200)
2025-11-16 15:12:30,037 INFO mch.training: Using LogisticRegression as model.
2025-11-16 15:12:30,038 INFO mch.training: DM disabled
2025-11-16 15:12:30,040 INFO mch.training: Pipeline steps: ['modelGeneration']
2025-11-16 15:12:30,041 WARNING mch.training: parameter_grid is None/empty, fit pipeline without grid search
2025-11-16 15:12:37,630 INFO mch.training: Test accuracy: 0.7273, macro_f1: 0.2807, weighted_f1: 0.7273
2025-11-16 15:12:37,632 INFO mch.training: Model trained for Haematological malignancy, not saved
2025-11-16 15:26:04,252 INFO mch.training: Training model for node: Neuroblastoma
2025-11-16 15:26:22,087 INFO mch.training: Training model for node: Vascular/lymphatic anomalies
2025-11-16 15:26:28,921 INFO mch.training: Training model for node: Haematological malignancy
2025-11-16 15:26:44,389 INFO mch.training: Prefilter start: input shape=(108,600118), candidates=600117, topk=200, scan_max=20000, chunk_size=5000
2025-11-16 15:26:44,894 INFO mch.training: Prefilter progress: scanned 5000/20000 columns
2025-11-16 15:26:45,351 INFO mch.training: Prefilter progress: scanned 10000/20000 columns
2025-11-16 15:26:45,801 INFO mch.training: Prefilter progress: scanned 15000/20000 columns
2025-11-16 15:26:46,357 INFO mch.training: Prefilter progress: scanned 20000/20000 columns
2025-11-16 15:26:46,799 INFO mch.training: Prefilter done: kept 200 features
2025-11-16 15:26:46,823 WARNING mch.training: Drop rare classes (<2 samples): Histiocytosis
2025-11-16 15:26:46,828 INFO mch.training: Train/Test shapes: X_train=(85, 200), X_test=(22, 200)
2025-11-16 15:26:46,829 INFO mch.training: DM disabled
2025-11-16 15:26:46,831 INFO mch.training: Pipeline steps: ['modelGeneration']
2025-11-16 15:26:46,832 WARNING mch.training: parameter_grid is None/empty, fit pipeline without grid search
2025-11-16 15:26:59,219 INFO mch.training: Test accuracy: 0.8636, macro_f1: 0.3089, weighted_f1: 0.8004
2025-11-16 15:26:59,253 INFO mch.training: Model trained for Haematological malignancy; saved via MLflow if estimator present.
2025-11-16 15:26:59,255 INFO mch.training: Training model for node: Sarcoma
2025-11-16 15:27:14,997 INFO mch.training: Prefilter start: input shape=(80,600118), candidates=600117, topk=200, scan_max=20000, chunk_size=5000
2025-11-16 15:27:15,580 INFO mch.training: Prefilter progress: scanned 5000/20000 columns
2025-11-16 15:27:16,105 INFO mch.training: Prefilter progress: scanned 10000/20000 columns
2025-11-16 15:27:16,641 INFO mch.training: Prefilter progress: scanned 15000/20000 columns
2025-11-16 15:27:17,165 INFO mch.training: Prefilter progress: scanned 20000/20000 columns
2025-11-16 15:27:17,684 INFO mch.training: Prefilter done: kept 200 features
2025-11-16 15:27:17,698 WARNING mch.training: Drop rare classes (<2 samples): Liver tumour, Sarcoma
2025-11-16 15:27:17,703 INFO mch.training: Train/Test shapes: X_train=(63, 200), X_test=(16, 200)
2025-11-16 15:27:17,704 INFO mch.training: DM disabled
2025-11-16 15:27:17,705 INFO mch.training: Pipeline steps: ['modelGeneration']
2025-11-16 15:27:17,706 WARNING mch.training: parameter_grid is None/empty, fit pipeline without grid search
2025-11-16 15:27:31,332 INFO mch.training: Test accuracy: 0.3125, macro_f1: 0.2390, weighted_f1: 0.3026
2025-11-16 15:27:31,366 INFO mch.training: Model trained for Sarcoma; saved via MLflow if estimator present.
2025-11-16 15:27:31,367 INFO mch.training: Training model for node: Solid tumour
2025-11-16 15:27:47,484 INFO mch.training: Prefilter start: input shape=(48,600118), candidates=600117, topk=200, scan_max=20000, chunk_size=5000
2025-11-16 15:27:48,037 INFO mch.training: Prefilter progress: scanned 5000/20000 columns
2025-11-16 15:27:48,563 INFO mch.training: Prefilter progress: scanned 10000/20000 columns
2025-11-16 15:27:49,056 INFO mch.training: Prefilter progress: scanned 15000/20000 columns
2025-11-16 15:27:49,591 INFO mch.training: Prefilter progress: scanned 20000/20000 columns
2025-11-16 15:27:50,076 INFO mch.training: Prefilter done: kept 200 features
2025-11-16 15:27:50,090 INFO mch.training: Train/Test shapes: X_train=(38, 200), X_test=(10, 200)
2025-11-16 15:27:50,091 INFO mch.training: DM disabled
2025-11-16 15:27:50,092 INFO mch.training: Pipeline steps: ['modelGeneration']
2025-11-16 15:27:50,093 WARNING mch.training: parameter_grid is None/empty, fit pipeline without grid search
2025-11-16 15:28:03,851 INFO mch.training: Test accuracy: 0.1000, macro_f1: 0.0476, weighted_f1: 0.0571
2025-11-16 15:28:03,884 INFO mch.training: Model trained for Solid tumour; saved via MLflow if estimator present.
2025-11-16 15:28:03,886 INFO mch.training: Training model for node: Central nervous system
2025-11-16 15:28:20,621 INFO mch.training: Prefilter start: input shape=(129,600118), candidates=600117, topk=200, scan_max=20000, chunk_size=5000
2025-11-16 15:28:21,224 INFO mch.training: Prefilter progress: scanned 5000/20000 columns
2025-11-16 15:28:21,785 INFO mch.training: Prefilter progress: scanned 10000/20000 columns
2025-11-16 15:28:22,384 INFO mch.training: Prefilter progress: scanned 15000/20000 columns
2025-11-16 15:28:22,988 INFO mch.training: Prefilter progress: scanned 20000/20000 columns
2025-11-16 15:28:23,522 INFO mch.training: Prefilter done: kept 200 features
2025-11-16 15:28:23,536 WARNING mch.training: Drop rare classes (<2 samples): Germ cell tumour, CNS, Peripheral nerve sheath tumour, CNS
2025-11-16 15:28:23,540 INFO mch.training: Train/Test shapes: X_train=(101, 200), X_test=(26, 200)
2025-11-16 15:28:23,541 INFO mch.training: DM disabled
2025-11-16 15:28:23,542 INFO mch.training: Pipeline steps: ['modelGeneration']
2025-11-16 15:28:23,543 WARNING mch.training: parameter_grid is None/empty, fit pipeline without grid search
2025-11-16 15:28:37,833 INFO mch.training: Test accuracy: 0.1154, macro_f1: 0.0417, weighted_f1: 0.0897
2025-11-16 15:28:37,870 INFO mch.training: Model trained for Central nervous system; saved via MLflow if estimator present.
2025-11-16 15:28:37,872 INFO mch.training: Training model for node: Overgrowth syndrome
2025-11-16 15:33:46,512 INFO mch.training: Only training specified node: Olfactory neuroblastoma
2025-11-16 15:33:46,536 INFO mch.training: Only training specified node: Colorectal carcinoma
2025-11-16 15:33:46,951 INFO mch.training: Only training specified node: Medullary thyroid carcinoma
2025-11-16 15:33:46,979 INFO mch.training: Only training specified node: CIC-rearranged sarcoma, non-CNS
2025-11-16 15:33:47,002 INFO mch.training: Only training specified node: Malignant peripheral nerve sheath tumour
2025-11-16 15:44:40,673 INFO mch.training: Only training specified node: CIC-rearranged sarcoma, non-CNS
2025-11-16 15:44:40,673 INFO mch.training: Only training specified node: Olfactory neuroblastoma
2025-11-16 15:44:40,698 INFO mch.training: Only training specified node: Colorectal carcinoma
2025-11-16 15:44:40,699 INFO mch.training: Only training specified node: Malignant peripheral nerve sheath tumour
2025-11-16 15:44:40,706 INFO mch.training: Only training specified node: Medullary thyroid carcinoma
2025-11-16 15:54:01,185 INFO mch.training: Only training specified node: Haematological malignancy
2025-11-16 15:54:01,186 INFO mch.training: Training model for node: Haematological malignancy
2025-11-16 15:54:15,686 INFO mch.training: Prefilter start: input shape=(108,600118), candidates=600117, topk=200, scan_max=20000, chunk_size=5000
2025-11-16 15:54:16,484 INFO mch.training: Prefilter progress: scanned 5000/20000 columns
2025-11-16 15:54:16,898 INFO mch.training: Prefilter progress: scanned 10000/20000 columns
2025-11-16 15:54:17,316 INFO mch.training: Prefilter progress: scanned 15000/20000 columns
2025-11-16 15:54:17,732 INFO mch.training: Prefilter progress: scanned 20000/20000 columns
2025-11-16 15:54:18,157 INFO mch.training: Prefilter done: kept 200 features
2025-11-16 15:54:18,173 WARNING mch.training: Drop rare classes (<2 samples): Histiocytosis
2025-11-16 15:54:18,179 INFO mch.training: Train/Test shapes: X_train=(85, 200), X_test=(22, 200)
2025-11-16 15:54:18,180 INFO mch.training: DM disabled
2025-11-16 15:54:18,181 INFO mch.training: Pipeline steps: ['modelGeneration']
2025-11-16 15:54:18,182 WARNING mch.training: parameter_grid is None/empty, fit pipeline without grid search
2025-11-16 15:54:18,319 INFO mch.training: Test accuracy: 0.8636, macro_f1: 0.3089, weighted_f1: 0.8004
2025-11-16 15:54:18,328 INFO mch.training: Model trained for Haematological malignancy; saved via MLflow if estimator present.
2025-11-16 15:59:01,459 INFO mch.training: Only training specified node: Haematological malignancy
2025-11-16 15:59:01,460 INFO mch.training: Training model for node: Haematological malignancy
2025-11-16 15:59:16,598 INFO mch.training: Prefilter start: input shape=(108,600118), candidates=600117, topk=200, scan_max=20000, chunk_size=5000
2025-11-16 15:59:17,062 INFO mch.training: Prefilter progress: scanned 5000/20000 columns
2025-11-16 15:59:17,479 INFO mch.training: Prefilter progress: scanned 10000/20000 columns
2025-11-16 15:59:17,900 INFO mch.training: Prefilter progress: scanned 15000/20000 columns
2025-11-16 15:59:18,337 INFO mch.training: Prefilter progress: scanned 20000/20000 columns
2025-11-16 15:59:18,745 INFO mch.training: Prefilter done: kept 200 features
2025-11-16 15:59:18,757 WARNING mch.training: Drop rare classes (<2 samples): Histiocytosis
2025-11-16 15:59:18,762 INFO mch.training: Train/Test shapes: X_train=(85, 200), X_test=(22, 200)
2025-11-16 15:59:18,764 INFO mch.training: DM disabled
2025-11-16 15:59:18,765 INFO mch.training: Pipeline steps: ['modelGeneration']
2025-11-16 15:59:18,766 WARNING mch.training: parameter_grid is None/empty, fit pipeline without grid search
2025-11-16 15:59:18,903 INFO mch.training: Test accuracy: 0.8636, macro_f1: 0.3089, weighted_f1: 0.8004
2025-11-16 15:59:18,912 INFO mch.training: Model trained for Haematological malignancy; saved via MLflow if estimator present.
2025-11-16 16:01:51,625 INFO mch.training: Only training specified node: Haematological malignancy
2025-11-16 16:01:51,626 INFO mch.training: Training model for node: Haematological malignancy
2025-11-16 16:02:07,885 INFO mch.training: Prefilter start: input shape=(108,600118), candidates=600117, topk=200, scan_max=20000, chunk_size=5000
2025-11-16 16:02:08,415 INFO mch.training: Prefilter progress: scanned 5000/20000 columns
2025-11-16 16:02:08,908 INFO mch.training: Prefilter progress: scanned 10000/20000 columns
2025-11-16 16:02:09,361 INFO mch.training: Prefilter progress: scanned 15000/20000 columns
2025-11-16 16:02:09,823 INFO mch.training: Prefilter progress: scanned 20000/20000 columns
2025-11-16 16:02:10,276 INFO mch.training: Prefilter done: kept 200 features
2025-11-16 16:02:10,293 WARNING mch.training: Drop rare classes (<2 samples): Histiocytosis
2025-11-16 16:02:10,298 INFO mch.training: Train/Test shapes: X_train=(85, 200), X_test=(22, 200)
2025-11-16 16:02:10,299 INFO mch.training: DM disabled
2025-11-16 16:02:10,300 INFO mch.training: Pipeline steps: ['modelGeneration']
2025-11-16 16:02:10,301 WARNING mch.training: parameter_grid is None/empty, fit pipeline without grid search
2025-11-16 16:02:10,439 INFO mch.training: Test accuracy: 0.8636, macro_f1: 0.3089, weighted_f1: 0.8004
2025-11-16 16:02:10,448 INFO mch.training: Model trained for Haematological malignancy; saved via MLflow if estimator present.
2025-11-16 16:10:44,243 INFO mch.training: Only training specified node: Haematological malignancy
2025-11-16 16:10:44,244 INFO mch.training: Training model for node: Haematological malignancy
2025-11-16 16:10:59,815 INFO mch.training: Prefilter start: input shape=(108,600118), candidates=600117, topk=200, scan_max=20000, chunk_size=5000
2025-11-16 16:11:00,288 INFO mch.training: Prefilter progress: scanned 5000/20000 columns
2025-11-16 16:11:00,712 INFO mch.training: Prefilter progress: scanned 10000/20000 columns
2025-11-16 16:11:01,143 INFO mch.training: Prefilter progress: scanned 15000/20000 columns
2025-11-16 16:11:01,565 INFO mch.training: Prefilter progress: scanned 20000/20000 columns
2025-11-16 16:11:01,998 INFO mch.training: Prefilter done: kept 200 features
2025-11-16 16:11:02,015 WARNING mch.training: Drop rare classes (<2 samples): Histiocytosis
2025-11-16 16:11:02,021 INFO mch.training: Train/Test shapes: X_train=(85, 200), X_test=(22, 200)
2025-11-16 16:11:02,022 INFO mch.training: DM disabled
2025-11-16 16:11:02,024 INFO mch.training: Pipeline steps: ['modelGeneration']
2025-11-16 16:11:02,025 WARNING mch.training: parameter_grid is None/empty, fit pipeline without grid search
2025-11-16 16:11:02,157 INFO mch.training: Test accuracy: 0.8636, macro_f1: 0.3089, weighted_f1: 0.8004
2025-11-16 16:11:02,167 INFO mch.training: Model trained for Haematological malignancy; saved via MLflow if estimator present.
2025-11-16 16:17:22,215 INFO mch.training: Only training specified node: Medullary thyroid carcinoma
2025-11-16 16:17:22,259 INFO mch.training: Only training specified node: CIC-rearranged sarcoma, non-CNS
2025-11-16 16:17:22,347 INFO mch.training: Only training specified node: Malignant peripheral nerve sheath tumour
2025-11-16 16:17:22,363 INFO mch.training: Only training specified node: Olfactory neuroblastoma
2025-11-16 16:17:22,490 INFO mch.training: Only training specified node: Colorectal carcinoma
2025-11-16 16:24:51,822 INFO mch.training: Only training specified node: Malignant rhabdoid tumour, liver
2025-11-16 16:24:52,259 INFO mch.training: Only training specified node: Astrocytoma, IDH-mutant WHO G3
2025-11-16 16:24:52,274 INFO mch.training: Only training specified node: Adrenocortical carcinoma
2025-11-16 16:24:52,426 INFO mch.training: Only training specified node: T cell lymphoproliferative disorder
2025-11-16 16:24:52,439 INFO mch.training: Only training specified node: Medulloblastoma, SHH-activated and TP53-wildtype
2025-11-16 16:33:49,657 INFO mch.training: Only training specified node: CIC-rearranged sarcoma, non-CNS
2025-11-16 16:33:49,671 INFO mch.training: Only training specified node: Astrocytoma, IDH-mutant WHO G3
2025-11-16 16:33:49,715 INFO mch.training: Only training specified node: Colorectal carcinoma
2025-11-16 16:33:49,999 INFO mch.training: Only training specified node: Medullary thyroid carcinoma
2025-11-16 16:33:50,373 INFO mch.training: Only training specified node: Olfactory neuroblastoma
2025-11-16 16:33:54,848 INFO mch.training: Only training specified node: Medulloblastoma, SHH-activated and TP53-wildtype
2025-11-16 16:33:56,964 INFO mch.training: Only training specified node: T cell lymphoproliferative disorder
2025-11-16 16:34:00,486 INFO mch.training: Only training specified node: Malignant rhabdoid tumour, liver
2025-11-16 16:34:01,429 INFO mch.training: Only training specified node: Adrenocortical carcinoma
2025-11-16 16:34:02,083 INFO mch.training: Only training specified node: Malignant peripheral nerve sheath tumour
2025-11-16 16:38:55,241 INFO mch.training: Only training specified node: CNS embryonal tumour with PLAG-family alteration
2025-11-16 16:38:55,471 INFO mch.training: Only training specified node: Renal cell carcinoma
2025-11-16 16:38:55,471 INFO mch.training: Only training specified node: EBV-associated smooth muscle tumour
2025-11-16 16:38:55,507 INFO mch.training: Only training specified node: Pineal parenchymal tumour of intermediate differentiation, WHO G3
2025-11-16 16:38:55,553 INFO mch.training: Only training specified node: PIK3CA-related overgrowth tumour
2025-11-16 16:38:56,026 INFO mch.training: Only training specified node: Posterior fossa A ependymoma, group PFA, WHO G3
2025-11-16 16:39:09,481 INFO mch.training: Only training specified node: Clear cell sarcoma of kidney
2025-11-16 16:39:10,576 INFO mch.training: Only training specified node: Gastrointestinal stromal tumour
2025-11-16 16:39:11,058 INFO mch.training: Only training specified node: Hepatosplenic T-cell lymphoma
2025-11-16 16:39:11,113 INFO mch.training: Only training specified node: Embryonal rhabdomyosarcoma
2025-11-16 16:43:10,350 INFO mch.training: Only training specified node: Malignant rhabdoid tumour, non-renal/hepatic
2025-11-16 16:43:11,081 INFO mch.training: Only training specified node: Atypical choroid plexus papilloma
2025-11-16 16:43:11,146 INFO mch.training: Only training specified node: DICER1-associated sarcoma
2025-11-16 16:43:11,183 INFO mch.training: Only training specified node: Acute myeloid leukaemia
2025-11-16 16:43:13,400 INFO mch.training: Only training specified node: Germinoma, CNS
2025-11-16 16:43:13,636 INFO mch.training: Only training specified node: Juvenile myelomonocytic leukaemia
2025-11-16 16:43:22,915 INFO mch.training: Only training specified node: Desmoid fibromatosis
2025-11-16 16:43:23,374 INFO mch.training: Only training specified node: BCOR-rearranged sarcoma
2025-11-16 16:43:26,372 INFO mch.training: Only training specified node: Neuro-epithelial tumour with PATZ1 fusion
2025-11-16 16:43:26,769 INFO mch.training: Only training specified node: Hepatocellular malignant neoplasm, NOS
2025-11-16 16:47:46,306 INFO mch.training: Only training specified node: Oligodendroglioma, IDH-mutant and 1p/19q-codeleted, WHO G2
2025-11-16 16:47:47,040 INFO mch.training: Only training specified node: Lipoblastoma
2025-11-16 16:47:47,229 INFO mch.training: Only training specified node: Ewing sarcoma, bone or soft tissue
2025-11-16 16:47:48,815 INFO mch.training: Only training specified node: Parotid secretory carcinoma
2025-11-16 16:47:48,946 INFO mch.training: Only training specified node: Low grade fibromyxoid sarcoma
2025-11-16 16:47:49,280 INFO mch.training: Only training specified node: Desmoplastic small round cell tumour
2025-11-16 16:48:02,352 INFO mch.training: Only training specified node: CNS sarcoma, NOS
2025-11-16 16:48:02,602 INFO mch.training: Only training specified node: Rosette-forming glioneuronal tumour
2025-11-16 16:48:04,005 INFO mch.training: Only training specified node: Epidermal naevus
2025-11-16 16:48:04,496 INFO mch.training: Only training specified node: Astrocytoma, NOS WHO G2
2025-11-16 16:52:36,908 INFO mch.training: Only training specified node: Malignant melanoma
2025-11-16 16:52:37,113 INFO mch.training: Only training specified node: Therapy-related myelodysplastic syndrome
2025-11-16 16:52:37,346 INFO mch.training: Only training specified node: Mixed phenotype acute leukaemia
2025-11-16 16:52:37,594 INFO mch.training: Only training specified node: Lipoblastoma-like tumour of the vulva
2025-11-16 16:52:37,607 INFO mch.training: Only training specified node: Diffuse low grade glioma, MAPK pathway altered
2025-11-16 16:52:39,023 INFO mch.training: Only training specified node: Diffuse large B cell lymphoma
2025-11-16 16:52:54,113 INFO mch.training: Only training specified node: Spindle cell neoplasm
2025-11-16 16:52:54,310 INFO mch.training: Only training specified node: Acute promyelocytic leukaemia
2025-11-16 16:52:54,442 INFO mch.training: Only training specified node: Cutaneous non-LCH (C group)
2025-11-16 16:52:54,533 INFO mch.training: Only training specified node: Papillary tumour of the pineal region, WHO Grade unknown
2025-11-16 16:57:24,549 INFO mch.training: Only training specified node: Mixed germ cell tumour, non-CNS
2025-11-16 16:57:24,551 INFO mch.training: Only training specified node: Astrocytoma, NOS WHO G3
2025-11-16 16:57:24,701 INFO mch.training: Only training specified node: Glioblastoma, NOS
2025-11-16 16:57:24,763 INFO mch.training: Only training specified node: Thyroid C cell hyperplasia
2025-11-16 16:57:24,881 INFO mch.training: Only training specified node: Juvenile granulosa cell ovarian tumour
2025-11-16 16:57:24,894 INFO mch.training: Only training specified node: Infant-type hemispheric glioma fusion-positive
2025-11-16 16:57:39,618 INFO mch.training: Only training specified node: Hepatocellular carcinoma
2025-11-16 16:57:39,674 INFO mch.training: Only training specified node: Meningioma WHO Grade unknown
2025-11-16 16:57:39,680 INFO mch.training: Only training specified node: Papillary thyroid carcinoma
2025-11-16 16:57:39,895 INFO mch.training: Only training specified node: Primary intracranial sarcoma, DICER1-mutant
2025-11-16 17:01:59,274 INFO mch.training: Only training specified node: Follicular adenoma
2025-11-16 17:01:59,297 INFO mch.training: Only training specified node: Psammomatoid ossifying fibroma
2025-11-16 17:01:59,351 INFO mch.training: Only training specified node: B-lymphoblastic leukaemia
2025-11-16 17:01:59,352 INFO mch.training: Only training specified node: Papillary tumour of the pineal region, WHO G3
2025-11-16 17:01:59,543 INFO mch.training: Only training specified node: Pleomorphic xanthoastrocytoma WHO G3
2025-11-16 17:01:59,669 INFO mch.training: Only training specified node: CIC-rearranged sarcoma, CNS
2025-11-16 17:02:14,814 INFO mch.training: Only training specified node: Mesenchymal hamartoma of liver
2025-11-16 17:02:14,860 INFO mch.training: Only training specified node: Malignant melanoma, primary CNS
2025-11-16 17:02:14,974 INFO mch.training: Only training specified node: Yolk sac tumour, CNS
2025-11-16 17:02:15,118 INFO mch.training: Only training specified node: EWSR1-rearranged sarcoma, non-ETS fusion
2025-11-16 17:06:51,605 INFO mch.training: Only training specified node: Breast carcinoma
2025-11-16 17:06:51,619 INFO mch.training: Only training specified node: Sertoli-Leydig cell ovarian tumour
2025-11-16 17:06:52,873 INFO mch.training: Only training specified node: Hodgkin lymphoma
2025-11-16 17:06:54,364 INFO mch.training: Only training specified node: Posterior fossa B ependymoma, group PFB, WHO G2
2025-11-16 17:06:54,785 INFO mch.training: Only training specified node: Acute megakaryoblastic leukaemia
2025-11-16 17:06:56,307 INFO mch.training: Only training specified node: Myxoid pleomorphic liposarcoma
2025-11-16 17:07:01,296 INFO mch.training: Only training specified node: NTRK-rearranged sarcoma
2025-11-16 17:07:01,609 INFO mch.training: Only training specified node: Yolk sac tumour, non-CNS
2025-11-16 17:07:04,000 INFO mch.training: Only training specified node: Adrenocortical adenoma
2025-11-16 17:07:06,561 INFO mch.training: Only training specified node: Pheochromocytoma
2025-11-16 17:11:45,508 INFO mch.training: Only training specified node: Embryonal tumour with multilayered rosettes, NOS
2025-11-16 17:11:46,325 INFO mch.training: Only training specified node: Paraganglioma
2025-11-16 17:11:46,349 INFO mch.training: Only training specified node: Infantile fibrosarcoma
2025-11-16 17:11:49,673 INFO mch.training: Only training specified node: Medulloblastoma, histologically defined
2025-11-16 17:11:50,540 INFO mch.training: Only training specified node: Burkitt leukaemia
2025-11-16 17:11:50,936 INFO mch.training: Only training specified node: Pancreatic acinar cell carcinoma
2025-11-16 17:11:56,159 INFO mch.training: Only training specified node: Medulloblastoma, non-WNT/non-SHH
2025-11-16 17:11:58,483 INFO mch.training: Only training specified node: Astrocytoma, IDH-mutant WHO G2
2025-11-16 17:12:03,206 INFO mch.training: Only training specified node: Central neurocytoma
2025-11-16 17:12:03,480 INFO mch.training: Only training specified node: Acute undifferentiated leukaemia
2025-11-16 17:16:45,404 INFO mch.training: Only training specified node: Diffuse leptomeningeal glioneuronal tumour
2025-11-16 17:16:45,511 INFO mch.training: Only training specified node: Cystic nephroma
2025-11-16 17:16:45,566 INFO mch.training: Only training specified node: Ewing sarcoma, soft tissue
2025-11-16 17:16:45,620 INFO mch.training: Only training specified node: Glioneuronal tumour, NOS, low grade
2025-11-16 17:16:45,621 INFO mch.training: Only training specified node: Astroblastoma, MN1-altered
2025-11-16 17:16:49,761 INFO mch.training: Only training specified node: Medulloblastoma, SHH-activated and TP53-mutant
2025-11-16 17:16:56,900 INFO mch.training: Only training specified node: Pineoblastoma, MYC/FOXR2-activated
2025-11-16 17:17:01,119 INFO mch.training: Only training specified node: Neurofibroma
2025-11-16 17:17:01,532 INFO mch.training: Only training specified node: Poorly-differentiated thyroid carcinoma
2025-11-16 17:17:01,732 INFO mch.training: Only training specified node: Mixed germ cell-sex cord-stromal tumour, unclassified
2025-11-16 17:21:51,310 INFO mch.training: Only training specified node: Undifferentiated sarcoma
2025-11-16 17:21:51,538 INFO mch.training: Only training specified node: Subependymal giant cell astrocytoma
2025-11-16 17:21:51,582 INFO mch.training: Only training specified node: Astroblastoma, not elsewhere classified
2025-11-16 17:21:51,583 INFO mch.training: Only training specified node: Meningioma WHO G1
2025-11-16 17:21:51,672 INFO mch.training: Only training specified node: CNS embryonal tumour with BCOR internal tandem duplication
2025-11-16 17:21:51,713 INFO mch.training: Only training specified node: Astrocytoma, IDH-mutant WHO G4
2025-11-16 17:22:07,029 INFO mch.training: Only training specified node: Pleomorphic xanthoastrocytoma WHO Grade unknown
2025-11-16 17:22:07,453 INFO mch.training: Only training specified node: Schwannoma
2025-11-16 17:22:07,467 INFO mch.training: Only training specified node: Solitary fibrous tumour
2025-11-16 17:22:07,507 INFO mch.training: Only training specified node: Immature teratoma, non-CNS
2025-11-16 17:25:54,230 INFO mch.training: Only training specified node: Diffuse midline glioma, H3 K27-altered, H3 K27M mutation
2025-11-16 17:25:54,588 INFO mch.training: Only training specified node: Adenosarcoma with sarcomatous overgrowth
2025-11-16 17:25:54,790 INFO mch.training: Only training specified node: Peripheral T-cell lymphoma
2025-11-16 17:25:54,801 INFO mch.training: Only training specified node: Therapy-related acute myeloid leukaemia
2025-11-16 17:25:55,015 INFO mch.training: Only training specified node: Malignant melanotic nerve sheath tumour
2025-11-16 17:25:57,142 INFO mch.training: Only training specified node: Calcifying aponeurotic fibroma
2025-11-16 17:26:05,033 INFO mch.training: Only training specified node: Myelodysplastic syndrome
2025-11-16 17:26:09,678 INFO mch.training: Only training specified node: Diffuse glioneuronal tumour with oligodendroglioma-like features and nuclear clusters
2025-11-16 17:26:09,828 INFO mch.training: Only training specified node: Aneurysmal bone cyst
2025-11-16 17:26:10,003 INFO mch.training: Only training specified node: High-grade B-cell lymphoma with 11q aberration
2025-11-16 17:27:38,303 INFO mch.training: Only training specified node: Gastrointestinal neuroectodermal tumour
2025-11-16 17:27:40,466 INFO mch.training: Only training specified node: Ganglioglioma
2025-11-16 17:27:42,921 INFO mch.training: Only training specified node: Malignant melanotic neuroectodermal tumour of infancy
2025-11-16 17:27:50,217 INFO mch.training: Only training specified node: Myeloid sarcoma
2025-11-16 17:27:52,689 INFO mch.training: Only training specified node: NUTM1-rearranged neoplasm
2025-11-16 17:27:53,180 INFO mch.training: Only training specified node: CNS neuroblastoma, FOXR2-activated
2025-11-16 17:27:54,842 INFO mch.training: Only training specified node: T-lymphoblastic leukaemia
2025-11-16 17:27:59,978 INFO mch.training: Only training specified node: Diffuse high grade glioma, H3-wildtype and IDH-wildtype
2025-11-16 17:28:01,979 INFO mch.training: Only training specified node: Glioneuronal tumour, NOS, high grade
2025-11-16 17:28:05,776 INFO mch.training: Only training specified node: Desmoplastic infantile ganglioglioma and astrocytoma
2025-11-16 17:32:25,144 INFO mch.training: Only training specified node: Pleuropulmonary blastoma
2025-11-16 17:32:26,257 INFO mch.training: Only training specified node: Ewing sarcoma, bone
2025-11-16 17:32:28,483 INFO mch.training: Only training specified node: Primary diffuse large B-cell lymphoma of the CNS
2025-11-16 17:32:29,307 INFO mch.training: Only training specified node: Diffuse hemispheric glioma, H3 G34-mutant
2025-11-16 17:32:29,799 INFO mch.training: Only training specified node: Choroid plexus carcinoma, TP53-wildtype
2025-11-16 17:32:30,035 INFO mch.training: Only training specified node: Langerhans cell histiocytosis
2025-11-16 17:32:32,171 INFO mch.training: Only training specified node: Angiocentric glioma
2025-11-16 17:32:36,058 INFO mch.training: Only training specified node: Follicular thyroid carcinoma
2025-11-16 17:32:37,528 INFO mch.training: Only training specified node: Embryonal sarcoma of the liver
2025-11-16 17:32:41,959 INFO mch.training: Only training specified node: Chordoma
2025-11-16 17:34:16,899 INFO mch.training: Only training specified node: Juvenile nasopharyngeal angiofibroma
2025-11-16 17:34:17,340 INFO mch.training: Only training specified node: Glioblastoma, IDH wild-type
2025-11-16 17:34:18,555 INFO mch.training: Only training specified node: Wilms tumour
2025-11-16 17:34:19,654 INFO mch.training: Only training specified node: Astrocytoma, IDH-mutant WHO grade unknown
2025-11-16 17:34:19,880 INFO mch.training: Only training specified node: Parafibromin deficient parathyroid tumour
2025-11-16 17:34:25,401 INFO mch.training: Only training specified node: Myxopapillary ependymoma
2025-11-16 17:34:29,631 INFO mch.training: Only training specified node: Intracranial mesenchymal tumour, FET-CREB fusion-positive
2025-11-16 17:34:30,586 INFO mch.training: Only training specified node: Lipofibromatosis
2025-11-16 17:34:31,414 INFO mch.training: Only training specified node: Nodular fasciitis
2025-11-16 17:34:38,283 INFO mch.training: Only training specified node: Myoepithelial tumour
2025-11-16 17:36:03,147 INFO mch.training: Only training specified node: Retinoblastoma
2025-11-16 17:36:05,065 INFO mch.training: Only training specified node: Embryonal carcinoma, CNS
2025-11-16 17:36:05,081 INFO mch.training: Only training specified node: B-lymphoblastic lymphoma
2025-11-16 17:36:05,430 INFO mch.training: Only training specified node: Pineoblastoma, miRNA processing-altered_1
2025-11-16 17:36:11,625 INFO mch.training: Only training specified node: Spitz melanocytoma
2025-11-16 17:36:19,484 INFO mch.training: Only training specified node: Chronic myeloid leukaemia
2025-11-16 17:36:23,973 INFO mch.training: Only training specified node: Mature teratoma, non-CNS
2025-11-16 17:36:24,505 INFO mch.training: Only training specified node: Pilocytic astrocytoma
2025-11-16 17:36:29,925 INFO mch.training: Only training specified node: Pineoblastoma, RB1-altered
2025-11-16 17:36:30,554 INFO mch.training: Only training specified node: Fibrocartilaginous mesenchymoma
2025-11-16 17:41:04,420 INFO mch.training: Only training specified node: CNS embryonal tumour, NOS
2025-11-16 17:41:04,620 INFO mch.training: Only training specified node: Supratentorial ependymoma, ZFTA fusion-positive, WHO Grade unknown
2025-11-16 17:41:04,638 INFO mch.training: Only training specified node: Adamantinomatous craniopharyngioma
2025-11-16 17:41:04,640 INFO mch.training: Only training specified node: Vestibular schwannoma
2025-11-16 17:41:04,770 INFO mch.training: Only training specified node: Myxoid glioneuronal tumour
2025-11-16 17:41:08,021 INFO mch.training: Only training specified node: Nasopharyngeal carcinoma
2025-11-16 17:41:14,977 INFO mch.training: Only training specified node: Teratoma with somatic-type malignancy, non-CNS
2025-11-16 17:41:19,813 INFO mch.training: Only training specified node: Hepatoblastoma
2025-11-16 17:41:20,153 INFO mch.training: Only training specified node: Pituitary adenoma
2025-11-16 17:41:20,620 INFO mch.training: Only training specified node: Angiosarcoma
